{"type":"FeatureCollection","features":[{"type":"Feature","properties":{"code":"SJ","name":"Svalbard","country_code":"SJ","country":"Svalbard","region":null,"level":"country"},"geometry":{"type":"MultiPolygon","coordinates":[[[[19.2,74.4],[19.1,74.3],[18.8,74.5],[19.3,74.5],[19.2,74.4]]],[[[25,76.5],[24.9,76.4],[25.4,76.7],[25.6,76.7],[25,76.5]]],[[[23.3,78.2],[23.5,78.2],[23.1,78],[24.9,77.7],[22.6,77.3],[22.4,77.3],[22.4,77.4],[22.8,77.5],[20.9,77.5],[21.6,77.9],[20.9,78.1],[23.3,78.2]]],[[[21.5,78.6],[22,78.6],[22.2,78.5],[22.3,78.3],[20.7,78.2],[20.8,78.3],[20.5,78.3],[20.7,78.4],[20.1,78.5],[21.5,78.6]]],[[[26.8,78.7],[27,78.7],[26.7,78.6],[26.4,78.8],[26.8,78.7]]],[[[11.3,78.6],[11.8,78.4],[12.2,78.2],[11.1,78.5],[10.5,78.9],[11,78.8],[11.3,78.6]]],[[[29,78.9],[29.7,78.9],[28,78.9],[28.4,79],[29,78.9]]],[[[20.8,79.1],[20.3,79],[20,79],[20.2,79.1],[20.8,79.1]]],[[[20.1,79.4],[20.2,79.3],[19.6,79.4],[19.8,79.4],[20.1,79.4]]],[[[10.9,79.7],[10.8,79.7],[10.7,79.7],[11.1,79.7],[10.9,79.7]]],[[[11,79.7],[11,79.7],[10.6,79.7],[10.8,79.8],[11,79.7]]],[[[16.8,79.9],[17.3,79.9],[18.1,79.7],[17.6,79.4],[18.4,79.6],[18.9,79.5],[18.9,79.2],[19.7,79.2],[19.9,79],[21.5,78.8],[19,78.5],[19.1,78.1],[18.4,78],[18.3,77.5],[17.7,77.5],[17.3,77.1],[17.1,77],[17.3,76.9],[16.9,76.8],[17.2,76.7],[16.6,76.6],[15.5,76.9],[16.5,77],[14.5,77.2],[13.9,77.5],[16.2,77.4],[14.7,77.7],[16.8,77.8],[17,77.9],[14,77.7],[13.8,77.7],[13.6,78.1],[14.4,78],[14.2,78.1],[17.3,78.4],[16.3,78.5],[16.8,78.7],[15.5,78.5],[15.2,78.6],[15.4,78.6],[15.4,78.8],[15,78.6],[14.5,78.7],[14.4,78.5],[14.7,78.4],[13,78.2],[12.4,78.5],[13.2,78.5],[11.9,78.6],[11.6,78.7],[11.9,78.8],[11.3,79],[12.5,78.9],[11.8,79.1],[12.1,79.3],[11.6,79.3],[11.7,79.2],[11.2,79.1],[10.7,79.5],[11.2,79.6],[10.9,79.6],[11.4,79.6],[11.2,79.8],[11.7,79.8],[12.3,79.7],[12.2,79.8],[13.8,79.9],[14,79.8],[12.4,79.6],[13.5,79.6],[13.3,79.5],[14.1,79.3],[14.2,79.3],[13.9,79.5],[14.6,79.8],[15.3,79.6],[15.8,79.2],[15.7,79.1],[16.4,78.9],[15.6,79.8],[16.1,79.9],[16,79.9],[16.3,80.1],[16.8,79.9]]],[[[27.8,80.1],[27.7,80.1],[28.1,80.1],[28,80.1],[27.8,80.1]]],[[[32.4,80.1],[31.4,80.1],[33.6,80.2],[33.5,80.2],[32.4,80.1]]],[[[18.6,80.2],[18.5,80.2],[18.1,80.3],[18.8,80.3],[18.6,80.2]]],[[[24.3,80.4],[24.2,80.4],[24.1,80.4],[24.2,80.5],[24.3,80.4]]],[[[20,80.5],[20.9,80.2],[21.8,80.3],[21.6,80.1],[22.2,80],[22.6,80.3],[22.4,80.4],[22.7,80.3],[22.9,80.5],[23.4,80.4],[23.1,80.4],[23.3,80.3],[23,80.2],[23.1,80.1],[24.8,80.4],[24.8,80.2],[27.2,80.1],[27.1,80],[27.2,79.9],[25.8,79.6],[26,79.5],[25.7,79.4],[23.5,79.2],[22.7,79.3],[22.8,79.4],[20.9,79.4],[19.6,79.6],[21.1,79.6],[20.5,79.7],[21.8,79.7],[22.3,79.8],[18.8,79.7],[18.2,79.9],[18.8,80],[17.8,80.1],[19.3,80.1],[19.6,80.1],[19,80.3],[19.8,80.2],[19.9,80.4],[19.5,80.5],[20,80.5]]],[[[20,80.5],[19.9,80.5],[19.8,80.5],[20.1,80.5],[20,80.5]]],[[[21.3,80.7],[21.1,80.6],[21,80.7],[21.2,80.7],[21.3,80.7]]],[[[20.8,80.7],[21,80.7],[20.8,80.7],[20.5,80.8],[20.8,80.7]]]]}},{"type":"Feature","properties":{"code":"GL","name":"Greenland","country_code":"GL","country":"Greenland","region":null,"level":"country"},"geometry":{"type":"MultiPolygon","coordinates":[[[[-43.6,59.8],[-43.9,59.8],[-44.1,59.8],[-44,60],[-43.6,59.8]]],[[[-44.2,59.9],[-44.4,59.9],[-44,60],[-44.1,59.9],[-44.2,59.9]]],[[[-43.4,59.9],[-43.5,59.9],[-43.5,60],[-43.3,60],[-43.4,59.9]]],[[[-44.3,60],[-44.5,60],[-44.4,60.1],[-44.2,60.1],[-44.3,60]]],[[[-44.1,60],[-44.2,60],[-44.2,60.2],[-44,60],[-44.1,60]]],[[[-43.4,60.1],[-43.1,60],[-43.6,60.1],[-43.6,59.9],[-44.1,60.1],[-43.4,60.1]]],[[[-45.4,60.2],[-45.3,60.4],[-45.2,60.4],[-45.2,60.3],[-45.4,60.2]]],[[[-46,60.6],[-46,60.7],[-45.8,60.7],[-45.8,60.6],[-46,60.6]]],[[[-46.1,60.6],[-46.2,60.7],[-46,60.7],[-45.9,60.7],[-46,60.7],[-46.1,60.6]]],[[[-46.3,60.7],[-46.4,60.7],[-46.5,60.7],[-46.3,60.8],[-46.3,60.7]]],[[[-47.8,60.8],[-47.7,60.8],[-47.9,60.7],[-48.2,60.8],[-47.8,60.8]]],[[[-42.7,60.9],[-42.8,60.9],[-42.9,60.9],[-42.6,60.9],[-42.7,60.9]]],[[[-46.6,60.8],[-46.8,60.8],[-46.2,60.9],[-46.2,60.9],[-46.6,60.8]]],[[[-48.1,61.1],[-48.3,61.1],[-48.4,61.1],[-48.2,61.1],[-48.1,61.1]]],[[[-48.6,61.3],[-48.7,61.3],[-48.8,61.3],[-48.5,61.4],[-48.6,61.3]]],[[[-42.1,61.8],[-42.3,61.8],[-42.3,61.8],[-42.1,61.9],[-42.1,61.8]]],[[[-49.4,61.9],[-49.6,61.9],[-49.6,61.9],[-49.4,61.9],[-49.4,61.9]]],[[[-42.3,62.6],[-42.1,62.6],[-42.1,62.5],[-42.3,62.5],[-42.3,62.6]]],[[[-42,62.8],[-41.9,62.7],[-42.4,62.8],[-42.3,62.8],[-42,62.8]]],[[[-41.6,62.9],[-41.6,63],[-41.5,63],[-41.5,62.9],[-41.6,62.9]]],[[[-41.3,63.1],[-41.5,63],[-41.5,63.1],[-41.4,63.1],[-41.3,63.1]]],[[[-50.8,63.1],[-50.8,63.2],[-50.7,63.1],[-50.7,63.1],[-50.8,63.1]]],[[[-50.5,63.1],[-50.6,63.1],[-50.7,63.1],[-50.6,63.2],[-50.5,63.1]]],[[[-41.2,63.2],[-41.2,63.1],[-41.5,63.2],[-41.4,63.2],[-41.2,63.2]]],[[[-41.1,63.2],[-41.4,63.2],[-41.9,63.5],[-41.7,63.5],[-41.6,63.4],[-41.2,63.3],[-41.1,63.2]]],[[[-40.7,64.3],[-40.7,64.2],[-41.1,64.2],[-40.9,64.3],[-40.7,64.3]]],[[[-41.1,64.3],[-41.2,64.3],[-41.4,64.3],[-41.3,64.3],[-41.1,64.3]]],[[[-51.6,64.3],[-51.4,64.4],[-51.3,64.3],[-51.4,64.3],[-51.6,64.3]]],[[[-51.2,64.2],[-51.3,64.3],[-51,64.5],[-50.8,64.5],[-51.2,64.2]]],[[[-51.3,64.4],[-51.4,64.4],[-51.1,64.6],[-51.2,64.4],[-51.3,64.4]]],[[[-40.2,64.4],[-40.5,64.5],[-40.6,64.7],[-40.9,64.9],[-40.5,64.8],[-40.2,64.4]]],[[[-39.5,65.3],[-39.6,65.3],[-39.8,65.3],[-39.7,65.4],[-39.5,65.3]]],[[[-52.9,65.4],[-53,65.4],[-53.1,65.5],[-52.9,65.5],[-52.9,65.4]]],[[[-53,65.5],[-53.2,65.6],[-53.2,65.6],[-52.8,65.6],[-53,65.5]]],[[[-37,65.6],[-37.1,65.6],[-37.2,65.7],[-37,65.7],[-37,65.6]]],[[[-36.8,65.8],[-36.8,65.7],[-36.9,65.8],[-36.8,65.9],[-36.8,65.8]]],[[[-37.4,65.8],[-37.3,65.8],[-37.5,65.8],[-37.3,65.7],[-37.5,65.6],[-37.9,65.6],[-38,65.7],[-37.7,65.9],[-37.4,65.8]]],[[[-36.3,65.8],[-36.4,65.9],[-36.2,65.9],[-36.2,65.9],[-36.3,65.8]]],[[[-36.6,65.8],[-36.7,65.9],[-36.5,66],[-36.5,65.9],[-36.6,65.8]]],[[[-53.5,66],[-53.6,66],[-53.7,66.1],[-53.4,66.1],[-53.5,66]]],[[[-53.1,66.9],[-53.2,66.8],[-53.5,66.8],[-53.3,66.9],[-52.9,66.9],[-53.1,66.9]]],[[[-53.7,67.7],[-53.8,67.7],[-53.8,67.8],[-53.6,67.7],[-53.7,67.7]]],[[[-53.3,68],[-53.4,68],[-53.5,68.1],[-53.2,68.1],[-53.3,68]]],[[[-51.3,68.1],[-51.9,68.1],[-52,68.1],[-51.2,68.1],[-51.3,68.1]]],[[[-31.8,68.2],[-31.9,68.2],[-32,68.2],[-31.7,68.2],[-31.8,68.2],[-31.7,68.2],[-31.8,68.2]]],[[[-29.8,68.1],[-30,68.2],[-30,68.2],[-29.7,68.2],[-29.8,68.1]]],[[[-52.1,68.1],[-52.3,68.2],[-51.5,68.3],[-51.5,68.2],[-52.1,68.1]]],[[[-53,68.4],[-53.1,68.4],[-53.2,68.4],[-52.9,68.4],[-53,68.4]]],[[[-51.9,68.6],[-52,68.6],[-52.4,68.6],[-51.8,68.6],[-51.9,68.6]]],[[[-52.1,68.7],[-52.3,68.6],[-53.1,68.6],[-52.6,68.7],[-52.1,68.7]]],[[[-23.3,69.6],[-23.5,69.7],[-23.6,69.7],[-23.3,69.7],[-23.3,69.6]]],[[[-50.9,69.9],[-50.7,69.8],[-51,69.7],[-51,69.6],[-51.2,69.5],[-51.4,69.7],[-51,69.9],[-51.4,69.9],[-51.2,69.9],[-50.9,69.9]]],[[[-52.7,69.9],[-52,69.8],[-51.9,69.7],[-52,69.7],[-51.8,69.6],[-53.6,69.2],[-54.3,69.4],[-53.4,69.4],[-53.6,69.5],[-53.4,69.6],[-53.8,69.5],[-54,69.5],[-53.9,69.6],[-55,69.7],[-54.4,69.7],[-54.9,69.8],[-54.8,70],[-54.2,69.9],[-54.8,70.1],[-54.8,70.2],[-54.4,70.3],[-53.3,70.2],[-52.7,69.9]]],[[[-54.7,70.4],[-54.9,70.4],[-55,70.5],[-54.7,70.4],[-54.7,70.4]]],[[[-26.2,70.4],[-26.4,70.5],[-26.4,70.5],[-26.1,70.5],[-26.2,70.4]]],[[[-51.2,70.5],[-51.4,70.5],[-51.7,70.6],[-51.5,70.6],[-51.2,70.5]]],[[[-51.5,70.7],[-51.7,70.7],[-51.9,70.7],[-51.7,70.7],[-51.5,70.7]]],[[[-27.3,70.9],[-27.4,70.8],[-27.8,70.7],[-27.7,70.9],[-27.3,70.9]]],[[[-51.6,70.9],[-51.7,70.8],[-52.2,70.9],[-52,71],[-51.6,70.9]]],[[[-25.4,70.9],[-25.3,70.7],[-26,70.5],[-26.2,70.6],[-28.1,70.4],[-27.1,70.9],[-26.3,70.9],[-25.7,71.1],[-25.4,70.9]]],[[[-25.3,71],[-25.4,71],[-25.6,71.1],[-25.5,71.1],[-25.3,71]]],[[[-53.6,71],[-53.9,71.1],[-54,71.1],[-53.6,71.3],[-53.4,71.1],[-53.6,71]]],[[[-52.6,71.3],[-52.3,71.3],[-52.9,71.1],[-53.2,71.3],[-52.6,71.3]]],[[[-53.1,71.7],[-52.9,71.7],[-52.8,71.7],[-53.2,71.5],[-53.5,71.7],[-53.1,71.7]]],[[[-55.6,71.8],[-55.7,71.8],[-55.8,71.9],[-55.4,71.9],[-55.6,71.8]]],[[[-55.4,72.2],[-55.7,72.2],[-55,72.4],[-55,72.3],[-55.4,72.2]]],[[[-55.1,72.5],[-55.2,72.5],[-55.4,72.5],[-55,72.6],[-55.1,72.5]]],[[[-55.1,72.6],[-55.3,72.6],[-54.9,72.7],[-55,72.7],[-55.1,72.6]]],[[[-54.8,72.7],[-55,72.7],[-55.1,72.7],[-54.9,72.8],[-54.8,72.7]]],[[[-55.7,72.7],[-56,72.7],[-56.2,72.7],[-55.6,72.8],[-55.7,72.7]]],[[[-55.3,72.7],[-55.5,72.6],[-55.8,72.6],[-55,72.8],[-55.3,72.7]]],[[[-23.6,72.8],[-23.1,72.8],[-21.9,72.4],[-22.8,72.4],[-22.1,72.3],[-22.2,72.1],[-22.6,72.1],[-24.3,72.6],[-24.5,72.8],[-23.6,72.8]]],[[[-55.6,72.9],[-55.5,72.9],[-55.4,72.8],[-55.5,72.8],[-55.6,72.9]]],[[[-24.9,72.8],[-25.2,72.8],[-25.2,72.9],[-24.8,72.9],[-24.9,72.8]]],[[[-55.1,73],[-55.3,72.9],[-55.7,73],[-55.5,73],[-55.1,73]]],[[[-22.5,73],[-21.9,72.9],[-22.2,72.8],[-21.9,72.7],[-22.5,72.7],[-23.1,72.9],[-24.6,73],[-22.5,73]]],[[[-56.1,73.1],[-56,73.2],[-55.8,73.2],[-56,73.1],[-56.1,73.1]]],[[[-55.7,73.3],[-55.8,73.3],[-55.9,73.3],[-55.7,73.4],[-55.7,73.3]]],[[[-56,73.3],[-56.1,73.3],[-56.2,73.3],[-55.8,73.4],[-56,73.3]]],[[[-55.5,73.3],[-55.6,73.3],[-55.3,73.4],[-55.4,73.4],[-55.5,73.3]]],[[[-24.4,73.4],[-23.2,73.2],[-23.7,73.2],[-24.2,73.3],[-24.9,73.3],[-25,73.3],[-22.9,73.1],[-24.4,73],[-25.7,73.2],[-25.2,73.4],[-24.4,73.4]]],[[[-55.8,73.4],[-55.8,73.4],[-56.1,73.5],[-55.8,73.5],[-55.8,73.4]]],[[[-55.6,73.4],[-55.8,73.4],[-55.7,73.5],[-56.1,73.6],[-55.9,73.6],[-55.5,73.4],[-55.6,73.4]]],[[[-56.4,73.5],[-56.6,73.6],[-56.2,73.6],[-56.3,73.6],[-56.4,73.5]]],[[[-56.3,73.7],[-56.8,73.6],[-57,73.7],[-56.4,73.7],[-56.3,73.7]]],[[[-56,73.8],[-56.3,73.8],[-56.8,73.9],[-56.6,73.9],[-56,73.8]]],[[[-20.9,74.4],[-20.1,74.2],[-21.2,74.1],[-22,74.2],[-21.6,74.4],[-20.9,74.4]]],[[[-56.5,74.5],[-56.5,74.5],[-57.6,74.5],[-56.7,74.6],[-56.5,74.5]]],[[[-57,74.6],[-57.1,74.6],[-56.8,74.6],[-56.9,74.6],[-57,74.6]]],[[[-18.8,74.5],[-19.2,74.6],[-19.2,74.6],[-18.8,74.7],[-18.8,74.5]]],[[[-18.5,74.7],[-18.5,74.7],[-18.3,74.7],[-18.4,74.6],[-18.5,74.7]]],[[[-20.2,74.9],[-19.7,74.9],[-20.1,74.7],[-20.7,74.8],[-20.5,75],[-20,75],[-20.2,74.9]]],[[[-17.8,75.3],[-18.2,75.2],[-17.3,75.1],[-17.6,74.9],[-18.9,75],[-18.8,75.3],[-18.1,75.4],[-17.8,75.3]]],[[[-20,76],[-20.4,75.9],[-20.4,75.9],[-20.1,76],[-20,76]]],[[[-65,76],[-65.1,76],[-65.2,76],[-65,76.1],[-65,76]]],[[[-20.3,76.3],[-20.4,76.3],[-20.7,76.3],[-20.2,76.3],[-20.3,76.3]]],[[[-20.8,76.3],[-20.5,76.3],[-20.4,76.3],[-21.1,76.4],[-20.8,76.3]]],[[[-20.1,76.4],[-20.1,76.4],[-20.6,76.4],[-20.2,76.4],[-20.1,76.4]]],[[[-70,76.4],[-70.2,76.4],[-70.2,76.4],[-69.9,76.4],[-70,76.4]]],[[[-20.8,76.4],[-20.9,76.4],[-21.1,76.4],[-20.7,76.5],[-20.8,76.4]]],[[[-69.7,76.5],[-70,76.5],[-70,76.6],[-69.5,76.6],[-69.7,76.5]]],[[[-21.1,76.6],[-21.4,76.6],[-21.5,76.6],[-21,76.6],[-21.1,76.6]]],[[[-19.6,76.7],[-19.7,76.7],[-19.9,76.7],[-19.6,76.7],[-19.6,76.7]]],[[[-18.7,76.6],[-18.5,76],[-18.6,75.9],[-19.1,76.5],[-18.8,76.6],[-19,76.8],[-18.7,76.6]]],[[[-19.7,76.8],[-19.8,76.8],[-19.8,76.8],[-19.6,76.8],[-19.7,76.8]]],[[[-71.9,77.3],[-72.1,77.3],[-72.6,77.4],[-71.3,77.4],[-71.9,77.3]]],[[[-70.7,77.5],[-70.1,77.4],[-71.3,77.5],[-71.1,77.5],[-70.7,77.5]]],[[[-66.2,77.5],[-66.3,77.5],[-66.7,77.5],[-66.3,77.5],[-66.2,77.5]]],[[[-19.8,77.5],[-19.9,77.5],[-20,77.6],[-19.8,77.6],[-19.8,77.5]]],[[[-20.1,77.7],[-20,77.6],[-20.4,77.6],[-20.1,77.7],[-20.1,77.7]]],[[[-18,77.7],[-18.2,77.7],[-17.9,77.9],[-17.6,77.8],[-18,77.7]]],[[[-19.9,78],[-20.1,78],[-19.2,77.8],[-20.5,78],[-19.9,78]]],[[[-21.3,77.9],[-21.4,77.9],[-21.1,78],[-21.2,78],[-21.3,77.9]]],[[[-19,78.1],[-19.2,78.1],[-18.8,78.2],[-18.9,78.1],[-19,78.1]]],[[[-20.5,78.2],[-20.6,78.2],[-20.8,78.2],[-20.3,78.2],[-20.5,78.2]]],[[[-19.2,78.2],[-19.4,78.3],[-18.9,78.3],[-18.9,78.3],[-19.2,78.2]]],[[[-19.6,78.3],[-19.7,78.4],[-19.5,78.3],[-19.5,78.3],[-19.6,78.3]]],[[[-19.3,78.3],[-19.4,78.4],[-19.1,78.4],[-19.2,78.3],[-19.3,78.3]]],[[[-18.6,78.6],[-18.7,78.6],[-18.3,78.7],[-18.3,78.7],[-18.6,78.6]]],[[[-18.2,78.8],[-18.3,78.9],[-18.1,78.8],[-18.1,78.8],[-18.2,78.8]]],[[[-19.3,78.8],[-19.2,78.8],[-19.8,78.8],[-19.2,78.9],[-19.3,78.8]]],[[[-18,79],[-18.1,79.1],[-17.8,79.2],[-17.6,79.2],[-18,79]]],[[[-19.4,79.1],[-19.4,79.1],[-19.5,79.2],[-19.3,79.2],[-19.4,79.1]]],[[[-19.9,80.1],[-20,80.1],[-19.8,80.2],[-19,80.2],[-19.9,80.1]]],[[[-66.6,80.6],[-66.8,80.6],[-66.9,80.7],[-66.5,80.6],[-66.6,80.6]]],[[[-20.6,81.7],[-20.5,81.7],[-20.2,81.7],[-20.9,81.6],[-20.8,81.7],[-21,81.7],[-20.6,81.7]]],[[[-18.6,81.6],[-19.2,81.7],[-19.2,81.8],[-18.3,81.7],[-18.6,81.6]]],[[[-19.8,81.9],[-20.2,81.9],[-20.8,82.1],[-20.3,82.1],[-19.8,81.9]]],[[[-18.9,82],[-19,82],[-19.4,82.2],[-18.8,82],[-18.9,82]]],[[[-51.9,82.2],[-52.2,82.2],[-52.3,82.3],[-51.8,82.2],[-51.9,82.2]]],[[[-51.5,82],[-53.2,82.1],[-53.4,82.2],[-52.8,82.3],[-51.2,82],[-51.5,82]]],[[[-48.2,82.4],[-48.4,82.5],[-48.9,82.5],[-48,82.5],[-48.2,82.4]]],[[[-46,82.6],[-44.4,82.4],[-45.1,82.2],[-44.7,82.1],[-45.1,82.1],[-47.7,82.6],[-46,82.6]]],[[[-47.6,82.8],[-48.3,82.8],[-48.4,82.8],[-47.4,82.8],[-47.6,82.8]]],[[[-46.4,82.8],[-46.8,82.8],[-47.3,82.9],[-46.4,82.8],[-46.4,82.8]]],[[[-39.6,83],[-40.4,83.1],[-40.5,83.1],[-39.3,83.1],[-39.6,83]]],[[[-39.9,83],[-40.6,83],[-41.5,83.2],[-40.8,83.2],[-39.9,83]]],[[[-38.3,83.1],[-38.6,83.1],[-38.7,83.2],[-38,83.2],[-38.3,83.1]]],[[[-41,83.2],[-41.5,83.2],[-41.6,83.2],[-41,83.2],[-41,83.2]]],[[[-42.1,83.2],[-42.4,83.2],[-42.4,83.3],[-42,83.3],[-42.1,83.2]]],[[[-41.2,83.3],[-41.6,83.3],[-41.7,83.3],[-41.5,83.3],[-41.2,83.3]]],[[[-39.6,83.3],[-38.6,83.1],[-40.7,83.3],[-40.5,83.4],[-39.6,83.3]]],[[[-38.9,83.3],[-39.2,83.3],[-39.6,83.3],[-39.2,83.4],[-38.9,83.3]]],[[[-32.3,83.6],[-30.2,83.6],[-25.7,83.3],[-27,83.1],[-30,83.2],[-31.9,83.1],[-33.4,83.2],[-32.5,83],[-35.6,82.9],[-35.3,82.9],[-35.6,82.8],[-35.4,82.7],[-34.9,82.9],[-33.9,82.9],[-33.9,82.8],[-33.5,82.9],[-31.6,82.9],[-30.1,83.1],[-28.2,83],[-25.1,83.2],[-24.8,83],[-25.9,82.8],[-24,82.9],[-23.8,82.9],[-24,82.8],[-23.4,82.8],[-21.3,82.6],[-22.5,82.3],[-25.1,82.2],[-31.6,82.2],[-29.9,82.1],[-33.1,81.8],[-33,81.7],[-29,82],[-25.2,82],[-25.4,81.7],[-27.6,81.5],[-27.2,81.4],[-27.6,81.4],[-27.3,81.4],[-24.2,81.7],[-24,82],[-22.3,82.1],[-22,81.9],[-22,81.7],[-22.2,81.5],[-23,81.3],[-22.8,81.3],[-24.5,80.5],[-23.7,80.7],[-23.6,80.9],[-19.9,81.7],[-20.3,81.5],[-18,81.5],[-17.6,81.6],[-17.9,81.7],[-17.4,81.7],[-17.5,81.9],[-16.7,81.9],[-14.8,81.9],[-12.2,81.6],[-14,81.1],[-15,81.1],[-15.1,81.1],[-14.7,80.9],[-16,80.7],[-18,80.8],[-18.6,80.6],[-20.1,80.7],[-21.2,80.6],[-17.4,80.6],[-16.1,80.5],[-17.1,80.2],[-19.7,80.3],[-20.6,80.1],[-20.4,80.1],[-20.8,79.9],[-20.3,79.8],[-19.9,79.8],[-20.3,79.9],[-20.1,80],[-19.3,80.1],[-17.5,80.1],[-18.2,79.8],[-19.2,79.8],[-19.6,79.7],[-19.8,79.5],[-19.7,79.4],[-19.9,79.2],[-19.6,79.3],[-19.1,79.3],[-19.2,79.2],[-19.1,79.2],[-19.3,79.2],[-19.2,79.3],[-19.4,79.3],[-20.1,79.1],[-19.9,79],[-20,78.9],[-21.2,78.8],[-20.9,78.7],[-21.4,78.6],[-20.9,78.6],[-21.4,78.3],[-21.3,78.2],[-21.8,78.1],[-21.4,78.1],[-22,77.7],[-21.4,77.7],[-21.7,77.5],[-21.6,77.6],[-20.9,78],[-19.2,77.8],[-19,77.6],[-20.3,77.7],[-20.9,77.7],[-20.2,77.6],[-20.5,77.6],[-20.7,77.5],[-20.4,77.5],[-21,77.5],[-20,77.5],[-20.8,77.4],[-19.7,77.4],[-19.4,77.2],[-18.4,77.3],[-18.1,77.1],[-18.3,76.8],[-20.7,77],[-21,76.9],[-20.6,76.9],[-21.7,76.9],[-20.9,76.8],[-21.6,76.6],[-22.2,76.9],[-22.7,76.7],[-22.3,76.5],[-22.2,76.6],[-21.8,76.6],[-21.7,76.5],[-22,76.5],[-21.7,76.5],[-21.9,76.4],[-22.4,76.5],[-22.5,76.4],[-22.2,76.4],[-21.6,76.4],[-21.7,76.2],[-19.8,76.2],[-19.7,76.1],[-22,76],[-19.8,75.9],[-19.3,75.4],[-19.6,75.1],[-19.9,75.1],[-20.1,75.3],[-20.7,75.3],[-21.5,75.5],[-22.3,75.7],[-21.4,75.5],[-22.5,75.5],[-21.4,75.4],[-20.5,75.1],[-21.2,75.1],[-21.7,75],[-21.9,75.1],[-22.4,75.2],[-21.7,75],[-20.6,75.1],[-20.8,74.8],[-20.6,74.7],[-21.1,74.7],[-19.4,74.7],[-19.3,74.5],[-19,74.5],[-19.7,74.2],[-20.4,74.4],[-21.3,74.5],[-21.7,74.4],[-22.1,74.6],[-21.8,74.4],[-22.5,74.3],[-22.1,74.3],[-22.2,74.1],[-22.5,74.1],[-22,74],[-21.8,73.7],[-21.7,73.7],[-21.9,74],[-21.7,74.1],[-20.3,73.9],[-20.5,73.7],[-20.4,73.5],[-20.5,73.5],[-21.6,73.5],[-22.4,73.3],[-23.5,73.4],[-24,73.7],[-22.7,73.5],[-22.2,73.6],[-22.7,73.6],[-24,73.8],[-24.5,73.7],[-24.5,73.5],[-25.7,74],[-24.7,73.5],[-25.3,73.5],[-26,73.2],[-27.3,73.5],[-27.5,73.4],[-26.4,73.2],[-27.7,73.1],[-27.4,73.1],[-27.5,72.9],[-27.3,73.1],[-26.4,73.2],[-25.1,73.1],[-25.2,72.9],[-26,72.8],[-26.7,72.9],[-27.4,72.8],[-26.3,72.7],[-26.5,72.6],[-25.6,72.8],[-24.8,72.7],[-24.6,72.5],[-25.9,72.4],[-25.3,72.4],[-25.5,72.1],[-25.2,72.4],[-24.6,72.4],[-22.5,71.9],[-23.1,71.6],[-22.4,71.8],[-22.6,71.6],[-21.9,71.7],[-22.5,71.6],[-22.5,71.3],[-21.8,71.5],[-21.7,71.4],[-21.8,71.3],[-21.6,71.3],[-22,71.3],[-21.7,71.2],[-22.3,71.1],[-21.7,71.1],[-21.7,70.8],[-21.9,70.8],[-21.6,70.8],[-21.5,70.7],[-21.8,70.6],[-21.5,70.5],[-22.4,70.4],[-22.5,70.9],[-22.6,70.4],[-23.3,70.4],[-24,70.7],[-24.2,71],[-24.7,71.3],[-25.1,71.3],[-25.6,71.5],[-27,71.6],[-27.7,71.9],[-28.6,72.1],[-28.4,72],[-28.5,71.9],[-27.3,71.7],[-28.5,71.6],[-27.4,71.6],[-25.4,71.4],[-25.5,71.2],[-25.8,71.3],[-25.6,71.2],[-26.5,71],[-27.5,70.9],[-27.8,71.1],[-27.9,71.1],[-27.6,70.9],[-28.4,71],[-27.9,70.9],[-28.3,70.6],[-29.2,70.4],[-28.3,70.5],[-28.2,70.4],[-26.7,70.5],[-26.3,70.4],[-28.5,70],[-27.3,70],[-26.9,70.2],[-26.3,70.2],[-25.2,70.4],[-25.3,70.3],[-22.1,70.1],[-23.3,69.9],[-22.9,69.8],[-23,69.8],[-23.4,69.9],[-23.2,69.8],[-23.9,69.8],[-23.6,69.6],[-23.8,69.5],[-24.3,69.6],[-24.1,69.5],[-24.7,69.4],[-24.7,69.2],[-25.2,69.3],[-25,69.2],[-25.3,69],[-25.6,69.1],[-25.4,69],[-26.4,68.7],[-27.6,68.5],[-28,68.6],[-28,68.5],[-28.8,68.3],[-29.2,68.4],[-29.1,68.3],[-29.4,68.2],[-29.9,68.4],[-30.2,68.2],[-30,68.1],[-30.7,68.3],[-30.8,68.2],[-30.4,68.1],[-31.6,68.1],[-31.7,68.1],[-31.7,68.2],[-31.7,68.2],[-31.5,68.2],[-32,68.3],[-32.5,68.6],[-32.4,68.5],[-32.6,68.5],[-32.1,68.2],[-32.4,68.2],[-32.4,68.2],[-32,68.1],[-32.1,67.8],[-33.2,67.7],[-33.1,67.6],[-33.3,67.4],[-33.6,67.4],[-33.4,67.2],[-34,67],[-34.3,66.6],[-34.4,66.7],[-34.4,66.5],[-34.7,66.3],[-35,66.3],[-35.1,66.4],[-35.2,66.3],[-35,66.3],[-35.2,66.2],[-35.9,66.4],[-35.6,66.2],[-35.6,66.1],[-36.3,65.9],[-36.3,66.1],[-36.6,66.1],[-36.5,66],[-37,65.8],[-37.1,66.1],[-37.2,65.8],[-37.8,66],[-37.2,66.3],[-38.1,66.4],[-37.7,66.3],[-38,66.2],[-37.9,66.2],[-38.1,65.9],[-38.5,66],[-38.1,65.8],[-38.2,65.6],[-38.8,65.7],[-38.6,65.6],[-39.1,65.6],[-39.3,65.7],[-39.2,65.6],[-39.7,65.7],[-39.8,65.5],[-40.1,65.6],[-40.2,65.5],[-39.8,65.4],[-39.9,65.4],[-39.8,65.2],[-40.3,65],[-40.6,65.1],[-41.2,65],[-40.6,64.7],[-40.6,64.5],[-40.4,64.4],[-40.8,64.4],[-41.5,64.3],[-41.6,64.3],[-40.6,64.1],[-40.8,63.9],[-40.6,63.9],[-40.5,63.7],[-41.6,63.8],[-40.7,63.5],[-41.2,63.5],[-41,63.4],[-41.1,63.4],[-41.4,63.6],[-41.2,63.4],[-41.6,63.5],[-41.1,63.3],[-41.7,63.5],[-41.9,63.5],[-41.4,63.1],[-42,63.2],[-41.5,63],[-41.7,63],[-42.2,63.2],[-42,63],[-41.6,63],[-41.8,62.8],[-42.3,62.8],[-42.3,62.9],[-42.5,62.7],[-43.1,62.8],[-42.2,62.4],[-43,62.5],[-42.3,62.2],[-42.5,61.9],[-42.1,62],[-42.4,61.9],[-42.2,61.9],[-42.3,61.8],[-42.8,61.8],[-42.9,61.8],[-42.3,61.6],[-42.4,61.6],[-43.1,61.6],[-42.5,61.5],[-42.5,61.4],[-43.2,61.3],[-42.7,61.3],[-42.6,61.2],[-43.1,61.2],[-42.6,61.1],[-43.6,61.1],[-42.7,61.1],[-43,60.9],[-43.5,60.9],[-42.8,60.8],[-43.5,60.8],[-42.8,60.7],[-43.1,60.5],[-43.3,60.6],[-43.2,60.5],[-43.7,60.7],[-43.6,60.5],[-44.2,60.6],[-43.3,60.4],[-43.6,60.3],[-43.2,60.4],[-43.1,60.3],[-43.3,60.2],[-43.1,60.2],[-43.1,60.1],[-44.1,60.2],[-44,60.3],[-44.1,60.4],[-44.1,60.3],[-44.5,60.1],[-44.6,60],[-45.2,60.1],[-44.8,60.2],[-44.5,60.6],[-45.2,60.1],[-44.6,60.7],[-45.2,60.4],[-45.1,60.6],[-45.5,60.5],[-45.3,60.7],[-45.6,60.5],[-45.7,60.6],[-46,60.6],[-45.7,60.7],[-45.9,60.7],[-45.3,60.9],[-45.4,61],[-45.7,60.8],[-46.2,60.7],[-45.5,61],[-45.2,61.2],[-45.4,61.1],[-45.5,61.2],[-45.6,61],[-46.1,60.9],[-45.7,61.1],[-45.9,61.2],[-45.8,61.3],[-46,61.2],[-45.8,61.2],[-45.9,61.1],[-46.2,61],[-46.4,61.1],[-46.9,60.8],[-47,61],[-48.2,60.8],[-47.7,61],[-48.4,61],[-47.8,61],[-48.2,61.2],[-47.9,61.3],[-48.4,61.1],[-48.3,61.2],[-48.6,61.2],[-48.4,61.4],[-49.1,61.4],[-48.2,61.5],[-48.3,61.6],[-48.9,61.5],[-49.3,61.6],[-48.6,61.6],[-49.1,61.7],[-48.8,62],[-49.2,61.7],[-49.4,61.8],[-49.2,61.9],[-49.4,61.8],[-48.8,62.1],[-49.1,62.1],[-49,62.2],[-49.2,62],[-49.7,62],[-49.7,62.1],[-49.4,62.1],[-49.3,62.2],[-49.6,62.2],[-49.4,62.2],[-49.8,62.2],[-50.3,62.5],[-49.9,62.8],[-50.3,62.7],[-50.2,62.9],[-49.7,63.1],[-50.2,62.9],[-50.4,62.8],[-50.1,63],[-50.6,63],[-50.6,63.1],[-50.1,63.2],[-50.6,63.2],[-50.8,63.2],[-50.9,63.1],[-50.8,63.3],[-51,63.2],[-51.1,63.3],[-50.3,63.4],[-51.2,63.4],[-50.7,63.5],[-51.1,63.6],[-50.5,63.6],[-50.5,63.7],[-51.1,63.7],[-51.2,63.6],[-51.2,63.5],[-51.6,63.7],[-50.9,63.9],[-51.4,63.8],[-51.4,64],[-51.6,64],[-50,64.2],[-50.6,64.2],[-50.5,64.3],[-51.4,64.1],[-51.8,64.2],[-51,64.2],[-50.8,64.3],[-51,64.3],[-50.9,64.4],[-50.4,64.4],[-50.2,64.4],[-50.6,64.4],[-50.4,64.5],[-50.9,64.6],[-50.3,64.7],[-50.1,64.5],[-49.6,64.3],[-50.1,64.5],[-50,64.7],[-50.2,64.7],[-50,64.9],[-50.6,64.8],[-50.7,65],[-51,65.2],[-50.6,64.8],[-51.1,64.6],[-51,64.8],[-51.2,64.8],[-51.7,64.3],[-52,64.2],[-52.1,64.7],[-51.2,65],[-52.2,64.8],[-52,65],[-52.3,65.1],[-52.1,65.2],[-52.3,65.2],[-52.2,65.3],[-52.5,65.2],[-52.6,65.3],[-51.7,65.6],[-51.9,65.6],[-51.7,65.7],[-50.5,65.7],[-51.5,65.8],[-51.9,65.7],[-51.9,65.5],[-52.5,65.4],[-52.6,65.5],[-52.5,65.6],[-52.8,65.5],[-52.6,65.7],[-52.8,65.6],[-52.7,65.8],[-52.8,65.7],[-53.2,65.7],[-52.9,65.8],[-53.3,65.7],[-52.7,65.9],[-52.3,65.9],[-51.8,66],[-51.8,66.1],[-52.3,65.9],[-52.6,66],[-53.2,65.9],[-53.2,65.9],[-52.9,66],[-53.5,66],[-52.1,66.5],[-51.3,66.8],[-50.3,66.8],[-51,66.9],[-50,67],[-50.9,67],[-53.5,66.1],[-53.6,66.2],[-53.1,66.3],[-53.6,66.2],[-53.6,66.5],[-52.4,66.5],[-53.5,66.6],[-52.6,66.7],[-53.2,66.7],[-52.9,66.8],[-53.1,66.8],[-53,66.9],[-52.3,66.8],[-52.2,66.8],[-52.5,66.9],[-53.6,66.9],[-53.8,67],[-53.2,67],[-54,67.1],[-52.2,67.4],[-51.5,67.3],[-51.2,67.1],[-50.4,67.2],[-51.2,67.1],[-51.5,67.3],[-51.2,67.4],[-53.3,67.3],[-53.8,67.2],[-53.9,67.3],[-53.7,67.5],[-52.5,67.8],[-50.7,67.5],[-50.2,67.5],[-50.1,67.5],[-50.9,67.6],[-49.9,67.7],[-51.2,67.7],[-50.4,67.8],[-50.8,67.9],[-50.7,67.9],[-51.2,67.8],[-51.3,67.9],[-51,67.9],[-51.1,68],[-51.6,67.9],[-51.3,67.8],[-51.7,67.7],[-51.8,67.7],[-51.6,67.8],[-52.3,67.8],[-51.6,68],[-53,67.8],[-53.6,67.5],[-53.8,67.6],[-53.6,67.7],[-53.5,67.7],[-53.6,67.8],[-53,68],[-53.2,68],[-53.1,68.1],[-52.7,68],[-52.2,67.9],[-52.1,68],[-53.5,68.2],[-53.3,68.2],[-52.4,68.1],[-52.8,68.2],[-51.9,68],[-51.2,68.1],[-50.6,67.9],[-50.1,67.9],[-51.4,68.2],[-51,68.2],[-51.2,68.3],[-51.2,68.4],[-50.8,68.5],[-51.6,68.4],[-51.2,68.3],[-52.4,68.2],[-53.4,68.3],[-53.1,68.3],[-52.5,68.5],[-50.9,68.6],[-51,68.7],[-50.7,68.8],[-51.3,68.7],[-51,68.9],[-51.1,68.9],[-51.1,69.1],[-50.2,69],[-50.2,69.1],[-50.7,69.1],[-50.1,69.2],[-50.5,69.2],[-50.4,69.3],[-51.1,69.2],[-50.9,69.5],[-50.2,69.5],[-50.9,69.5],[-50.8,69.6],[-50.4,69.6],[-50.8,69.7],[-50.2,69.8],[-50.6,69.9],[-50.2,70],[-52.3,70],[-54.6,70.7],[-54.1,70.8],[-52.7,70.7],[-50.7,70.3],[-50.5,70.5],[-51,70.4],[-50.9,70.5],[-51.3,70.6],[-50.6,70.6],[-51.4,70.7],[-50.6,70.7],[-52,71],[-50.9,71],[-51.5,71.1],[-51.2,71.1],[-52.2,71.1],[-51.5,71.3],[-51.6,71.4],[-52.6,71.2],[-52.3,71.3],[-52.2,71.4],[-51.3,71.5],[-53,71.4],[-51.8,71.6],[-51.6,71.7],[-53.3,71.7],[-52.7,72],[-53.3,71.8],[-53.4,72],[-53.9,72.3],[-53.6,72.4],[-54,72.3],[-53.4,71.8],[-53.9,71.7],[-53.8,71.6],[-54.1,71.7],[-53.9,71.6],[-53.9,71.4],[-54.8,71.4],[-55.3,71.5],[-55.1,71.4],[-55.3,71.4],[-55.7,71.6],[-55.6,71.6],[-55.9,71.7],[-54.8,71.9],[-54.5,72],[-54.4,72.2],[-54.9,71.9],[-55.3,71.9],[-55.6,72],[-54.7,72.4],[-55.6,72.5],[-54.3,72.5],[-55,72.5],[-54.6,72.6],[-54.9,72.6],[-54.7,72.8],[-54.9,72.8],[-54.6,72.8],[-54.9,73],[-55.7,73.1],[-55.1,73.2],[-55.5,73.3],[-55.1,73.4],[-56.1,73.6],[-55.6,73.7],[-55.9,73.9],[-55.6,73.9],[-56.1,74],[-56,74],[-56.4,74.1],[-56.1,74.3],[-57.3,74.1],[-56.3,74.3],[-56.7,74.3],[-56.1,74.4],[-56.8,74.4],[-56.2,74.5],[-56.2,74.6],[-57,74.7],[-57.2,74.8],[-56.9,74.8],[-57,74.9],[-58.1,75],[-57.9,75.2],[-58.3,75.3],[-58.3,75.4],[-58.7,75.4],[-58.2,75.5],[-58.6,75.7],[-58.4,75.7],[-59.1,75.7],[-59.2,75.9],[-59.8,75.8],[-59.6,75.9],[-60.7,76],[-60.9,76.2],[-62.2,76.3],[-62.8,76.2],[-63.4,76.4],[-63.8,76.2],[-64.1,76.1],[-64.3,76.4],[-64.7,76.3],[-64.6,76.1],[-65.3,76.2],[-65.5,76],[-65.9,76.1],[-65.6,76.2],[-65.8,76.3],[-66.2,76.3],[-66.4,76.1],[-67,76.3],[-67.3,76.2],[-66.5,75.9],[-68.5,76.1],[-69.6,76.4],[-68,76.7],[-70.1,76.8],[-69.5,77],[-69.7,77],[-70.5,76.8],[-71.4,77.1],[-70.1,77.2],[-68.5,77.2],[-66.4,77.1],[-66.2,77.2],[-69.1,77.3],[-67.6,77.4],[-66.2,77.2],[-66.7,77.4],[-66.1,77.5],[-66.7,77.7],[-68.3,77.5],[-68.7,77.7],[-68.8,77.7],[-68.6,77.5],[-69.3,77.5],[-70.3,77.6],[-69.5,77.7],[-69.5,77.8],[-70.6,77.7],[-70,77.8],[-71.3,77.8],[-71.4,77.8],[-71.2,77.9],[-73.1,78.2],[-72.5,78.3],[-72.8,78.3],[-72.6,78.5],[-68.8,78.8],[-69.2,78.9],[-68.3,79.1],[-66,79.1],[-64.8,79.5],[-65.1,80],[-63.8,80.1],[-64.2,80.3],[-64.9,80.1],[-67,80.1],[-67.5,80.2],[-67.5,80.3],[-63.7,81.1],[-62.8,80.8],[-63.4,81.2],[-61.1,81.1],[-60.9,81.2],[-61.3,81.4],[-60.8,81.5],[-61.5,81.8],[-60.8,81.9],[-58.9,81.9],[-58.6,81.7],[-56.5,81.3],[-59.5,82],[-55.9,82.3],[-55.1,82.2],[-55.6,82.3],[-54.5,82.4],[-53.6,82.1],[-53.5,81.9],[-53.8,81.7],[-53.6,81.5],[-53.5,81.5],[-53.5,81.7],[-52.9,81.9],[-53,82],[-52.9,82],[-50.2,81.6],[-49.6,81.6],[-51.1,81.9],[-49.4,81.9],[-50.7,82.2],[-51.1,82.5],[-50.3,82.5],[-46.4,82.1],[-44.6,81.8],[-44.2,81.8],[-44.9,82],[-44.5,82.1],[-44.8,82.2],[-44.6,82.3],[-42.3,82.2],[-43.8,82.3],[-43.7,82.4],[-45.8,82.8],[-42.1,82.8],[-41.7,82.5],[-41.6,82.6],[-41.9,82.7],[-41.6,82.7],[-39.8,82.4],[-40,82.6],[-39.9,82.7],[-40.1,82.7],[-42.2,82.9],[-46,82.8],[-46.9,83],[-46,82.9],[-46.7,83],[-46,83.1],[-45.1,82.9],[-43.4,82.9],[-45.5,83.1],[-42.9,83.1],[-44,83.2],[-42.7,83.3],[-41.7,83.2],[-41.9,83.1],[-41.6,83.1],[-40.6,83],[-39.4,83],[-38.6,82.7],[-39.1,83],[-37.3,83],[-38.8,83.1],[-36.9,83.1],[-38.7,83.2],[-38.9,83.2],[-38.9,83.4],[-37.8,83.4],[-38.1,83.4],[-37.6,83.5],[-36.4,83.4],[-36.9,83.5],[-34.4,83.6],[-33.9,83.5],[-33.7,83.5],[-34.1,83.6],[-32.2,83.6],[-32.3,83.6]]]]}},{"type":"Feature","properties":{"code":"SJ","name":"Jan Mayen","country_code":"SJ","country":"Jan Mayen","region":null,"level":"country"},"geometry":{"type":"Polygon","coordinates":[[[-8.3,71],[-9,70.8],[-9.1,70.9],[-7.9,71.1],[-8.3,71]]]}},{"type":"Feature","properties":{"code":"IS","name":"Iceland","country_code":"IS","country":"Iceland","region":null,"level":"country"},"geometry":{"type":"Polygon","coordinates":[[[-16,66.5],[-15.4,66.1],[-14.9,66.4],[-14.7,66.4],[-15.2,66.1],[-14.6,66],[-14.8,65.7],[-14.3,65.8],[-14.6,65.5],[-14.3,65.7],[-13.7,65.5],[-13.7,65.3],[-13.6,65.3],[-14,65.2],[-13.5,65.1],[-14,65.1],[-13.7,64.9],[-14.1,64.9],[-13.8,64.9],[-14,64.7],[-14.5,64.8],[-14.4,64.7],[-14.6,64.6],[-14.5,64.5],[-14.5,64.4],[-14.9,64.3],[-15.4,64.4],[-16.5,63.9],[-17.9,63.7],[-17.9,63.5],[-18.8,63.4],[-20.2,63.5],[-20.5,63.7],[-20.4,63.8],[-21.2,64],[-22.7,63.8],[-22.7,64.1],[-22,64],[-21.7,64.2],[-21.9,64.2],[-21.8,64.3],[-21.4,64.4],[-22.1,64.3],[-22,64.5],[-21.5,64.6],[-22.2,64.5],[-22.4,64.8],[-23.8,64.7],[-24.1,64.9],[-21.8,65],[-21.7,65.2],[-22.6,65.2],[-21.7,65.4],[-22.3,65.5],[-22.2,65.5],[-22.1,65.6],[-23.9,65.4],[-24.5,65.5],[-24.3,65.6],[-23.8,65.5],[-24.1,65.6],[-23.8,65.6],[-24.1,65.8],[-23.5,65.6],[-23.2,65.7],[-23.9,65.9],[-23.2,65.8],[-23.8,66],[-23.4,66],[-23.7,66.1],[-23.5,66.2],[-22.7,66],[-22.6,65.8],[-22.5,66],[-22.4,65.8],[-22.5,66.1],[-23,66.2],[-22.4,66.3],[-23.2,66.4],[-22.9,66.5],[-22.4,66.4],[-21.7,66],[-21.4,66],[-21.6,66],[-21.3,65.9],[-21.3,65.7],[-21.8,65.8],[-21.3,65.6],[-21.1,65.2],[-21.1,65.5],[-20.9,65.6],[-20.7,65.7],[-20.5,65.5],[-20.3,65.6],[-20.4,66.1],[-20.1,66.1],[-19.5,65.7],[-19.5,66.1],[-18.8,66.2],[-18.1,65.6],[-18.3,66.2],[-17.6,66],[-17.1,66.2],[-16.6,66.1],[-16.7,66.2],[-16.4,66.3],[-16.6,66.5],[-16,66.5]]]}},{"type":"Feature","properties":{"code":"FO","name":"Faroe Islands","country_code":"FO","country":"Faroe Islands","region":null,"level":"country"},"geometry":{"type":"MultiPolygon","coordinates":[[[[-6.7,61.4],[-6.8,61.5],[-7,61.6],[-6.7,61.6],[-6.7,61.4]]],[[[-6.6,61.8],[-6.8,61.8],[-6.9,61.9],[-6.7,61.9],[-6.6,61.8]]],[[[-7.1,62.1],[-7.2,62],[-7.4,62.1],[-7.2,62.2],[-7.1,62.1]]],[[[-6.7,61.9],[-7,62.1],[-7.2,62.2],[-7.2,62.3],[-6.7,61.9]]],[[[-6.7,62.1],[-6.9,62.2],[-7.1,62.3],[-6.6,62.2],[-6.7,62.1]]],[[[-6.4,62.2],[-6.6,62.2],[-6.6,62.3],[-6.4,62.3],[-6.4,62.2]]]]}},{"type":"Feature","properties":{"code":"FI","name":"Finland","country_code":"FI","country":"Finland","region":null,"level":"country"},"geometry":{"type":"MultiPolygon","coordinates":[[[[23.7,59.9],[23.4,59.9],[23.4,59.9],[23.5,60],[23.7,59.9]]],[[[22.8,60],[22.8,60],[23.1,59.9],[22.9,59.9],[22.8,60],[22.8,60]]],[[[20.2,60],[20.1,60],[20,60.1],[20.1,60.1],[20.2,60]]],[[[21.7,60.1],[21.7,60.2],[21.9,60.2],[21.9,60.2],[21.7,60.1]]],[[[22.8,60.2],[22.7,60],[22.5,60],[22.4,60.2],[22.6,60.2],[22.8,60.2]]],[[[19.6,60.2],[19.5,60.2],[19.6,60.3],[19.7,60.2],[19.6,60.2]]],[[[22.3,60.3],[22.2,60.2],[22.1,60.3],[22.1,60.3],[22.3,60.3]]],[[[20.1,60.4],[20.3,60.3],[20.2,60.2],[20,60.3],[19.9,60],[19.6,60.3],[19.8,60.2],[19.9,60.3],[19.8,60.4],[20.1,60.4]]],[[[22,60.3],[21.8,60.4],[21.8,60.5],[21.9,60.4],[22,60.3]]],[[[21.1,63.3],[21.4,63.2],[21.4,63.2],[21.2,63.1],[21.1,63.3]]],[[[22.9,63.8],[22.9,63.8],[22.7,63.8],[22.8,63.9],[22.9,63.8]]],[[[24.7,64.9],[24.6,65],[25,65],[24.8,65],[24.7,64.9]]],[[[28.2,69.9],[29.1,69.7],[29.3,69.5],[28.8,69.2],[29,69.1],[28.4,68.9],[28.8,68.8],[28.5,68.5],[28.7,68.2],[29.4,68.1],[30,67.7],[29.1,66.9],[29.9,66.1],[30.1,65.7],[29.8,65.7],[29.6,65.2],[29.9,65.1],[29.6,65.1],[29.6,64.9],[30.1,64.8],[30.2,64.7],[30,64.6],[30.1,64.4],[30.6,64.2],[30.6,64],[30,63.7],[31.2,63.2],[31.6,62.9],[31.3,62.5],[27.7,60.5],[27.2,60.6],[26.5,60.4],[26.7,60.6],[26.7,60.6],[26.4,60.4],[26.1,60.4],[26.1,60.3],[25.8,60.4],[25.9,60.2],[25.7,60.4],[24.5,60],[24.3,60.1],[23.4,60],[23.5,60.1],[23.2,59.8],[22.9,59.8],[23.3,59.9],[23.3,60],[23.1,59.9],[23.3,60],[22.9,60.1],[23.1,60.3],[22.6,60.2],[22.4,60.2],[22.6,60.4],[21.8,60.5],[21.8,60.6],[21.4,60.6],[21.3,60.9],[21.6,61.3],[21.5,61.6],[21.7,61.5],[21.3,61.9],[21.4,62.3],[21.1,62.6],[21.4,63],[21.7,63],[21.5,63.2],[22.3,63.3],[22.2,63.4],[22.3,63.5],[23.3,63.9],[24.3,64.5],[24.5,64.8],[25.3,64.8],[25.2,65],[25.4,65],[25.3,65.2],[25.3,65.5],[24.7,65.7],[24.6,65.8],[24.7,65.9],[24.2,65.8],[23.7,66.3],[23.6,66.4],[24,66.8],[23.6,67.2],[23.8,67.4],[23.4,67.5],[23.5,67.9],[23.7,67.9],[22.8,68.4],[22,68.5],[20.6,69.1],[21.1,69],[21,69.2],[21.3,69.3],[21.7,69.3],[22.4,68.7],[23.2,68.6],[24,68.8],[24.9,68.6],[25.8,69],[25.7,69.3],[26,69.7],[26.5,69.9],[27.9,70.1],[28.2,69.9]]]]}},{"type":"Feature","properties":{"code":"EE","name":"Estonia","country_code":"EE","country":"Estonia","region":null,"level":"country"},"geometry":{"type":"MultiPolygon","coordinates":[[[[23,58.6],[23.3,58.4],[22.4,58.2],[22,57.9],[22.2,58.1],[21.8,58.3],[22,58.4],[21.8,58.5],[23,58.6]]],[[[23.4,58.5],[23.2,58.5],[23.1,58.6],[23.2,58.7],[23.4,58.5]]],[[[23.3,59],[23.1,59],[23.1,59],[23.4,59],[23.3,59]]],[[[22.7,59],[23,58.8],[22.5,58.7],[22.4,58.9],[22,58.9],[22.7,59]]],[[[25.8,59.6],[28.2,59.4],[27.4,58.8],[27.5,58.2],[27.8,57.9],[27.5,57.8],[27.4,57.5],[26.9,57.6],[26.5,57.5],[25.3,58.1],[24.3,57.9],[24.6,58.3],[24.3,58.4],[24.1,58.2],[23.5,58.6],[23.5,58.7],[23.9,58.8],[23.5,58.8],[23.4,58.9],[23.6,59],[23.4,59],[23.5,59.2],[24.8,59.6],[25.4,59.5],[25.5,59.7],[25.8,59.6]]]]}},{"type":"Feature","properties":{"code":"LV","name":"Latvia","country_code":"LV","country":"Latvia","region":null,"level":"country"},"geometry":{"type":"Polygon","coordinates":[[[27.4,57.5],[27.9,57.3],[27.7,56.9],[27.9,56.8],[28.2,56.3],[27.6,55.8],[26.4,55.7],[25.6,56.2],[25.1,56.2],[24.9,56.4],[24.2,56.3],[22.1,56.4],[21.2,56.1],[21,56.2],[21.1,56.8],[21.4,57],[21.4,57.3],[21.7,57.6],[22.5,57.7],[23.1,57.4],[23.3,57.1],[23.7,57],[24.4,57.3],[24.3,57.9],[25.1,58.1],[26,57.8],[26.5,57.5],[26.9,57.6],[27.4,57.5]]]}},{"type":"Feature","properties":{"code":"LT","name":"Lithuania","country_code":"LT","country":"Lithuania","region":null,"level":"country"},"geometry":{"type":"MultiPolygon","coordinates":[[[[21,55.3],[20.9,55.3],[21.1,55.7],[21.1,55.6],[21,55.3]]],[[[25,56.3],[26.6,55.7],[26.5,55.3],[26.8,55.3],[25.8,54.9],[25.6,54.3],[25.8,54.2],[25.5,54.1],[25.5,54.3],[24.4,53.9],[23.5,53.9],[23.4,54.2],[22.8,54.4],[22.7,54.7],[22.9,54.8],[22.6,55],[21.3,55.2],[21.2,55.5],[21,55.9],[21.1,56.1],[21.4,56.2],[22.1,56.4],[24.2,56.3],[24.9,56.4],[25,56.3]]]]}},{"type":"Feature","properties":{"code":"DK","name":"Denmark","country_code":"DK","country":"Denmark","region":null,"level":"country"},"geometry":{"type":"MultiPolygon","coordinates":[[[[11.5,54.8],[11.7,54.9],[11.9,54.7],[11.5,54.6],[11,54.8],[11.2,55],[11.5,54.8]]],[[[12,54.9],[12.2,54.8],[12,54.6],[11.7,54.9],[12,54.9]]],[[[10.4,54.8],[10.2,54.9],[10.2,55],[10.4,54.9],[10.4,54.8]]],[[[12.6,55],[12.2,54.9],[12.1,54.9],[12.3,55],[12.6,55]]],[[[10.6,55],[10.6,54.9],[10.5,55],[10.6,55],[10.6,55]]],[[[9.8,55.1],[10,55],[10.1,54.9],[9.6,55],[9.8,55.1]]],[[[10.8,54.8],[10.7,54.9],[11,55.2],[10.9,55],[10.8,54.8]]],[[[15.1,55],[14.7,55.1],[14.7,55.3],[15.1,55.1],[15.1,55]]],[[[10.5,55.5],[10.6,55.6],[10.7,55.5],[10.7,55.1],[10.2,55.1],[9.7,55.5],[10.3,55.6],[10.5,55.5]]],[[[10.6,55.9],[10.5,55.8],[10.5,56],[10.6,56],[10.6,55.9]]],[[[12.6,56],[12.6,55.7],[12.2,55.5],[12.5,55.3],[12,55.2],[12.2,55.1],[12.1,55],[11.7,55.1],[11.7,55.2],[11.2,55.2],[11.1,55.7],[10.9,55.7],[11.2,55.7],[11.5,55.9],[11.3,56],[11.8,56],[11.7,55.8],[11.8,55.7],[11.9,55.9],[12.1,55.7],[11.9,55.7],[12.1,55.7],[12.1,55.7],[12,55.9],[11.9,56],[12.3,56.1],[12.6,56]]],[[[8.9,56.9],[8.8,56.7],[8.5,56.7],[8.7,56.9],[8.9,56.9]]],[[[10,57.1],[10.3,57],[10.3,56.7],[9.9,56.7],[10.3,56.7],[10.4,56.6],[10.2,56.5],[10.2,56.5],[10.8,56.5],[10.9,56.3],[10.5,56.1],[10.4,56.3],[10.2,56.1],[10.2,55.8],[9.9,55.8],[10,55.8],[10,55.7],[9.6,55.7],[9.8,55.6],[9.7,55.5],[9.6,55.4],[9.7,55.2],[9.5,55.1],[9.7,55],[9.7,54.8],[8.7,54.9],[8.7,55.1],[8.5,55.1],[8.7,55.1],[8.6,55.4],[8.1,55.6],[8.1,56],[8.2,55.8],[8.4,55.9],[8.3,56.1],[8.1,56],[8.2,56.6],[8.7,56.5],[8.7,56.6],[9.1,56.8],[9.1,56.6],[9.3,56.5],[9.2,56.9],[10,57.1]]],[[[11.2,57.3],[11,57.2],[10.9,57.3],[11,57.3],[11.2,57.3]]],[[[10.4,57.6],[10.5,57.2],[10.3,57],[10,57.1],[9.1,57.1],[8.7,56.9],[8.4,56.7],[8.6,56.7],[8.5,56.6],[8.2,56.7],[8.6,57.1],[9.4,57.2],[10,57.6],[10.6,57.7],[10.4,57.6]]]]}},{"type":"Feature","properties":{"code":"BY","name":"Belarus","country_code":"BY","country":"Belarus","region":null,"level":"country"},"geometry":{"type":"Polygon","coordinates":[[[28.2,56.2],[28.7,56],[29.4,56],[29.5,55.7],[30.2,55.9],[30.9,55.6],[30.8,55.3],[31,55],[30.8,54.8],[31.1,54.6],[31.3,54.2],[31.8,54.1],[31.8,53.8],[32.5,53.7],[32.4,53.6],[32.7,53.5],[32.2,53.1],[31.4,53.2],[31.3,53],[31.6,52.8],[31.6,52.3],[31.8,52.1],[31,52.1],[30.6,51.6],[30.6,51.3],[30.2,51.5],[29.3,51.4],[29.1,51.6],[28.8,51.4],[28.3,51.7],[27.8,51.6],[27.7,51.5],[27.2,51.8],[25.8,51.9],[24.4,51.9],[24,51.6],[23.6,51.5],[23.6,52.1],[23.2,52.3],[23.9,52.7],[23.5,53.9],[24.4,53.9],[25.5,54.3],[25.5,54.1],[25.8,54.2],[25.7,54.3],[25.6,54.3],[25.8,54.9],[26.8,55.3],[26.5,55.3],[26.6,55.7],[27,55.8],[27.6,55.8],[28.2,56.2]]]}},{"type":"Feature","properties":{"code":"","name":"Man, Isle of","country_code":"","country":"Man, Isle of","region":null,"level":"country"},"geometry":{"type":"Polygon","coordinates":[[[-4.6,54.1],[-4.8,54.1],[-4.4,54.4],[-4.3,54.3],[-4.6,54.1]]]}},{"type":"Feature","properties":{"code":"IE","name":"Ireland","country_code":"IE","country":"Ireland","region":null,"level":"country"},"geometry":{"type":"MultiPolygon","coordinates":[[[[-10,54],[-10,53.9],[-10.3,54],[-10.2,54],[-10,54]]],[[[-7.4,55],[-7.6,54.8],[-7.9,54.7],[-7.8,54.6],[-8.2,54.5],[-7.6,54.1],[-7.3,54.1],[-7,54.4],[-6.6,54],[-6.1,54],[-6.4,53.9],[-6.1,53.6],[-6.2,53.4],[-6,52.9],[-6.2,52.5],[-6.5,52.4],[-6.4,52.2],[-7,52.3],[-7,52.1],[-7.6,52.1],[-8.2,51.8],[-8.2,51.9],[-8.4,51.9],[-8.3,51.7],[-9.2,51.5],[-9.8,51.4],[-9.5,51.7],[-9.5,51.8],[-10.1,51.6],[-9.6,51.9],[-10.3,51.8],[-10.3,52],[-9.8,52.1],[-10.5,52.2],[-9.7,52.2],[-9.8,52.4],[-9.7,52.6],[-9.3,52.6],[-8.8,52.7],[-9.9,52.6],[-9.5,52.8],[-9.3,53.1],[-8.9,53.1],[-8.9,53.3],[-9.6,53.2],[-9.6,53.4],[-10.2,53.4],[-10.2,53.6],[-9.7,53.6],[-9.9,53.8],[-9.6,53.9],[-9.9,53.9],[-9.8,53.9],[-10,54.2],[-10.1,54.1],[-10.1,54.2],[-8.5,54.3],[-8.7,54.3],[-8.2,54.6],[-8.8,54.7],[-8.4,54.8],[-8.5,55],[-8.3,55.1],[-7.8,55.2],[-7.8,55.2],[-7.7,55.1],[-7.8,55.2],[-7.7,55.3],[-7.5,55.1],[-7.7,55],[-7.4,55.1],[-7.5,55.2],[-7.4,55.4],[-6.9,55.2],[-7.4,55]]]]}},{"type":"Feature","properties":{"code":"PL","name":"Poland","country_code":"PL","country":"Poland","region":null,"level":"country"},"geometry":{"type":"Polygon","coordinates":[[[19.6,54.5],[19.5,54.4],[19.2,54.3],[19.3,54.3],[19.8,54.4],[22.9,54.4],[23.5,54.1],[23.9,52.7],[23.2,52.3],[23.6,52.1],[23.5,51.6],[24.1,50.9],[24,50.8],[24.1,50.6],[22.7,49.6],[22.7,49.2],[22.9,49],[21.6,49.4],[20.9,49.3],[20.4,49.4],[20.1,49.2],[19.8,49.2],[19.8,49.4],[19.5,49.6],[19,49.4],[18.6,49.9],[17.8,50],[17.6,50.2],[17.7,50.3],[16.9,50.4],[17,50.2],[16.6,50.1],[16.2,50.4],[16.4,50.6],[16.3,50.7],[15.4,50.8],[15.2,51],[14.8,50.9],[15,51.3],[14.6,51.8],[14.8,52.1],[14.5,52.4],[14.6,52.6],[14.1,52.9],[14.4,53.1],[14.3,53.7],[14.5,53.7],[14.6,53.8],[14.2,53.9],[16.2,54.3],[16.5,54.5],[17.9,54.8],[18.3,54.8],[18.7,54.7],[18.8,54.6],[18.4,54.7],[18.6,54.4],[18.8,54.4],[19.6,54.5]]]}},{"type":"Feature","properties":{"code":"CZ","name":"Czechia","country_code":"CZ","country":"Czechia","region":null,"level":"country"},"geometry":{"type":"Polygon","coordinates":[[[14.8,50.9],[15.2,51],[15.4,50.8],[16.3,50.7],[16.4,50.6],[16.2,50.4],[16.6,50.1],[17,50.2],[16.9,50.4],[17.7,50.3],[17.7,50.1],[18.6,49.9],[18.9,49.5],[18.6,49.5],[17.7,48.9],[17.2,48.9],[16.9,48.6],[16.5,48.8],[16.1,48.8],[15,49],[14.7,48.6],[14.3,48.6],[12.7,49.4],[12.5,49.7],[12.5,49.9],[12.1,50.3],[12.3,50.2],[12.5,50.4],[13,50.4],[14.3,50.9],[14.3,51.1],[14.8,50.9]]]}},{"type":"Feature","properties":{"code":"MN","name":"Mongolia","country_code":"MN","country":"Mongolia","region":null,"level":"country"},"geometry":{"type":"Polygon","coordinates":[[[116.7,49.8],[115.8,48.5],[115.8,48.3],[115.5,48.1],[115.6,47.9],[115.9,47.7],[116.3,47.9],[116.9,47.9],[117.4,47.7],[117.8,48],[118.5,48],[119.7,47.2],[119.9,46.7],[118.3,46.7],[117.8,46.5],[117.4,46.6],[117.4,46.4],[116.8,46.4],[116.4,46.1],[116.2,45.7],[115.5,45.4],[114.5,45.4],[113.6,44.7],[112,45.1],[111.4,44.4],[112,43.7],[111,43.3],[110.4,42.8],[109.3,42.4],[107.5,42.5],[105,41.6],[104.5,41.7],[104.5,41.9],[103.4,41.9],[102.1,42.2],[101.8,42.5],[100.8,42.7],[99.5,42.6],[97.2,42.8],[96.4,42.7],[95.9,43.3],[95.5,44],[95.3,44],[95.4,44.3],[94.7,44.4],[93.6,45],[91.6,45.1],[90.9,45.3],[90.7,45.6],[91,46],[90.9,46.3],[91,46.7],[90.5,47.5],[90.1,47.9],[89.8,47.8],[89.5,48],[89.1,48],[88.7,48.2],[88.5,48.4],[88,48.6],[88.1,48.7],[87.8,48.9],[87.9,49],[87.8,49.2],[88.2,49.3],[88.2,49.5],[89.2,49.5],[89.2,49.6],[89.7,49.7],[89.7,49.9],[92.3,50.8],[92.7,50.7],[93,50.8],[93.1,50.6],[94.3,50.6],[94.6,50],[95.5,49.9],[96.1,50],[97.3,49.7],[98.1,50],[98.3,50.3],[98.3,50.5],[98.1,50.6],[97.8,51],[98.1,51.5],[98.7,51.8],[98.9,52.1],[99.9,51.8],[102.2,51.3],[102.3,50.6],[102.9,50.3],[103.7,50.1],[105.3,50.5],[106.7,50.3],[107.2,50],[108,49.9],[107.9,49.7],[108.6,49.3],[110.8,49.1],[112.8,49.5],[114.3,50.3],[114.9,50.2],[115.4,49.9],[116.2,50],[116.7,49.8]]]}},{"type":"Feature","properties":{"code":"UA","name":"Ukraine","country_code":"UA","country":"Ukraine","region":null,"level":"country"},"geometry":{"type":"Polygon","coordinates":[[[34.4,51.8],[34.4,51.7],[34.1,51.6],[34.4,51.3],[35.1,51.2],[35.4,51],[35.4,50.5],[35.6,50.4],[36.1,50.4],[36.6,50.2],[37.5,50.4],[38,49.9],[38.3,50.1],[38.9,49.8],[39.2,49.9],[39.8,49.6],[40.1,49.6],[40.1,49.5],[40.2,49.3],[39.7,49],[40.1,48.9],[39.7,48.6],[40,48.3],[39.8,47.8],[38.8,47.9],[38.8,47.7],[38.3,47.6],[38.2,47.1],[37.6,47.1],[36.8,46.8],[35.9,46.7],[35.5,46.4],[35.2,46.2],[35,46.1],[35.3,46.3],[35.2,46.4],[35.1,46.3],[34.7,46.2],[34.5,46],[34.4,46],[34.5,46.2],[33.7,46.2],[34.1,45.9],[34.6,45.9],[34.5,45.8],[35,45.6],[35.1,45.3],[35.3,45.3],[35.1,45.6],[34.7,46.1],[34.8,46.1],[35.5,45.3],[36.6,45.4],[36.5,45.1],[36.2,45],[35.5,45.1],[35.1,44.8],[34.5,44.7],[34,44.4],[33.5,44.5],[33.4,44.6],[33.6,44.6],[33.6,44.9],[33.5,45.1],[32.5,45.4],[33.8,45.9],[33.6,46.2],[32.5,46.1],[31.8,46.3],[32.1,46.4],[31.7,46.5],[31.5,46.6],[32.3,46.5],[32.6,46.6],[32,46.6],[32,47],[31.8,47.3],[32,46.9],[31.9,46.7],[31.5,46.6],[31.6,46.8],[31.4,46.6],[30.8,46.5],[30.2,45.9],[29.7,45.6],[29.6,45.8],[29.7,45.2],[29.3,45.4],[28.6,45.2],[28.2,45.5],[28.5,45.5],[28.5,45.7],[29,46],[29,46.5],[30.1,46.4],[29.9,46.5],[29.9,46.8],[29.6,46.9],[29.6,47.3],[29.4,47.3],[29.1,47.5],[29.3,47.8],[29.1,48],[27.5,48.5],[26.7,48.3],[26.2,48],[25.3,47.9],[24.9,47.7],[24.6,48],[23.2,48.1],[22.9,48],[22.2,48.4],[22.6,49.1],[22.9,49],[22.7,49.2],[22.7,49.6],[24.1,50.6],[24,50.8],[24.1,50.9],[23.7,51.2],[23.6,51.6],[24,51.6],[24.4,51.9],[26,51.9],[27.2,51.8],[27.7,51.5],[27.8,51.6],[28.3,51.7],[28.8,51.4],[29.1,51.6],[29.3,51.4],[30.2,51.5],[30.6,51.3],[30.6,51.6],[31,52.1],[32.1,52],[32.4,52.3],[33.8,52.4],[34.4,51.8]]]}},{"type":"Feature","properties":{"code":"LU","name":"Luxembourg","country_code":"LU","country":"Luxembourg","region":null,"level":"country"},"geometry":{"type":"Polygon","coordinates":[[[6.1,50.1],[6.2,49.9],[6.5,49.8],[6.4,49.5],[5.8,49.5],[5.9,49.7],[5.7,49.9],[6,50.2],[6.1,50.1]]]}},{"type":"Feature","properties":{"code":"DE","name":"Germany","country_code":"DE","country":"Germany","region":null,"level":"country"},"geometry":{"type":"MultiPolygon","coordinates":[[[[8.7,47.7],[8.7,47.7],[8.7,47.7],[8.7,47.7],[8.7,47.7]]],[[[14,54.1],[14.2,53.9],[14.2,53.9],[13.8,53.9],[14.1,54],[13.8,54.2],[14,54.1]]],[[[11,54.4],[11,54.4],[11,54.4],[11,54.4],[11,54.4]]],[[[11.3,54.4],[11.1,54.4],[11,54.5],[11.2,54.5],[11.3,54.4]]],[[[13.4,54.6],[13.7,54.6],[13.6,54.5],[13.7,54.4],[13.7,54.3],[13.1,54.3],[13.3,54.4],[13.1,54.5],[13.5,54.5],[13.2,54.6],[13.4,54.6]]],[[[8.6,54.7],[8.5,54.7],[8.4,54.7],[8.6,54.8],[8.6,54.7]]],[[[11,54.4],[11.1,54.2],[10.8,54.1],[10.8,53.9],[11.1,54],[11.4,53.9],[12.5,54.5],[12.9,54.4],[12.5,54.4],[12.4,54.3],[13,54.4],[13.1,54.3],[13.5,54.1],[13.7,54.2],[13.8,53.9],[14.3,53.7],[14.4,53.1],[14.1,52.9],[14.6,52.6],[14.5,52.4],[14.8,52.1],[14.6,51.8],[14.7,51.5],[15,51.4],[15,51.1],[14.8,50.8],[14.3,51.1],[14.3,50.9],[13,50.4],[12.5,50.4],[12.3,50.2],[12.2,50.3],[12.1,50.3],[12.5,49.9],[12.5,49.7],[12.7,49.4],[13.7,48.9],[13.8,48.6],[13.4,48.6],[13.4,48.4],[12.8,48.1],[13,47.9],[12.9,47.7],[13.1,47.6],[13,47.5],[12.7,47.7],[11.1,47.4],[10.5,47.6],[10.2,47.3],[10.2,47.4],[9.8,47.6],[8.6,47.8],[8.4,47.7],[8.6,47.7],[8.6,47.6],[7.6,47.6],[7.6,48.1],[7.8,48.6],[8.2,49],[7.4,49.2],[6.7,49.2],[6.4,49.5],[6.5,49.8],[6.1,50.1],[6.4,50.4],[5.9,51],[6.2,51.4],[6,51.8],[6.7,51.9],[6.8,52.1],[7.1,52.2],[7.1,52.4],[6.7,52.6],[7.1,52.6],[7.2,53.2],[7.4,53.3],[7,53.4],[7.2,53.7],[8,53.7],[8.1,53.4],[8.3,53.4],[8.3,53.6],[8.5,53.6],[8.5,53.4],[8.5,53.4],[8.6,53.5],[8.5,53.7],[8.7,53.9],[9.3,53.9],[9.6,53.6],[9.8,53.5],[9.3,53.9],[8.9,53.9],[8.8,54],[9,54.1],[8.8,54.2],[8.9,54.3],[8.6,54.3],[9,54.5],[8.5,54.9],[8.3,54.7],[8.3,54.9],[8.4,55],[8.5,54.9],[9.9,54.8],[10,54.6],[9.9,54.5],[11,54.4]]]]}},{"type":"Feature","properties":{"code":"GB-UK","name":"United Kingdom (Channel Islands)","country_code":"GB","country":"United Kingdom","region":"Channel Islands","level":"subnational"},"geometry":{"type":"MultiPolygon","coordinates":[[[[-2,49.2],[-2.2,49.2],[-2.2,49.3],[-2,49.2],[-2,49.2]]],[[[-2.6,49.4],[-2.7,49.4],[-2.5,49.5],[-2.5,49.4],[-2.6,49.4]]]]}},{"type":"Feature","properties":{"code":"SK","name":"Slovakia","country_code":"SK","country":"Slovakia","region":null,"level":"country"},"geometry":{"type":"Polygon","coordinates":[[[22.6,49.1],[22.1,48.4],[21.7,48.4],[21.4,48.6],[20.7,48.6],[19.9,48.1],[19.6,48.2],[19.5,48.1],[18.8,48],[18.8,47.8],[18.7,47.8],[17.7,47.8],[17.1,48],[16.8,48.4],[17.1,48.8],[17.7,48.9],[18.6,49.5],[19.2,49.4],[19.5,49.6],[19.8,49.4],[19.8,49.2],[20.1,49.2],[20.4,49.4],[20.9,49.3],[21.6,49.4],[22.6,49.1]]]}},{"type":"Feature","properties":{"code":"MD","name":"Moldova","country_code":"MD","country":"Moldova","region":null,"level":"country"},"geometry":{"type":"Polygon","coordinates":[[[28.2,45.4],[28.1,45.6],[28.2,46.6],[28.1,47],[27.3,47.7],[27,48.2],[26.6,48.3],[26.7,48.3],[27.8,48.4],[29.1,48],[29.2,47.4],[29.6,47.3],[29.6,46.9],[29.9,46.8],[29.9,46.5],[30.1,46.4],[29,46.5],[29,46],[28.5,45.7],[28.5,45.5],[28.2,45.4]]]}},{"type":"Feature","properties":{"code":"HU","name":"Hungary","country_code":"HU","country":"Hungary","region":null,"level":"country"},"geometry":{"type":"Polygon","coordinates":[[[22.2,48.4],[22.9,48],[22,47.5],[21.2,46.3],[20.7,46.1],[19.6,46.2],[18.4,45.8],[17.9,45.8],[17.3,46],[16.5,46.5],[16.3,46.8],[16.1,46.9],[16.5,47],[16.5,47.4],[16.7,47.5],[16.5,47.7],[17.1,47.7],[17.2,48],[17.8,47.7],[18.7,47.8],[18.8,47.8],[18.8,48],[19.5,48.1],[19.6,48.2],[19.9,48.1],[20.7,48.6],[21.4,48.6],[21.8,48.3],[22.2,48.4]]]}},{"type":"Feature","properties":{"code":"AT","name":"Austria","country_code":"AT","country":"Austria","region":null,"level":"country"},"geometry":{"type":"Polygon","coordinates":[[[16.9,48.6],[16.8,48.4],[17.2,48],[17.1,47.7],[16.5,47.7],[16.7,47.5],[16.5,47.4],[16.5,47],[15.9,46.7],[14.9,46.6],[14.5,46.4],[12.4,46.7],[12.2,46.9],[12.2,47.1],[11.2,47],[11,46.8],[10.5,46.9],[10.4,47],[10.1,46.9],[9.6,47.1],[9.5,47.3],[9.7,47.4],[9.6,47.5],[9.8,47.6],[10.2,47.4],[10.2,47.3],[10.5,47.6],[11.1,47.4],[12.7,47.7],[13,47.5],[13.1,47.6],[12.9,47.7],[13,47.9],[12.8,48.1],[13.4,48.4],[13.4,48.6],[13.7,48.5],[13.8,48.8],[14.7,48.6],[15,49],[16.1,48.8],[16.5,48.8],[16.9,48.6]]]}},{"type":"Feature","properties":{"code":"LI","name":"Liechtenstein","country_code":"LI","country":"Liechtenstein","region":null,"level":"country"},"geometry":{"type":"Polygon","coordinates":[[[9.6,47.1],[9.5,47.1],[9.5,47.3],[9.6,47.1],[9.6,47.1]]]}},{"type":"Feature","properties":{"code":"SI","name":"Slovenia","country_code":"SI","country":"Slovenia","region":null,"level":"country"},"geometry":{"type":"Polygon","coordinates":[[[16.6,46.5],[16.3,46.5],[15.7,46.2],[15.7,45.8],[15.3,45.8],[15.2,45.4],[14.8,45.5],[14.6,45.7],[14.4,45.5],[13.6,45.5],[13.9,45.6],[13.5,46],[13.7,46.2],[13.4,46.3],[13.7,46.5],[14.5,46.4],[14.9,46.6],[16.1,46.9],[16.3,46.8],[16.6,46.5]]]}},{"type":"Feature","properties":{"code":"CH","name":"Switzerland","country_code":"CH","country":"Switzerland","region":null,"level":"country"},"geometry":{"type":"Polygon","coordinates":[[[9.6,47.5],[9.7,47.4],[9.5,47.1],[10.1,46.9],[10.5,46.9],[10.5,46.5],[10.1,46.5],[10.1,46.2],[9.9,46.4],[9.5,46.3],[9.3,46.5],[9,45.8],[8.8,46.1],[8.4,46.2],[8.4,46.5],[7.9,45.9],[7.1,45.9],[6.8,46.2],[6.7,46.5],[6.3,46.4],[6.1,46.1],[6,46.2],[6.1,46.3],[6.1,46.6],[7,47.3],[7,47.5],[8.6,47.6],[8.4,47.7],[8.6,47.8],[9.6,47.5]],[[8.7,47.7],[8.7,47.7],[8.7,47.7],[8.7,47.7],[8.7,47.7]]]}},{"type":"Feature","properties":{"code":"FR","name":"France (Mainland)","country_code":"FR","country":"France (Mainland)","region":null,"level":"country"},"geometry":{"type":"MultiPolygon","coordinates":[[[[-1.2,45.8],[-1.4,46],[-1.4,46],[-1.2,46],[-1.2,45.8]]],[[[-1.3,46.2],[-1.5,46.2],[-1.6,46.2],[-1.5,46.3],[-1.3,46.2]]],[[[-3.1,47.3],[-3.2,47.3],[-3.3,47.4],[-3.2,47.4],[-3.1,47.3]]],[[[-3.6,48.8],[-3.6,48.8],[-3.6,48.8],[-3.6,48.8],[-3.6,48.8]]],[[[2.5,51.1],[2.7,50.8],[3.2,50.8],[3.3,50.5],[4.2,50.3],[4.1,50],[4.5,49.9],[4.8,50.2],[4.9,49.8],[5.5,49.5],[6.4,49.5],[6.7,49.2],[7.4,49.2],[8.2,49],[7.8,48.6],[7.6,48.1],[7.6,47.6],[7.4,47.4],[7,47.5],[7,47.3],[6.1,46.6],[6.1,46.3],[6,46.2],[6.2,46.2],[6.5,46.5],[6.8,46.4],[6.8,46.2],[7,45.9],[6.8,45.7],[7.2,45.4],[6.6,45.1],[7,44.8],[6.9,44.4],[7.7,44.1],[7.5,43.8],[6.8,43.4],[6.6,43.2],[6.2,43.1],[5,43.3],[5.2,43.5],[5,43.6],[4.8,43.4],[4.7,43.6],[4.7,43.4],[4,43.5],[3.1,43.1],[3,42.8],[3.2,42.4],[2.5,42.3],[2,42.4],[1.7,42.6],[0.7,42.9],[0.7,42.7],[0,42.7],[-1.4,43],[-1.4,43.3],[-1.8,43.4],[-1.4,43.6],[-1.2,44.6],[-1,44.7],[-1.2,44.7],[-1.1,45.6],[-0.5,44.9],[-0.8,45.5],[-1.2,45.7],[-1.1,45.9],[-1.1,46.3],[-1.8,46.5],[-2.1,46.8],[-2,47],[-2.2,47.1],[-2.1,47.3],[-1.7,47.2],[-2,47.3],[-2.5,47.3],[-2.4,47.5],[-2.8,47.5],[-2.7,47.6],[-3.1,47.6],[-3.1,47.5],[-3.2,47.7],[-4,47.9],[-4.4,47.8],[-4.7,48],[-4.3,48.1],[-4.5,48.2],[-4.6,48.3],[-4.2,48.3],[-4.4,48.3],[-4.8,48.3],[-4.8,48.5],[-4.4,48.7],[-3.6,48.7],[-3.5,48.8],[-3.2,48.9],[-2.7,48.5],[-2.3,48.7],[-2,48.5],[-2,48.7],[-1.4,48.6],[-1.6,48.7],[-1.6,49.2],[-1.9,49.7],[-1.3,49.7],[-1.1,49.4],[-0.2,49.3],[0.4,49.5],[0.1,49.5],[0.2,49.7],[1.5,50.1],[1.6,50.9],[2.5,51.1]]]]}},{"type":"Feature","properties":{"code":"RS","name":"Serbia","country_code":"RS","country":"Serbia","region":null,"level":"country"},"geometry":{"type":"Polygon","coordinates":[[[20.3,46.1],[20.8,45.8],[20.8,45.5],[21.5,45.2],[21.4,45],[21.6,44.9],[21.4,44.8],[22.1,44.5],[22.4,44.7],[22.8,44.6],[22.5,44.5],[22.7,44.2],[22.4,43.8],[22.5,43.5],[23,43.2],[22.7,42.9],[22.4,42.8],[22.6,42.5],[22.5,42.4],[21.1,42.2],[20.6,41.9],[20.5,42.2],[20,42.7],[20.3,42.9],[19.3,43.5],[19.5,43.7],[19.2,44],[19.6,44.1],[19.1,44.4],[19.4,44.9],[19,44.9],[19.2,45.2],[19.4,45.2],[19,45.4],[19.1,45.5],[18.9,45.6],[19,45.8],[18.8,45.9],[19.6,46.2],[20.3,46.1]]]}},{"type":"Feature","properties":{"code":"RO","name":"Romania","country_code":"RO","country":"Romania","region":null,"level":"country"},"geometry":{"type":"Polygon","coordinates":[[[28.2,45.4],[28.7,45.2],[29.3,45.4],[29.7,45.3],[29.6,44.8],[29.2,44.8],[29,45],[28.9,44.9],[28.9,44.8],[28.8,44.7],[28.9,44.7],[29,44.7],[28.8,44.6],[28.8,44.5],[28.9,44.6],[28.6,44.3],[28.6,43.7],[27,44.1],[26.1,44],[25.5,43.6],[24.2,43.7],[22.9,43.8],[23,44.1],[22.5,44.5],[22.7,44.6],[22.4,44.7],[22.1,44.5],[21.4,44.8],[21.6,44.9],[21.4,45],[21.5,45.2],[20.8,45.5],[20.8,45.8],[20.3,46.1],[21.2,46.3],[22,47.5],[23.2,48.1],[24.6,48],[24.9,47.7],[25.3,47.9],[26.2,48],[26.7,48.3],[27,48.2],[27.3,47.7],[28.1,47],[28.2,46.6],[28.1,45.6],[28.2,45.4]]]}},{"type":"Feature","properties":{"code":"BA","name":"Bosnia and Herzegovina","country_code":"BA","country":"Bosnia and Herzegovina","region":null,"level":"country"},"geometry":{"type":"Polygon","coordinates":[[[19,44.9],[19.4,44.9],[19.1,44.4],[19.6,44],[19.2,44],[19.5,43.6],[18.9,43.5],[19.1,43.3],[18.9,43.4],[18.7,43.3],[18.5,43],[18.6,42.7],[18.5,42.6],[17.6,42.9],[17.7,43],[17.3,43.5],[16.1,44.2],[16.1,44.5],[15.7,44.8],[15.8,45.2],[16.3,45],[16.5,45.2],[16.9,45.3],[17.9,45],[18.6,45.1],[19,44.9]]]}},{"type":"Feature","properties":{"code":"HR","name":"Croatia","country_code":"HR","country":"Croatia","region":null,"level":"country"},"geometry":{"type":"MultiPolygon","coordinates":[[[[17.7,42.7],[17.4,42.8],[17.3,42.8],[17.4,42.8],[17.7,42.7]]],[[[16.8,43],[17,43],[17.2,42.9],[16.9,42.9],[16.6,43],[16.8,43]]],[[[17.3,43],[18.4,42.6],[18.5,42.4],[17,43],[17.3,43]]],[[[16.2,43],[16.1,43],[16.1,43.1],[16.3,43.1],[16.2,43]]],[[[17.1,43.1],[16.7,43.1],[16.4,43.2],[16.6,43.2],[17.1,43.1]]],[[[16.9,43.3],[16.6,43.3],[16.4,43.3],[16.4,43.4],[16.9,43.3]]],[[[15.2,43.9],[15.1,43.9],[14.9,44.2],[15.2,43.9],[15.2,43.9]]],[[[15,44.5],[15.2,44.3],[14.7,44.7],[14.9,44.6],[15,44.5]]],[[[14.5,44.5],[14.4,44.6],[14.3,44.7],[14.4,44.7],[14.5,44.5]]],[[[14.4,45],[14.5,44.6],[14.5,44.6],[14.3,45.2],[14.4,45]]],[[[14.8,44.9],[14.4,45.1],[14.5,45.2],[14.8,45],[14.8,44.9]]],[[[16.6,46.5],[17.7,45.8],[18.4,45.7],[18.8,45.9],[19,45.8],[18.9,45.6],[19.1,45.5],[19,45.4],[19.4,45.2],[19.2,45.2],[19,44.9],[18.3,45.1],[17.9,45],[16.9,45.3],[16.5,45.2],[16.3,45],[16,45.2],[15.8,45.2],[15.7,44.8],[16.1,44.5],[16.1,44.2],[17.3,43.5],[17.7,43],[16.9,43.4],[16,43.5],[15.9,43.7],[15.2,44.2],[15.5,44.3],[15,44.6],[14.8,45.1],[14.5,45.3],[14.3,45.4],[13.9,44.8],[13.6,45.2],[13.5,45.5],[14.4,45.5],[14.6,45.7],[14.8,45.5],[15.3,45.5],[15.3,45.8],[15.7,45.8],[15.7,46.2],[16.3,46.5],[16.6,46.5]]]]}},{"type":"Feature","properties":{"code":"BG","name":"Bulgaria","country_code":"BG","country":"Bulgaria","region":null,"level":"country"},"geometry":{"type":"Polygon","coordinates":[[[22.7,44.2],[23,44.1],[22.8,43.9],[23,43.8],[25.4,43.6],[26.3,44],[27.3,44.1],[28.6,43.7],[28.6,43.5],[28.1,43.4],[27.9,42.7],[27.4,42.5],[27.7,42.4],[28,42],[27.6,41.9],[27.2,42.1],[26.6,42],[26.4,41.7],[26.1,41.7],[26.2,41.4],[26,41.3],[25.3,41.2],[24.3,41.6],[23.1,41.3],[22.9,41.3],[23,41.7],[22.8,42],[22.4,42.3],[22.6,42.5],[22.4,42.8],[22.7,42.9],[23,43.2],[22.5,43.5],[22.4,43.8],[22.7,44.2]]]}},{"type":"Feature","properties":{"code":"SM","name":"San Marino","country_code":"SM","country":"San Marino","region":null,"level":"country"},"geometry":{"type":"Polygon","coordinates":[[[12.5,43.9],[12.4,43.9],[12.4,44],[12.5,44],[12.5,43.9]]]}},{"type":"Feature","properties":{"code":"MC","name":"Monaco","country_code":"MC","country":"Monaco","region":null,"level":"country"},"geometry":{"type":"Polygon","coordinates":[[[7.4,43.8],[7.4,43.7],[7.4,43.7],[7.4,43.7],[7.4,43.8]]]}},{"type":"Feature","properties":{"code":"ME","name":"Montenegro","country_code":"ME","country":"Montenegro","region":null,"level":"country"},"geometry":{"type":"Polygon","coordinates":[[[19.2,43.5],[20.4,42.8],[20,42.8],[20.1,42.6],[19.8,42.5],[19.7,42.6],[19.3,42.2],[19.4,41.8],[18.5,42.5],[18.6,42.7],[18.5,43],[18.7,43.3],[18.9,43.4],[19.1,43.2],[18.9,43.5],[19.2,43.5]]]}},{"type":"Feature","properties":{"code":"KG","name":"Kyrgyzstan","country_code":"KG","country":"Kyrgyzstan","region":null,"level":"country"},"geometry":{"type":"Polygon","coordinates":[[[80.2,42.2],[80.2,42],[78.4,41.4],[78.1,41],[76.9,41],[76.3,40.4],[75.7,40.3],[75.6,40.6],[75.2,40.5],[74.9,40.5],[74.9,40.3],[74,40],[73.8,39.5],[72.7,39.4],[72.3,39.2],[72.1,39.4],[71.8,39.3],[71.8,39.5],[71.5,39.5],[71.5,39.6],[71,39.4],[70.5,39.6],[69.3,39.5],[69.2,39.8],[69.3,40],[69.5,39.9],[69.5,40.1],[70,40.2],[70.5,40],[70.5,39.9],[71,40.3],[71.7,40.1],[72.2,40.5],[72.4,40.4],[72.4,40.6],[72.7,40.5],[73.1,40.8],[72.2,41],[72.2,41.2],[71.9,41.2],[71.7,41.6],[71.6,41.3],[71.4,41.3],[71.4,41.1],[70.8,41.3],[70.7,41.5],[70.2,41.5],[71.3,42.2],[70.9,42.3],[71.4,42.8],[72.3,42.8],[73.5,42.4],[73.4,42.6],[73.6,43],[74.3,43.2],[75.7,42.8],[75.8,42.9],[77,43],[79.2,42.8],[79.4,42.5],[80,42.4],[80.2,42.2]],[[78.3,42.7],[77.3,42.7],[76.2,42.4],[76.3,42.3],[77.5,42.2],[78.3,42.6],[78.1,42.6],[78.3,42.7]]]}},{"type":"Feature","properties":{"code":"AD","name":"Andorra","country_code":"AD","country":"Andorra","region":null,"level":"country"},"geometry":{"type":"Polygon","coordinates":[[[1.7,42.5],[1.5,42.4],[1.4,42.5],[1.6,42.7],[1.7,42.5]]]}},{"type":"Feature","properties":{"code":"MK","name":"North Macedonia","country_code":"MK","country":"North Macedonia","region":null,"level":"country"},"geometry":{"type":"Polygon","coordinates":[[[22.4,42.3],[23,41.7],[23,41.4],[22.7,41.2],[22,41.1],[21.6,40.9],[20.7,40.9],[20.5,41.5],[20.8,42.1],[22.4,42.3]]]}},{"type":"Feature","properties":{"code":"AZ","name":"Azerbaijan","country_code":"AZ","country":"Azerbaijan","region":null,"level":"country"},"geometry":{"type":"MultiPolygon","coordinates":[[[[45.1,39.8],[45.5,39.5],[45.8,39.5],[46.2,38.8],[45.5,39],[45.1,39.2],[44.8,39.7],[45.1,39.8]]],[[[45.2,41],[45.2,41],[45.2,41],[45.2,41]]],[[[45,41],[45,41],[45,41.1],[45,41.1],[45,41]]],[[[46.6,41.9],[47.2,41.6],[47.3,41.3],[47.8,41.2],[48.6,41.8],[49.5,40.7],[50.2,40.5],[50.4,40.3],[50,40.3],[49.5,40.2],[49.3,39.5],[49.4,39.4],[49.2,39],[49,39.2],[48.9,38.4],[48.6,38.4],[48,38.8],[48.3,39],[48.1,39.3],[48.4,39.4],[48,39.7],[46.5,38.9],[46.4,39.2],[46.6,39.2],[46.4,39.4],[46.5,39.5],[45.6,40],[45.9,40],[46,40.2],[45.5,40.5],[45.4,40.7],[45.6,40.9],[45.1,41.1],[45.2,41.1],[45,41.3],[45.3,41.5],[46.5,41],[46.7,41.3],[46.2,41.7],[46.6,41.9]],[[45.5,40.6],[45.5,40.6],[45.6,40.7],[45.5,40.7],[45.5,40.6]]]]}},{"type":"Feature","properties":{"code":"AL","name":"Albania","country_code":"AL","country":"Albania","region":null,"level":"country"},"geometry":{"type":"Polygon","coordinates":[[[20.1,42.6],[20.5,42.2],[20.5,41.2],[21.1,40.7],[20.7,40.1],[20.3,40],[20.4,39.8],[20.2,39.6],[19.3,40.4],[19.5,40.4],[19.3,40.6],[19.5,40.9],[19.4,41.4],[19.6,41.8],[19.4,41.8],[19.3,42.2],[19.7,42.7],[19.8,42.5],[20.1,42.6]]]}},{"type":"Feature","properties":{"code":"TM","name":"Turkmenistan","country_code":"TM","country":"Turkmenistan","region":null,"level":"country"},"geometry":{"type":"Polygon","coordinates":[[[66.5,37.4],[65.7,37.5],[65.6,37.3],[64.8,37.1],[64.5,36.3],[63.1,35.9],[63.1,35.4],[62.3,35.1],[62,35.4],[61.6,35.4],[61.3,35.6],[61.2,36.7],[60.3,36.7],[60.1,37],[59.5,37.2],[59.3,37.5],[57.5,37.9],[57.2,38.3],[55.4,38.1],[54.8,37.7],[54.7,37.4],[53.9,37.4],[53.8,38.5],[54,38.9],[53.5,39.3],[53.2,39.3],[53.2,39.2],[53.1,39.4],[53.3,39.7],[53.2,39.5],[53.7,39.5],[53.4,39.7],[53.6,40],[52.9,40],[53,39.8],[52.7,40],[52.7,40.4],[52.9,41.1],[53.1,40.8],[53.5,40.7],[53.6,40.9],[53.7,40.6],[54.3,40.7],[54.2,40.9],[54.7,40.9],[54.7,41.1],[54.1,41.5],[53.8,42.1],[52.9,42],[52.8,41.7],[52.9,41],[52.4,41.7],[53,42.1],[54.2,42.3],[54.9,41.9],[55.5,41.3],[57,41.3],[57.1,41.3],[57,41.9],[57.4,42.2],[57.8,42.2],[58,42.5],[58.5,42.3],[58.2,42.6],[58.6,42.7],[58.6,42.8],[59.3,42.4],[60,42.2],[60.3,41.8],[60.1,41.8],[60.1,41.4],[61.3,41.2],[61.4,41.3],[61.9,41.1],[62.4,40.4],[62.4,40],[63.7,39.2],[65.6,38.3],[66.7,38],[66.5,37.4]]]}},{"type":"Feature","properties":{"code":"UZ","name":"Uzbekistan","country_code":"UZ","country":"Uzbekistan","region":null,"level":"country"},"geometry":{"type":"Polygon","coordinates":[[[61,44.3],[62,43.5],[63.2,43.6],[64.5,43.5],[64.9,43.7],[65.5,43.3],[65.8,42.9],[66.1,43],[66,42],[66.5,42],[66.7,41.2],[67.9,41.2],[68.2,41],[68,40.8],[68.5,40.6],[68.6,40.6],[68.6,40.9],[69.1,41.2],[69.1,41.4],[71.1,42.3],[71.3,42.2],[70.2,41.5],[70.7,41.5],[70.8,41.3],[71.4,41.1],[71.4,41.3],[71.6,41.3],[71.7,41.6],[71.9,41.2],[72.2,41.2],[72.2,41],[73.2,40.8],[72.7,40.5],[72.4,40.6],[72.4,40.4],[72.2,40.5],[71.7,40.1],[71.3,40.3],[70.6,40.2],[70.4,40.4],[70.8,40.7],[70.4,41],[69.7,40.6],[69.4,40.8],[69.3,40.2],[68.6,40.2],[69,40.1],[68.8,40.1],[68.9,39.9],[68.6,39.9],[68.5,39.6],[67.7,39.6],[67.4,39.5],[67.4,39.2],[67.7,39.1],[67.7,39],[68.1,39],[68.1,38.5],[68.4,38.2],[67.8,37.5],[67.8,37.2],[67.2,37.2],[67,37.4],[66.5,37.4],[66.6,38],[65.6,38.3],[62.6,39.9],[61.9,41.1],[61.4,41.3],[61.3,41.2],[60.1,41.4],[60.1,41.8],[60.3,41.8],[60,42.2],[59.3,42.4],[58.6,42.8],[58.6,42.7],[58.2,42.6],[58.5,42.3],[58,42.5],[57.8,42.2],[57.4,42.2],[57,41.9],[57.1,41.3],[56,41.3],[56,45],[58.6,45.6],[58.2,44.9],[58.2,44.3],[58.4,44.2],[58.3,43.8],[59,43.7],[58.8,43.8],[58.9,43.9],[58.7,43.9],[58.9,43.9],[59,43.9],[59.1,43.7],[59.3,43.8],[59.8,43.7],[59.8,43.4],[61,43.7],[61,43.8],[60.7,44],[61,44.3]]]}},{"type":"Feature","properties":{"code":"TJ","name":"Tajikistan","country_code":"TJ","country":"Tajikistan","region":null,"level":"country"},"geometry":{"type":"Polygon","coordinates":[[[71,40.2],[70.5,39.9],[70.5,40],[70,40.2],[69.5,40.1],[69.5,39.9],[69.3,39.9],[69.3,39.5],[70.5,39.6],[71,39.4],[71.5,39.6],[71.5,39.5],[71.8,39.5],[71.8,39.3],[72.1,39.4],[72.3,39.2],[72.4,39.4],[73.7,39.5],[73.6,39.2],[73.9,39],[73.7,38.9],[73.8,38.6],[74.4,38.7],[74.9,38.5],[74.9,37.7],[75.2,37.4],[74.9,37.2],[74.3,37.4],[73.7,37.2],[73.6,37.3],[73.8,37.4],[73.3,37.5],[72.7,37],[71.7,36.7],[71.4,37.1],[71.6,37.9],[71.3,37.9],[71.4,38.2],[71,38.5],[70.2,37.9],[70.3,37.7],[70.2,37.5],[69.5,37.6],[69.3,37.1],[68.9,37.3],[68.1,36.9],[67.8,37.1],[67.8,37.5],[68.4,38.2],[68.1,38.5],[68.1,39],[67.7,39],[67.7,39.1],[67.4,39.2],[67.4,39.5],[67.7,39.6],[68.5,39.6],[68.6,39.9],[68.9,39.9],[68.8,40.1],[69,40.1],[68.6,40.2],[69.3,40.2],[69.4,40.8],[69.7,40.6],[70.4,41],[70.8,40.7],[70.4,40.4],[70.6,40.2],[71,40.2]]]}},{"type":"Feature","properties":{"code":"KP","name":"Korea, Democratic People's Republic of","country_code":"KP","country":"Korea, Democratic People's Republic of","region":null,"level":"country"},"geometry":{"type":"Polygon","coordinates":[[[130.6,42.4],[130.7,42.3],[130.4,42.3],[129.7,41.6],[129.8,41.4],[129.7,40.8],[127.5,39.7],[127.6,39.3],[127.5,39.4],[127.4,39.2],[128.4,38.7],[128.2,38.4],[127.1,38.3],[126.6,37.8],[126.4,37.9],[126.1,37.7],[125.6,38],[125.7,37.9],[125.3,37.7],[125.5,37.9],[125,37.9],[125.3,38.1],[124.7,38.1],[125,38.6],[125.7,38.6],[125.1,38.8],[125.5,39.6],[125.1,39.6],[124.7,39.8],[124.6,39.6],[124.3,39.9],[124.6,40.2],[126,40.9],[126.6,41.6],[126.9,41.8],[127.3,41.5],[128.2,41.4],[128.3,41.6],[128.1,42],[128.9,42],[129.3,42.4],[129.7,42.4],[129.9,43],[130.3,42.9],[130.2,42.7],[130.6,42.4]]]}},{"type":"Feature","properties":{"code":"DZ","name":"Algeria","country_code":"DZ","country":"Algeria","region":null,"level":"country"},"geometry":{"type":"Polygon","coordinates":[[[8.6,36.9],[8.2,36.5],[8.4,36.4],[8.3,35.9],[8.4,35.2],[8.3,34.7],[7.5,34.1],[7.5,33.9],[7.7,33.2],[8.2,33],[8.3,32.5],[9.1,32.1],[9.5,30.2],[9.3,30.1],[9.8,29.2],[9.8,28.3],[10,27.8],[9.7,27.3],[9.9,26.7],[9.4,26.2],[10,25.3],[10.1,24.8],[10.3,24.6],[11.6,24.3],[12,23.5],[7.5,20.9],[5.8,19.4],[3.3,19],[3.1,19.1],[3.3,19.4],[3.2,19.8],[2.4,20.1],[2.2,20.3],[1.8,20.3],[1.6,20.6],[1.2,20.7],[1.2,21.1],[-4.5,24.8],[-8.7,27.3],[-8.7,28.7],[-7.6,29.4],[-7.1,29.6],[-6.6,29.6],[-6.4,29.8],[-5.5,29.9],[-4.9,30.5],[-3.6,31],[-3.6,31.1],[-3.8,31.2],[-3.8,31.7],[-3,31.8],[-2.9,32.1],[-1.2,32.1],[-1.3,32.3],[-1,32.5],[-1.4,32.7],[-1.7,33.3],[-1.7,34.1],[-1.8,34.4],[-1.7,34.5],[-1.9,34.6],[-1.8,34.8],[-2.2,35.1],[-1.4,35.3],[-0.8,35.8],[-0.4,35.9],[-0.1,35.8],[0.2,36.1],[1.2,36.5],[2.6,36.6],[2.9,36.8],[3.9,36.9],[4.8,36.9],[5.3,36.6],[6.4,37.1],[6.9,36.9],[7.2,36.9],[7.2,37.1],[7.9,36.8],[8.6,36.9]]]}},{"type":"Feature","properties":{"code":"GI","name":"Gibraltar","country_code":"GI","country":"Gibraltar","region":null,"level":"country"},"geometry":{"type":"Polygon","coordinates":[[[-5.3,36.2],[-5.3,36.1],[-5.3,36.1],[-5.4,36.2],[-5.3,36.2]]]}},{"type":"Feature","properties":{"code":"AF","name":"Afghanistan","country_code":"AF","country":"Afghanistan","region":null,"level":"country"},"geometry":{"type":"Polygon","coordinates":[[[74.9,37.2],[74.5,37.2],[74.4,37.2],[74.6,37],[74.1,36.8],[72.6,36.8],[71.6,36.5],[71.2,36.1],[71.6,35.4],[71.5,35],[71,34.5],[71.2,34.4],[71.1,34.1],[69.9,34],[70.3,33.3],[69.5,33],[69.2,32.4],[69.3,31.9],[68.8,31.6],[68.6,31.8],[68.2,31.8],[67.6,31.5],[67.8,31.3],[66.7,31.2],[66.4,30.9],[66.3,29.9],[64.1,29.4],[62.5,29.4],[60.9,29.9],[61.9,31],[61.7,31.4],[60.8,31.5],[60.9,32.2],[60.6,33.1],[60.9,33.5],[60.5,33.6],[60.5,34.1],[60.9,34.3],[60.7,34.5],[61.1,34.8],[61.3,35.6],[61.6,35.4],[62,35.4],[62.3,35.1],[62.7,35.3],[63.1,35.5],[63.1,35.9],[64.5,36.3],[64.8,37.1],[65.6,37.3],[65.7,37.5],[66.3,37.3],[67,37.4],[67.2,37.2],[67.7,37.2],[68,36.9],[68.9,37.3],[69.3,37.1],[69.5,37.6],[70.2,37.5],[70.3,37.7],[70.2,37.9],[71,38.5],[71.4,38.2],[71.3,37.9],[71.6,37.9],[71.4,37.1],[71.7,36.7],[72.7,37],[73.3,37.5],[73.8,37.4],[73.6,37.3],[73.7,37.2],[74.3,37.4],[74.9,37.2]]]}},{"type":"Feature","properties":{"code":"MT","name":"Malta","country_code":"MT","country":"Malta","region":null,"level":"country"},"geometry":{"type":"Polygon","coordinates":[[[14.6,35.8],[14.4,35.8],[14.3,36],[14.5,35.9],[14.6,35.8]]]}},{"type":"Feature","properties":{"code":"IQ","name":"Iraq","country_code":"IQ","country":"Iraq","region":null,"level":"country"},"geometry":{"type":"Polygon","coordinates":[[[44.8,37.1],[44.9,36.8],[45.3,36.4],[45.4,36],[45.8,35.8],[46.3,35.8],[46,35.6],[46.2,35.1],[45.9,35],[45.7,34.7],[45.7,34.6],[45.4,34.5],[45.6,34.3],[45.4,34],[46.2,33.3],[46.1,33],[47.4,32.4],[47.9,31.8],[47.7,31],[48,31],[48,30.5],[48.6,29.9],[47.2,30],[46.7,29.2],[46.4,29.1],[44.7,29.2],[42.1,31.1],[40.4,31.9],[39.2,32.2],[39.3,32.2],[39.3,32.4],[39,32.3],[38.8,33.4],[41,34.4],[41.2,34.8],[41.4,36.5],[41.8,36.6],[42.8,37.4],[43.6,37.2],[44.1,37.3],[44.3,37],[44.8,37.1]]]}},{"type":"Feature","properties":{"code":"CY","name":"Cyprus","country_code":"CY","country":"Cyprus","region":null,"level":"country"},"geometry":{"type":"Polygon","coordinates":[[[34.1,35.4],[33.9,35.2],[34.1,35],[33.7,35],[33.6,34.8],[33,34.7],[32.5,34.7],[32.3,35.1],[32.9,35.2],[33,35.4],[33.7,35.4],[34.6,35.7],[34.1,35.4]]]}},{"type":"Feature","properties":{"code":"LB","name":"Lebanon","country_code":"LB","country":"Lebanon","region":null,"level":"country"},"geometry":{"type":"Polygon","coordinates":[[[35.6,33.2],[35.4,33.1],[35.1,33.1],[35.7,34.3],[36,34.6],[36.5,34.6],[36.4,34.5],[36.6,34.2],[36.3,33.9],[36.4,33.8],[36.1,33.8],[35.9,33.6],[36,33.6],[35.6,33.2]]]}},{"type":"Feature","properties":{"code":"LY","name":"Libya","country_code":"LY","country":"Libya","region":null,"level":"country"},"geometry":{"type":"Polygon","coordinates":[[[25.2,31.6],[24.9,31.4],[25,30.8],[24.7,30.2],[25,29.2],[25,20],[24,20],[24,19.5],[16,23.5],[14.2,22.6],[13.5,23.2],[12,23.5],[11.6,24.3],[10.3,24.6],[10.1,24.8],[10,25.3],[9.4,26.2],[9.5,26.4],[9.9,26.5],[9.9,26.9],[9.7,27.3],[10,27.8],[9.8,28.2],[9.8,29.4],[9.3,30.1],[9.9,30.4],[10.2,30.7],[10.3,30.9],[10.1,31.4],[10.3,31.7],[11.6,32.4],[11.5,33.2],[12.3,32.8],[13.3,32.9],[15.2,32.4],[15.8,31.4],[17.4,31.1],[19,30.3],[19.6,30.4],[20.1,30.9],[20.2,31.1],[19.9,31.7],[20.1,32.2],[20.6,32.6],[21.6,32.9],[23.1,32.6],[23.1,32.3],[23.2,32.2],[25,32],[25.2,31.6]]]}},{"type":"Feature","properties":{"code":"JO","name":"Jordan","country_code":"JO","country":"Jordan","region":null,"level":"country"},"geometry":{"type":"Polygon","coordinates":[[[39.2,32.2],[37,31.5],[38,30.5],[37.7,30.3],[37.5,30],[36.7,29.9],[36.1,29.2],[35,29.4],[35.2,30.4],[35.5,31.1],[35.6,32.7],[35.9,32.7],[36.4,32.4],[36.8,32.3],[38.8,33.4],[39,32.3],[39.3,32.4],[39.3,32.2],[39.2,32.2]]]}},{"type":"Feature","properties":{"code":"","name":"Gaza Strip","country_code":"","country":"Gaza Strip","region":null,"level":"country"},"geometry":{"type":"Polygon","coordinates":[[[34.3,31.2],[34.2,31.3],[34.5,31.6],[34.6,31.5],[34.3,31.2]]]}},{"type":"Feature","properties":{"code":"PK","name":"Pakistan","country_code":"PK","country":"Pakistan","region":null,"level":"country"},"geometry":{"type":"Polygon","coordinates":[[[77.8,35.5],[77,35.1],[76.9,34.7],[76.4,34.8],[75.7,34.5],[74.4,34.8],[73.9,34.6],[73.8,34.4],[74,34.2],[73.9,34.1],[74.3,34],[74,33.7],[74.2,33.5],[74,33.2],[74.3,33],[74.4,32.8],[74.6,32.8],[74.7,32.5],[75.1,32.5],[75.4,32.2],[74.6,31.9],[74.5,31.2],[74.7,31.1],[73.9,30.4],[73.9,30.1],[73.4,29.9],[73,29],[72.4,28.8],[71.9,28],[70.8,27.7],[70.6,28],[70.4,28],[69.5,27],[69.5,26.7],[70.2,26.6],[70.1,26],[70.3,25.7],[70.7,25.7],[70.7,25.4],[71.1,24.7],[71,24.6],[71.1,24.4],[70.9,24.3],[70.6,24.2],[70.6,24.4],[70,24.2],[68.8,24.3],[68.7,24],[68.3,23.9],[68.2,23.8],[68.2,23.9],[68.2,23.7],[68,23.9],[68,23.8],[67.9,23.9],[67.6,23.8],[67.3,24.2],[67.2,24.6],[67.2,24.8],[66.7,24.8],[66.7,25.2],[66.5,25.5],[66.4,25.6],[66.1,25.5],[66.5,25.4],[64.8,25.3],[64.6,25.2],[64.1,25.3],[64.1,25.5],[63.4,25.2],[62.1,25.2],[61.8,25],[61.6,25.2],[61.9,26.2],[62.3,26.4],[62.4,26.6],[63.2,26.6],[63.3,27.1],[62.8,27.3],[62.8,28.3],[61.9,28.6],[60.9,29.9],[62.5,29.4],[64.1,29.4],[66.3,29.9],[66.4,30.9],[66.7,31.2],[67.8,31.3],[67.6,31.5],[68.2,31.8],[68.6,31.8],[68.8,31.6],[69.3,31.9],[69.2,32.4],[69.5,33],[70.3,33.3],[69.9,34],[71.1,34.1],[71.2,34.4],[71,34.5],[71.5,35],[71.6,35.4],[71.2,36.1],[71.6,36.5],[72.2,36.7],[73.7,36.9],[74,36.8],[74.7,37.1],[75.1,37],[75.4,36.9],[75.5,36.7],[75.9,36.6],[76,36.2],[75.9,36.1],[76.2,35.8],[76.6,35.9],[76.9,35.6],[77.8,35.5]]]}},{"type":"Feature","properties":{"code":"UM","name":"Midway Islands","country_code":"UM","country":"Midway Islands","region":null,"level":"country"},"geometry":{"type":"Polygon","coordinates":[[[-177.4,28.2],[-177.4,28.2],[-177.4,28.2],[-177.4,28.2],[-177.4,28.2]]]}},{"type":"Feature","properties":{"code":"NP","name":"Nepal","country_code":"NP","country":"Nepal","region":null,"level":"country"},"geometry":{"type":"Polygon","coordinates":[[[88.1,27.9],[88,27.1],[88.2,26.8],[88.1,26.4],[87.3,26.4],[87,26.5],[86.7,26.4],[86,26.7],[85.9,26.6],[85.6,26.9],[85.2,26.8],[84.7,27],[84.6,27.3],[84.1,27.5],[83.9,27.4],[83.4,27.5],[83.3,27.3],[82.8,27.5],[82.7,27.7],[81.9,27.9],[80.1,28.9],[80.3,29.2],[80.4,29.8],[81,30.2],[81.2,30],[81.4,30.4],[81.6,30.4],[82.1,30.3],[82.2,30.1],[83.2,29.6],[83.5,29.2],[84.1,29.3],[84.5,28.7],[84.8,28.5],[85.2,28.6],[85.1,28.3],[85.7,28.3],[86,27.9],[86.2,28.2],[86.5,27.9],[86.7,28.1],[87.2,27.8],[88.1,27.9]]]}},{"type":"Feature","properties":{"code":"BT","name":"Bhutan","country_code":"BT","country":"Bhutan","region":null,"level":"country"},"geometry":{"type":"Polygon","coordinates":[[[91.7,27.8],[91.7,27.5],[92.1,27.3],[92.1,26.9],[90.7,26.8],[90.4,26.9],[89.8,26.7],[89.1,26.8],[88.8,27.1],[89.5,28.1],[90,28.3],[90.4,28.2],[90.4,28.1],[91.1,28],[91.3,28.1],[91.7,27.9],[91.7,27.8]]]}},{"type":"Feature","properties":{"code":"BS","name":"Bahamas, The","country_code":"BS","country":"Bahamas, The","region":null,"level":"country"},"geometry":{"type":"MultiPolygon","coordinates":[[[[-73,21.1],[-73.3,20.9],[-73.7,21],[-73,21.3],[-73,21.1]]],[[[-72.8,22.4],[-72.8,22.3],[-73.2,22.4],[-73.1,22.4],[-72.8,22.4]]],[[[-73.9,22.7],[-73.8,22.6],[-73.9,22.5],[-74.3,22.2],[-73.9,22.5],[-74,22.6],[-73.9,22.7]]],[[[-74.1,22.7],[-74.3,22.7],[-74.3,22.8],[-74,22.7],[-74.1,22.7]]],[[[-75,23.1],[-74.8,23],[-74.8,22.9],[-75.2,23.1],[-75.1,23.1],[-75.3,23.7],[-75,23.1]]],[[[-75.8,23.5],[-76,23.6],[-76,23.7],[-75.9,23.6],[-75.8,23.5]]],[[[-74.4,24],[-74.5,24],[-74.5,24],[-74.5,24.1],[-74.4,24]]],[[[-77.7,24],[-77.6,24.2],[-77.5,23.9],[-77.6,23.7],[-77.8,23.7],[-77.7,23.8],[-77.6,23.8],[-77.7,23.8],[-77.9,24.1],[-77.7,24.3],[-77.7,24]]],[[[-75.3,24.2],[-75.5,24.1],[-75.5,24.3],[-75.7,24.7],[-75.3,24.2]]],[[[-77.4,25],[-77.6,25],[-77.3,25.1],[-77.3,25],[-77.4,25]]],[[[-77.8,24.7],[-77.7,24.5],[-78,24.3],[-78.4,24.6],[-78.2,24.6],[-78.3,24.7],[-78.2,25.2],[-78,25.2],[-77.8,24.7]]],[[[-76.5,25.4],[-76.3,25.3],[-76.1,25.1],[-76.2,24.7],[-76.3,24.8],[-76.2,25.1],[-76.7,25.4],[-76.7,25.6],[-76.5,25.4]]],[[[-77.9,26.7],[-78.7,26.5],[-79,26.7],[-78.7,26.6],[-78.5,26.7],[-77.9,26.7]]],[[[-77.7,26.9],[-77.5,26.9],[-77,26.5],[-77.2,25.9],[-77.4,26],[-77.2,26.1],[-77.2,26.6],[-77.5,26.9],[-78,26.9],[-77.7,26.9]]]]}},{"type":"Feature","properties":{"code":"EH","name":"Western Sahara","country_code":"EH","country":"Western Sahara","region":null,"level":"country"},"geometry":{"type":"Polygon","coordinates":[[[-8.7,27.7],[-8.7,26],[-12,26],[-12,23.5],[-12.6,23.3],[-13.1,22.9],[-13,21.3],[-17,21.3],[-17.1,20.8],[-16.9,21.9],[-16.4,22.6],[-15.8,23.9],[-16,23.6],[-15.9,23.8],[-14.9,24.7],[-14.5,26.2],[-13.6,26.7],[-13.2,27.7],[-8.7,27.7]]]}},{"type":"Feature","properties":{"code":"BD","name":"Bangladesh","country_code":"BD","country":"Bangladesh","region":null,"level":"country"},"geometry":{"type":"MultiPolygon","coordinates":[[[[91.9,21.5],[91.8,21.7],[91.9,21.8],[92,21.6],[91.9,21.5]]],[[[90.5,22],[90.5,22.1],[90.6,22.2],[90.6,22],[90.5,22]]],[[[91,22.1],[91.1,22.5],[91.1,22.5],[91.2,22.2],[91,22.1]]],[[[91.5,22.3],[91.4,22.5],[91.4,22.6],[91.6,22.4],[91.5,22.3]]],[[[90.8,22.1],[90.6,22],[90.7,22.4],[90.6,22.8],[90.9,22.5],[90.8,22.1]]],[[[90.5,22.7],[90.5,22.9],[90.7,22.9],[90.5,22.8],[90.5,22.7]]],[[[88.4,26.6],[88.9,26.2],[89,26.3],[88.9,26.4],[89.1,26.4],[89.3,26],[89.5,26],[89.6,26.2],[89.7,26.2],[89.9,25.3],[90.4,25.1],[92,25.2],[92.5,24.9],[92.2,24.9],[92.1,24.4],[91.9,24.2],[91.4,24.1],[91.2,23.7],[91.3,23.1],[91.4,23.3],[91.6,22.9],[91.8,23.1],[92,23.7],[92.3,23.7],[92.7,21.3],[92.4,21.5],[92.2,21.4],[92.3,20.7],[92,21.2],[92,21.7],[91.7,22.5],[91.5,22.8],[91.2,22.6],[90.8,22.7],[90.6,23.1],[90.6,23.5],[90.7,23.5],[90.6,23.6],[90.5,23.6],[90.5,23.4],[90.3,23.4],[90.6,23.2],[90.4,22.8],[90.6,22.3],[90.4,22.1],[90.4,22.3],[90.3,21.8],[90,21.9],[90.2,22.2],[90,22],[90.1,22.2],[89.9,22],[90,22.5],[89.8,21.8],[89.5,21.7],[89.6,22.3],[89.5,22],[89.5,22.1],[89.5,22.3],[89.4,21.7],[89.4,22],[89.3,21.7],[89.1,21.8],[88.9,23],[89,23.2],[88.7,23.2],[88.8,23.5],[88.6,23.6],[88.8,24.2],[88.1,24.5],[88,24.7],[88.1,24.9],[88.4,24.9],[88.5,25.2],[88.9,25.2],[89,25.3],[88.1,25.8],[88.2,26.2],[88.5,26.4],[88.3,26.5],[88.4,26.6]]]]}},{"type":"Feature","properties":{"code":"TW","name":"Taiwan","country_code":"TW","country":"Taiwan","region":null,"level":"country"},"geometry":{"type":"MultiPolygon","coordinates":[[[[118.4,24.4],[118.3,24.4],[118.3,24.4],[118.4,24.5],[118.4,24.4]]],[[[121.7,25.1],[122,25],[121.8,24.9],[121.8,24.5],[121.4,23.1],[120.7,21.9],[120.6,22.3],[120.3,22.5],[120.1,23],[120.1,23.6],[121,25],[121.5,25.3],[121.7,25.1]]]]}},{"type":"Feature","properties":{"code":"OM","name":"Oman","country_code":"OM","country":"Oman","region":null,"level":"country"},"geometry":{"type":"MultiPolygon","coordinates":[[[[58.8,20.4],[58.8,20.3],[58.6,20.2],[58.9,20.7],[58.8,20.4]]],[[[56,24.9],[56.1,24.7],[56.4,25],[56.6,24.5],[57.2,23.9],[58.6,23.6],[59.4,22.7],[59.8,22.5],[59.8,22.2],[59.3,21.4],[58.8,21],[58.5,20.4],[58.2,20.4],[58.2,20.6],[57.8,20.2],[57.7,19.7],[57.8,19],[56.8,18.7],[56.4,17.9],[55.4,17.8],[55,17],[54.1,17],[53.1,16.6],[52,19],[55,20],[55.7,22],[55.2,22.7],[55.2,23],[55.6,23.8],[55.5,24],[56,24.1],[55.8,24.2],[55.8,24.6],[55.8,24.9],[56,24.9]]],[[[56.5,26.2],[56.3,26.2],[56.4,26],[56.3,25.6],[56.1,25.7],[56.1,26.1],[56.4,26.2],[56.3,26.2],[56.4,26.4],[56.5,26.2]]]]}},{"type":"Feature","properties":{"code":"MR","name":"Mauritania","country_code":"MR","country":"Mauritania","region":null,"level":"country"},"geometry":{"type":"MultiPolygon","coordinates":[[[[-16.4,19.6],[-16.5,19.7],[-16.3,19.9],[-16.4,19.7],[-16.4,19.6]]],[[[-6.7,26.1],[-4.8,25],[-6.6,25],[-5.6,16.5],[-5.3,16.3],[-5.5,15.5],[-9.3,15.5],[-9.3,15.7],[-9.4,15.4],[-10.7,15.4],[-10.9,15.1],[-11.5,15.6],[-11.7,15.5],[-11.8,14.9],[-12.1,14.7],[-12.8,15.2],[-13.4,16.1],[-13.8,16.1],[-14.3,16.6],[-16.3,16.5],[-16.5,16.1],[-16,17.7],[-16.2,18.9],[-16.5,19.4],[-16.3,19.5],[-16.5,19.4],[-16.2,20.2],[-16.9,21.2],[-17.1,20.8],[-17,21.3],[-13,21.3],[-13.1,22.9],[-12.6,23.3],[-12,23.5],[-12,26],[-8.7,26],[-8.7,27.3],[-6.7,26.1]]]]}},{"type":"Feature","properties":{"code":"SA","name":"Saudi Arabia","country_code":"SA","country":"Saudi Arabia","region":null,"level":"country"},"geometry":{"type":"MultiPolygon","coordinates":[[[[41.9,16.7],[42.1,16.8],[42.2,16.6],[41.8,16.7],[41.8,16.9],[41.9,16.7]]],[[[42,16.8],[41.8,16.9],[41.9,17],[41.9,17],[42,16.8]]],[[[44.7,29.2],[47.5,29],[47.7,28.5],[48.4,28.5],[48.9,27.8],[48.8,27.6],[49.2,27.5],[49.3,27.4],[49.1,27.4],[49.4,27.1],[49.5,27.2],[50.2,26.7],[50,26.7],[50.2,26.3],[50,26],[50.5,25.4],[50.7,24.8],[51,24.6],[51.5,24.6],[51.3,24.3],[51.6,24.3],[52.6,22.9],[55.2,22.7],[55.7,22],[55,20],[52,19],[48.8,18.3],[46.3,15.6],[46.3,16.7],[44.5,17.4],[43.9,17.3],[43.5,17.5],[43.3,17.5],[43.1,16.9],[43.2,16.7],[42.8,16.4],[42.5,17],[42.4,17],[42.3,17.4],[41.7,17.9],[41.2,18.7],[41.2,19.1],[40.8,19.8],[39.7,20.4],[39.2,21.1],[39,21.8],[39.1,22.6],[38.4,23.8],[37.4,24.4],[37.2,24.8],[37.2,25.2],[35.2,28.1],[34.6,28.1],[35,29.4],[36.1,29.2],[36.7,29.9],[37.5,30],[37.7,30.3],[38,30.5],[37,31.5],[39.2,32.2],[40.4,31.9],[42.1,31.1],[44.7,29.2]]]]}},{"type":"Feature","properties":{"code":"LA","name":"Laos","country_code":"LA","country":"Laos","region":null,"level":"country"},"geometry":{"type":"Polygon","coordinates":[[[102.1,22.4],[102.6,21.9],[102.7,21.7],[103,21.7],[102.9,21.3],[103.2,20.8],[103.7,20.7],[104.2,20.9],[104.6,20.7],[104.4,20.4],[104.9,20.2],[105,20],[104.6,19.6],[104,19.7],[104.1,19.5],[103.9,19.3],[105.2,18.6],[105.2,18.3],[105.5,18.2],[105.8,17.7],[106.6,17],[106.7,16.5],[106.9,16.5],[107,16.3],[107.5,16.1],[107.2,15.8],[107.7,15.3],[107.5,15],[107.5,14.7],[107.1,14.4],[106.9,14.3],[106.5,14.6],[106.3,14.5],[106,14.4],[106.2,14.1],[106.1,13.9],[105.3,14.2],[105.2,14.3],[105.5,14.6],[105.5,15.2],[105.6,15.7],[104.7,16.5],[104.8,17.4],[104,18.3],[103.3,18.4],[103,18],[102.7,17.8],[102.1,18.2],[101.2,17.5],[100.9,17.6],[101.2,18.1],[101.1,18.4],[101.4,19],[101.2,19.4],[101.3,19.6],[100.5,19.5],[100.4,19.7],[100.6,20.2],[100.3,20.4],[100.1,20.3],[100.3,20.7],[100.6,20.9],[100.5,21],[100.7,21.3],[101.1,21.6],[101.3,21.2],[101.8,21.1],[101.8,21.8],[101.6,22.2],[101.7,22.5],[102.1,22.4]]]}},{"type":"Feature","properties":{"code":"DO","name":"Dominican Republic","country_code":"DO","country":"Dominican Republic","region":null,"level":"country"},"geometry":{"type":"MultiPolygon","coordinates":[[[[-68.6,18.1],[-68.7,18.1],[-68.8,18.2],[-68.6,18.2],[-68.6,18.1]]],[[[-70.8,19.8],[-69.9,19.7],[-69.8,19.3],[-69.2,19.4],[-69.2,19.2],[-69.6,19.2],[-69.6,19.1],[-68.7,19],[-68.3,18.6],[-68.5,18.4],[-68.7,18.2],[-68.9,18.4],[-69.9,18.5],[-70.2,18.2],[-70.5,18.2],[-70.7,18.4],[-71.1,18.3],[-71.4,17.6],[-71.8,18],[-71.7,18.3],[-72,18.6],[-71.7,18.7],[-71.6,19.2],[-71.8,19.8],[-71.6,19.9],[-70.8,19.8]]]]}},{"type":"Feature","properties":{"code":"KY","name":"Cayman Islands","country_code":"KY","country":"Cayman Islands","region":null,"level":"country"},"geometry":{"type":"Polygon","coordinates":[[[-81.1,19.3],[-81.3,19.3],[-81.4,19.3],[-81.3,19.4],[-81.1,19.3]]]}},{"type":"Feature","properties":{"code":"UM","name":"Wake Island","country_code":"UM","country":"Wake Island","region":null,"level":"country"},"geometry":{"type":"Polygon","coordinates":[[[166.7,19.3],[166.6,19.3],[166.6,19.3],[166.7,19.3],[166.7,19.3]]]}},{"type":"Feature","properties":{"code":"VG","name":"British Virgin Islands","country_code":"VG","country":"British Virgin Islands","region":null,"level":"country"},"geometry":{"type":"MultiPolygon","coordinates":[[[[-64.7,18.4],[-64.7,18.4],[-64.6,18.5],[-64.6,18.4],[-64.7,18.4]]],[[[-64.4,18.4],[-64.4,18.5],[-64.3,18.5],[-64.3,18.5],[-64.4,18.4]]]]}},{"type":"Feature","properties":{"code":"PR","name":"Puerto Rico","country_code":"PR","country":"Puerto Rico","region":null,"level":"country"},"geometry":{"type":"MultiPolygon","coordinates":[[[[-65.4,18.1],[-65.6,18.1],[-65.3,18.1],[-65.3,18.1],[-65.4,18.1]]],[[[-67,18.5],[-65.9,18.5],[-65.6,18.2],[-65.9,18],[-67.2,17.9],[-67.3,18.4],[-67,18.5]]]]}},{"type":"Feature","properties":{"code":"AI","name":"Anguilla","country_code":"AI","country":"Anguilla","region":null,"level":"country"},"geometry":{"type":"Polygon","coordinates":[[[-63.2,18.2],[-63.1,18.3],[-63,18.3],[-63,18.2],[-63.2,18.2]]]}},{"type":"Feature","properties":{"code":"NE","name":"Niger","country_code":"NE","country":"Niger","region":null,"level":"country"},"geometry":{"type":"Polygon","coordinates":[[[15,23],[15.2,21.5],[15.6,21],[15.6,20.8],[16,20.4],[15.8,19.9],[15.5,16.9],[14.4,15.7],[13.7,14.6],[13,14.1],[13.3,13.7],[13.2,13.5],[12.9,13.5],[12.5,13.1],[11.5,13.4],[10.6,13.4],[10,13.2],[9.6,12.8],[8.8,12.9],[7.8,13.4],[6.9,13],[6.3,13.7],[5.5,13.9],[4.9,13.8],[4.1,13.5],[4.1,13],[3.7,12.5],[3.6,11.7],[2.8,12.4],[2.4,12.2],[2.4,11.9],[2.1,12.4],[2.3,12.5],[2.1,12.7],[1.6,12.6],[1,13],[1,13.4],[1.3,13.3],[0.5,13.9],[0.2,14.5],[0.2,15],[1,15],[1.3,15.3],[3.5,15.4],[3.9,15.7],[4.2,16.4],[4.2,19.1],[5.8,19.4],[7.5,20.9],[12,23.5],[13.5,23.2],[14.2,22.6],[15,23]]]}},{"type":"Feature","properties":{"code":"ER","name":"Eritrea","country_code":"ER","country":"Eritrea","region":null,"level":"country"},"geometry":{"type":"MultiPolygon","coordinates":[[[[40.1,15.8],[40.2,15.6],[40.4,15.6],[40,15.6],[40.1,15.7],[39.9,15.8],[40,15.9],[40.1,15.8]]],[[[38.8,17.7],[39.3,16],[39.7,15.1],[39.9,15.5],[40.2,15],[40.5,15],[40.8,14.7],[41.2,14.6],[41.7,13.9],[42.3,13.6],[42.4,13.2],[42.8,12.8],[43.1,12.8],[43.1,12.7],[42.7,12.4],[42.4,12.5],[40.8,14.2],[40.2,14.4],[39.5,14.6],[39.3,14.5],[39,14.7],[38.4,14.4],[37.9,14.9],[37.6,14.1],[37.3,14.5],[37,14.3],[36.5,14.3],[36.4,15.1],[37,16.3],[37,17.1],[37.4,17],[37.5,17.3],[38.3,17.5],[38.6,18],[38.8,17.7]]]]}},{"type":"Feature","properties":{"code":"KN","name":"Saint Kitts and Nevis","country_code":"KN","country":"Saint Kitts and Nevis","region":null,"level":"country"},"geometry":{"type":"Polygon","coordinates":[[[-62.7,17.3],[-62.6,17.2],[-62.9,17.4],[-62.8,17.4],[-62.7,17.3]]]}},{"type":"Feature","properties":{"code":"AG","name":"Antigua and Barbuda","country_code":"AG","country":"Antigua and Barbuda","region":null,"level":"country"},"geometry":{"type":"MultiPolygon","coordinates":[[[[-61.7,17],[-61.8,17],[-61.9,17.1],[-61.8,17.2],[-61.7,17]]],[[[-61.7,17.6],[-61.9,17.6],[-61.9,17.7],[-61.8,17.7],[-61.7,17.6]]]]}},{"type":"Feature","properties":{"code":"MS","name":"Montserrat","country_code":"MS","country":"Montserrat","region":null,"level":"country"},"geometry":{"type":"Polygon","coordinates":[[[-62.2,16.7],[-62.2,16.7],[-62.2,16.8],[-62.1,16.7],[-62.2,16.7]]]}},{"type":"Feature","properties":{"code":"UM","name":"Johnston Atoll","country_code":"UM","country":"Johnston Atoll","region":null,"level":"country"},"geometry":{"type":"Polygon","coordinates":[[[-169.5,16.7],[-169.5,16.7],[-169.5,16.7],[-169.5,16.7]]]}},{"type":"Feature","properties":{"code":"","name":"Paracel Islands","country_code":"","country":"Paracel Islands","region":null,"level":"country"},"geometry":{"type":"MultiPolygon","coordinates":[[[[111.7,16.5],[111.7,16.4],[111.7,16.5],[111.7,16.5]]],[[[112.7,16.7],[112.7,16.7],[112.7,16.7],[112.7,16.7]]],[[[112.3,16.9],[112.3,16.9],[112.3,16.9],[112.3,16.9],[112.3,16.9]]]]}},{"type":"Feature","properties":{"code":"ML","name":"Mali","country_code":"ML","country":"Mali","region":null,"level":"country"},"geometry":{"type":"Polygon","coordinates":[[[4.2,19.1],[4.2,16.4],[3.9,15.7],[3.5,15.4],[1.3,15.3],[1,15],[0.7,14.9],[-0.7,15.1],[-1.1,14.8],[-2,14.5],[-2,14.2],[-2.6,14.2],[-2.8,14],[-2.9,13.7],[-3.3,13.7],[-3.2,13.3],[-3.4,13.2],[-4,13.5],[-4.3,13.1],[-4.2,12.8],[-4.5,12.7],[-4.4,12.3],[-4.6,12.1],[-5.3,11.8],[-5.2,11.5],[-5.3,11.1],[-5.5,11.1],[-5.5,10.4],[-5.8,10.4],[-6,10.2],[-6.2,10.2],[-6.2,10.7],[-6.4,10.6],[-6.6,10.7],[-6.7,10.4],[-6.9,10.4],[-7,10.1],[-7.6,10.4],[-8,10.2],[-8,10.3],[-8.3,10.5],[-8.3,11],[-8.7,11],[-8.4,11.4],[-8.8,11.7],[-8.8,12],[-9.2,12.5],[-9.4,12.5],[-9.3,12.3],[-9.7,12],[-10.3,12.2],[-10.7,11.9],[-10.9,12.2],[-11.2,12],[-11.5,12.2],[-11.4,13],[-11.6,13.4],[-11.8,13.3],[-12,13.6],[-12,14.2],[-12.2,14.4],[-12.2,14.8],[-11.8,14.9],[-11.7,15.5],[-11.4,15.6],[-10.9,15.1],[-10.7,15.4],[-9.4,15.4],[-9.3,15.7],[-9.3,15.5],[-5.5,15.5],[-5.3,16.3],[-5.6,16.5],[-6.6,25],[-4.8,25],[1.2,21.1],[1.2,20.7],[1.6,20.6],[1.8,20.3],[2.2,20.3],[2.4,20.1],[3.2,19.8],[3.3,19.4],[3.1,19.1],[3.3,19],[4.2,19.1]]]}},{"type":"Feature","properties":{"code":"SN","name":"Senegal","country_code":"SN","country":"Senegal","region":null,"level":"country"},"geometry":{"type":"Polygon","coordinates":[[[-12.2,14.8],[-12.2,14.4],[-12,14.2],[-12.1,13.7],[-11.8,13.3],[-11.6,13.4],[-11.4,13],[-11.4,12.4],[-12.3,12.3],[-12.9,12.5],[-13,12.5],[-13.1,12.6],[-15.2,12.7],[-15.7,12.4],[-16.7,12.3],[-16.8,12.5],[-16.6,12.6],[-16.4,12.5],[-15.6,12.5],[-15.5,12.6],[-15.5,12.8],[-15.4,12.8],[-15.5,12.8],[-15.6,12.6],[-16,12.7],[-16.4,12.6],[-16.6,12.8],[-16.8,12.6],[-16.7,13.2],[-15.8,13.2],[-15.8,13.3],[-15.3,13.4],[-15.1,13.6],[-14.4,13.2],[-13.8,13.4],[-14,13.6],[-14.3,13.5],[-15.1,13.8],[-15.4,13.8],[-15.5,13.6],[-16.6,13.6],[-16.6,13.8],[-16.5,14],[-16.7,13.8],[-16.7,14],[-16.6,14],[-16.4,14.2],[-16.8,14],[-17.2,14.7],[-17.5,14.8],[-16.9,15.2],[-16.3,16.5],[-15.7,16.5],[-15,16.7],[-14.3,16.6],[-13.8,16.1],[-13.4,16.1],[-12.8,15.2],[-12.2,14.8]]]}},{"type":"Feature","properties":{"code":"GP","name":"Guadeloupe","country_code":"GP","country":"Guadeloupe","region":null,"level":"country"},"geometry":{"type":"MultiPolygon","coordinates":[[[[-61.2,15.9],[-61.3,15.9],[-61.3,16],[-61.2,15.9],[-61.2,15.9]]],[[[-61.3,16.3],[-61.6,16.2],[-61.7,15.9],[-61.8,16.3],[-61.5,16.3],[-61.5,16.5],[-61.3,16.3]]]]}},{"type":"Feature","properties":{"code":"CV","name":"Cabo Verde","country_code":"CV","country":"Cabo Verde","region":null,"level":"country"},"geometry":{"type":"MultiPolygon","coordinates":[[[[-24.4,14.8],[-24.5,14.9],[-24.4,15],[-24.3,14.9],[-24.4,14.8]]],[[[-23.4,15],[-23.7,14.9],[-23.8,15.3],[-23.7,15.3],[-23.4,15]]],[[[-23.1,15.1],[-23.3,15.2],[-23.2,15.3],[-23.1,15.3],[-23.1,15.1]]],[[[-22.7,16],[-22.9,16],[-23,16.1],[-22.8,16.2],[-22.7,16]]],[[[-24,16.6],[-24.3,16.5],[-24.4,16.6],[-24.4,16.7],[-24,16.6]]],[[[-22.9,16.6],[-23,16.8],[-22.9,16.9],[-22.9,16.7],[-22.9,16.6]]],[[[-24.9,16.8],[-25,16.8],[-25.1,16.8],[-24.9,16.9],[-24.9,16.8]]],[[[-25.2,16.9],[-25.4,17.1],[-25,17.2],[-25,17.1],[-25.2,16.9]]]]}},{"type":"Feature","properties":{"code":"MP","name":"Northern Mariana Islands","country_code":"MP","country":"Northern Mariana Islands","region":null,"level":"country"},"geometry":{"type":"MultiPolygon","coordinates":[[[[145.6,14.9],[145.6,15],[145.6,15.1],[145.7,15],[145.6,14.9]]],[[[145.7,15.1],[145.7,15.1],[145.7,15.2],[145.8,15.3],[145.7,15.1]]]]}},{"type":"Feature","properties":{"code":"BF","name":"Burkina Faso","country_code":"BF","country":"Burkina Faso","region":null,"level":"country"},"geometry":{"type":"Polygon","coordinates":[[[0.2,14.9],[0.2,14.5],[0.6,13.7],[1.3,13.3],[1,13.4],[1,13],[1.6,12.6],[2,12.7],[2.2,12.6],[2.2,12.4],[2.1,12.4],[2.4,11.9],[2,11.4],[1.4,11.5],[0.9,11],[0.5,10.9],[-0.3,11.2],[-0.6,10.9],[-2.8,11],[-2.9,10.7],[-2.8,9.4],[-3.2,9.9],[-3.8,9.9],[-4.3,9.6],[-4.7,9.7],[-5.1,10.3],[-5.5,10.3],[-5.5,11.1],[-5.3,11.1],[-5.2,11.5],[-5.3,11.8],[-4.6,12.1],[-4.4,12.3],[-4.5,12.7],[-4.2,12.8],[-4.3,13.1],[-4,13.5],[-3.4,13.2],[-3.2,13.3],[-3.3,13.7],[-2.9,13.7],[-2.8,14.1],[-2.5,14.3],[-2,14.2],[-2,14.5],[-1.1,14.8],[-0.7,15.1],[0.2,14.9]]]}},{"type":"Feature","properties":{"code":"ET","name":"Ethiopia","country_code":"ET","country":"Ethiopia","region":null,"level":"country"},"geometry":{"type":"Polygon","coordinates":[[[42.4,12.5],[41.8,11.7],[41.8,11],[42.9,11],[42.7,10.6],[43.4,9.4],[44,9],[47,8],[48,8],[45,4.9],[43.7,4.9],[43.2,4.7],[42.9,4.3],[42.1,4.2],[41.8,3.9],[41.2,3.9],[40.8,4.3],[39.9,3.9],[39.6,3.4],[38.1,3.6],[37,4.4],[36.2,4.4],[36.2,4.7],[35.9,4.6],[35.8,4.8],[35.8,5.3],[35.3,5.4],[34.7,6.7],[33.7,7.7],[33,7.8],[33.3,8.5],[33.8,8.4],[34.1,8.6],[34.1,9.6],[34.3,10.2],[34.3,10.6],[34.6,10.9],[34.8,10.7],[35,10.9],[35.1,11.8],[35.7,12.7],[36.1,12.7],[36.6,14.3],[37,14.3],[37.3,14.5],[37.6,14.1],[37.9,14.9],[38.4,14.4],[39,14.7],[39.3,14.5],[39.5,14.6],[40.2,14.4],[40.8,14.2],[42.4,12.5]],[[37.5,12.2],[37.1,12.2],[37,11.9],[37.3,11.8],[37.4,11.6],[37.5,12.2]]]}},{"type":"Feature","properties":{"code":"MQ","name":"Martinique","country_code":"MQ","country":"Martinique","region":null,"level":"country"},"geometry":{"type":"Polygon","coordinates":[[[-60.8,14.5],[-61,14.5],[-61.2,14.8],[-61,14.8],[-60.8,14.5]]]}},{"type":"Feature","properties":{"code":"LC","name":"St. Lucia","country_code":"LC","country":"St. Lucia","region":null,"level":"country"},"geometry":{"type":"Polygon","coordinates":[[[-60.9,13.8],[-61.1,13.8],[-60.9,14.1],[-60.9,14],[-60.9,13.8]]]}},{"type":"Feature","properties":{"code":"SV","name":"El Salvador","country_code":"SV","country":"El Salvador","region":null,"level":"country"},"geometry":{"type":"Polygon","coordinates":[[[-87.8,13.4],[-87.9,13.2],[-88.8,13.2],[-89.8,13.5],[-90.1,13.8],[-89.5,14.2],[-89.6,14.4],[-89.3,14.4],[-88.5,13.9],[-88.1,14],[-87.8,13.9],[-87.8,13.4]]]}},{"type":"Feature","properties":{"code":"GU","name":"Guam","country_code":"GU","country":"Guam","region":null,"level":"country"},"geometry":{"type":"Polygon","coordinates":[[[144.7,13.2],[144.7,13.4],[144.9,13.7],[145,13.6],[144.7,13.2]]]}},{"type":"Feature","properties":{"code":"VC","name":"Saint Vincent and the Grenadines","country_code":"VC","country":"Saint Vincent and the Grenadines","region":null,"level":"country"},"geometry":{"type":"Polygon","coordinates":[[[-61.2,13.1],[-61.3,13.2],[-61.2,13.4],[-61.1,13.3],[-61.2,13.1]]]}},{"type":"Feature","properties":{"code":"BB","name":"Barbados","country_code":"BB","country":"Barbados","region":null,"level":"country"},"geometry":{"type":"Polygon","coordinates":[[[-59.5,13.1],[-59.6,13.1],[-59.6,13.3],[-59.4,13.2],[-59.5,13.1]]]}},{"type":"Feature","properties":{"code":"PH","name":"Philippines","country_code":"PH","country":"Philippines","region":null,"level":"country"},"geometry":{"type":"MultiPolygon","coordinates":[[[[120.3,5.2],[120.2,5.1],[119.8,5.1],[120.2,5.3],[120.3,5.2]]],[[[121.4,6],[121.3,5.9],[120.9,5.9],[121.1,6.1],[121.4,6]]],[[[120.6,6.2],[120.5,6.3],[120.6,6.4],[120.6,6.3],[120.6,6.2]]],[[[122.2,6.7],[122,6.4],[121.8,6.6],[122,6.8],[122.2,6.7]]],[[[125.8,6.9],[125.7,7.1],[125.7,7.2],[125.8,7.1],[125.8,6.9]]],[[[122.8,7.3],[122.8,7.4],[122.9,7.4],[123,7.4],[122.8,7.3]]],[[[117,7.8],[116.9,8],[117.1,8.1],[117.1,7.9],[117,7.8]]],[[[117.3,8.2],[117.3,8.3],[117.3,8.3],[117.4,8.3],[117.3,8.2]]],[[[124.8,9.1],[124.6,9.2],[124.7,9.3],[124.8,9.2],[124.8,9.1]]],[[[123.7,9.2],[123.6,9.1],[123.5,9.2],[123.6,9.3],[123.7,9.2]]],[[[126,9.6],[125.9,9.6],[125.9,9.8],[126,9.7],[126,9.6]]],[[[126,9.3],[126.2,9.2],[126.3,8.9],[126.1,8.6],[126.4,8.5],[126.4,7.9],[126.6,7.7],[126.6,7.3],[126.3,6.9],[126.3,6.8],[126.2,6.9],[126.2,6.3],[125.9,7.3],[125.7,7.2],[125.4,6.7],[125.7,6],[125.4,5.6],[125.2,5.8],[125.3,6.1],[125,5.9],[124.2,6.2],[123.9,6.8],[124.3,7.4],[123.7,7.8],[123.5,7.8],[123.4,7.4],[123.1,7.5],[123.1,7.7],[123,7.5],[122.8,7.4],[122.8,7.7],[122.6,7.8],[122.1,6.9],[121.9,7],[122.2,8],[122.9,8.2],[123,8.5],[123.3,8.5],[123.4,8.7],[123.8,8.5],[123.9,8.2],[123.7,8],[124.2,8.2],[124.4,8.6],[124.7,8.5],[124.8,9],[125.1,8.8],[125.5,9],[125.4,9.8],[126,9.3]]],[[[126.1,9.7],[125.9,9.8],[126.1,10.1],[126.2,9.8],[126.1,9.7]]],[[[125.3,9.9],[125.1,10.1],[125.1,10.2],[125.2,10.1],[125.3,9.9]]],[[[124.5,10.1],[124.6,9.8],[124.4,9.6],[124,9.6],[123.8,9.7],[124.2,10.1],[124.5,10.1]]],[[[125.7,9.8],[125.5,10.1],[125.6,10.5],[125.7,9.9],[125.7,9.8]]],[[[119.8,10.4],[119.8,10.6],[120,10.6],[120,10.5],[119.8,10.4]]],[[[122.6,10.4],[122.5,10.5],[122.7,10.7],[122.7,10.6],[122.6,10.4]]],[[[125.8,10.7],[125.7,10.7],[125.7,10.8],[125.8,10.7],[125.8,10.7]]],[[[123.2,10],[123.1,9.6],[123.3,9.3],[123,9],[122.4,9.7],[122.5,10],[122.9,10.1],[123,10.9],[123.2,11],[123.6,10.8],[123.2,10]]],[[[123.4,9.4],[123.4,10],[124.1,11.3],[124,10.4],[123.6,10.1],[123.4,9.4]]],[[[119.5,11.3],[119.5,10.9],[119.7,10.5],[119.3,10.3],[119.2,10],[118.8,9.9],[118.8,9.7],[118.3,9.2],[117.2,8.3],[117.7,9.1],[118,9.3],[118.8,10.1],[118.8,10],[119,10.4],[119.1,10.4],[119.3,10.6],[119.2,11],[119.5,10.7],[119.3,11],[119.5,11.3]]],[[[119.8,11.4],[119.8,11.4],[119.7,11.5],[119.9,11.5],[119.8,11.4]]],[[[124.6,11.3],[125,11.4],[125,10.7],[125.3,10.3],[125.1,10.2],[125,10.4],[125,10],[124.8,10.2],[124.7,10.9],[124.4,10.9],[124.3,11.6],[124.6,11.3]]],[[[124.6,11.5],[124.5,11.5],[124.3,11.7],[124.5,11.7],[124.6,11.5]]],[[[124.8,11.5],[124.8,11.6],[124.7,11.7],[124.8,11.6],[124.8,11.5]]],[[[122.2,11.8],[122.6,11.5],[122.8,11.6],[122.9,11.4],[123.1,11.6],[123.1,11.2],[121.9,10.4],[122.1,11.6],[121.8,11.8],[122,11.9],[122.2,11.8]]],[[[120,11.7],[119.9,11.9],[119.9,12],[120.1,11.9],[120,11.7]]],[[[120.2,12.1],[120.3,12],[120,12],[119.9,12.3],[120.2,12.1]]],[[[122.7,12.3],[122.6,12.3],[122.4,12.5],[122.7,12.5],[122.7,12.3]]],[[[125.2,12.6],[125.5,12.2],[125.5,11.6],[125.6,11.4],[125.5,11.2],[125.7,11.2],[125.8,11],[125.7,11.1],[125.3,11.1],[125,11.4],[124.8,11.5],[125,11.8],[124.5,12.1],[124.3,12.6],[125.2,12.6]]],[[[123.9,12.2],[124.1,11.7],[123.5,12.2],[123.1,11.9],[123.3,12.2],[123.2,12.6],[123.9,12.2]]],[[[123.8,12.3],[123.7,12.5],[123.6,12.7],[123.7,12.6],[123.8,12.3]]],[[[122,12.2],[121.9,12.3],[122.1,12.7],[122.1,12.6],[122,12.2]]],[[[123.4,12.7],[123,13],[122.9,13.1],[123,13.1],[123.4,12.7]]],[[[120.7,13.5],[121,13.5],[121.5,13.1],[121.6,12.6],[121.2,12.2],[120.9,12.5],[120.6,13.2],[120.3,13.4],[120.7,13.5]]],[[[122.1,13.4],[122,13.2],[121.8,13.5],[122,13.5],[122.1,13.4]]],[[[120.3,13.8],[120.3,13.7],[120.1,13.9],[120.2,13.8],[120.3,13.8]]],[[[124.3,13.9],[124.4,13.8],[124.2,13.5],[124,13.7],[124.1,14.1],[124.3,13.9]]],[[[122.2,14],[122,14.1],[121.9,14.2],[122.1,14.1],[122.2,14]]],[[[122.3,14.7],[122.1,14.8],[122.1,14.8],[122.2,14.8],[122.3,14.7]]],[[[122.1,15],[122,14.7],[121.9,14.6],[121.8,15],[122.1,15]]],[[[121.3,18.6],[121.9,18.3],[122.2,18.5],[122.3,18.3],[122.2,18.1],[122.2,17.6],[122.5,17.1],[122.2,16.2],[121.6,15.9],[121.6,15.7],[121.4,15.3],[121.7,14.7],[121.7,14.2],[122.2,13.9],[122.3,14.2],[122.3,14.1],[122.5,14.3],[122.7,14.3],[123,14.1],[123.1,13.7],[123.3,13.8],[123.2,14],[123.3,14.1],[123.9,13.8],[123.6,13.7],[123.5,13.6],[123.9,13.2],[123.8,13.1],[124.2,13.1],[124.1,12.5],[123.9,12.7],[124,13],[123.7,12.9],[123.3,13],[123.2,13.4],[122.6,13.9],[122.6,13.2],[122.4,13.5],[121.7,14],[121.3,13.6],[120.9,13.9],[120.7,13.9],[120.7,13.8],[120.6,14.2],[121,14.5],[121,14.6],[120.5,14.8],[120.6,14.5],[120.5,14.4],[120.2,14.8],[120.1,14.8],[119.9,15.9],[119.8,16],[119.8,16.3],[119.9,16.4],[120.2,16],[120.4,16.2],[120.3,16.6],[120.5,17.4],[120.3,17.6],[120.6,18.5],[121.3,18.6]]],[[[121.9,18.8],[121.8,18.9],[121.9,19],[122,18.9],[121.9,18.8]]],[[[121.5,19.3],[121.4,19.3],[121.4,19.4],[121.5,19.4],[121.5,19.3]]]]}},{"type":"Feature","properties":{"code":"CM","name":"Cameroon","country_code":"CM","country":"Cameroon","region":null,"level":"country"},"geometry":{"type":"MultiPolygon","coordinates":[[[[14.7,12.7],[15,12.1],[15.1,10.8],[15.7,10],[14.2,10],[14,9.6],[15.1,8.6],[15.6,7.7],[14.8,6.3],[14.4,6],[14.6,5.9],[14.5,5.3],[14.7,5.2],[14.7,4.6],[15.1,4.3],[15.1,3.9],[16.1,2.9],[16.2,1.7],[14.6,2.2],[13.3,2.2],[13.2,2.3],[9.9,2.2],[9.8,2.3],[9.9,3.3],[9.5,3.8],[9.7,3.9],[9.5,4.1],[9.4,3.9],[9,4.1],[8.9,4.5],[8.8,4.6],[8.5,4.5],[8.8,5.2],[8.9,5.8],[10.2,7],[10.3,6.9],[10.5,6.9],[10.6,7.1],[10.8,7],[11.1,6.4],[11.5,6.6],[11.6,6.9],[11.9,7.1],[11.8,7.3],[12,7.6],[12.3,8.4],[12.8,8.8],[12.9,9.3],[13.2,9.6],[13.3,10.1],[13.5,10.2],[13.8,11.1],[14.6,11.5],[14.6,12.2],[14.2,12.4],[14.2,12.7],[14.5,12.7],[14.5,12.9],[14.7,12.7]]],[[[14.5,12.9],[14.5,12.9],[14.5,12.9],[14.5,12.9]]]]}},{"type":"Feature","properties":{"code":"NI","name":"Nicaragua","country_code":"NI","country":"Nicaragua","region":null,"level":"country"},"geometry":{"type":"Polygon","coordinates":[[[-83.1,15],[-83.4,14.8],[-83.2,14.3],[-83.6,13.5],[-83.5,12.4],[-83.6,12.5],[-83.5,12.8],[-83.6,12.8],[-83.7,12.1],[-83.8,11.9],[-83.7,11.7],[-83.9,11.3],[-83.7,10.8],[-84.2,10.8],[-84.7,11.1],[-84.9,10.9],[-85.6,11.2],[-85.8,11.1],[-86.8,12.2],[-87.7,12.9],[-87.6,13.1],[-87.4,12.9],[-87,13],[-86.9,13.2],[-86.7,13.3],[-86.8,13.8],[-86.3,13.8],[-86.1,14.1],[-85.7,13.8],[-85.2,14.3],[-84.9,14.8],[-84.5,14.6],[-83.5,15],[-83.1,15]],[[-85.8,12.1],[-85.9,12],[-85.7,11.4],[-84.8,11.1],[-85.1,11.7],[-85.8,12.1]]]}},{"type":"Feature","properties":{"code":"MM","name":"Myanmar (Burma)","country_code":"MM","country":"Myanmar (Burma)","region":null,"level":"country"},"geometry":{"type":"MultiPolygon","coordinates":[[[[98.2,9.9],[98.2,10],[98.3,10.1],[98.3,10],[98.2,9.9]]],[[[98.2,10.9],[98.3,10.8],[98.3,10.7],[98.1,10.9],[98.2,10.9]]],[[[98.2,11.4],[98.2,11.5],[98.3,11.8],[98.3,11.5],[98.2,11.4]]],[[[98.5,11.6],[98.4,11.6],[98.4,11.8],[98.5,11.8],[98.5,11.6]]],[[[98.7,11.9],[98.5,11.9],[98.4,12.1],[98.5,12],[98.7,11.9]]],[[[98.1,12.3],[98.1,12.1],[98,12.2],[98.1,12.3]]],[[[98.1,12.4],[98,12.3],[97.9,12.3],[98.1,12.4],[98.1,12.4]]],[[[98.4,12.3],[98.3,12.3],[98.3,12.7],[98.5,12.6],[98.4,12.3]]],[[[94.6,16],[94.4,15.9],[94.6,16.2],[94.7,16.1],[94.6,16]]],[[[97.6,16.2],[97.5,16.3],[97.5,16.5],[97.6,16.5],[97.6,16.2]]],[[[93.7,18.9],[93.7,18.9],[93.7,18.7],[93.5,18.9],[93.7,18.9]]],[[[93.8,19.2],[93.9,19.2],[93.9,18.9],[93.5,19.4],[93.8,19.2]]],[[[93.9,19.3],[93.7,19.4],[93.7,19.6],[94,19.4],[93.9,19.3]]],[[[93.5,19.8],[93.4,19.8],[93.4,20],[93.5,19.9],[93.5,19.8]]],[[[92.8,20.3],[92.8,20.3],[92.8,20.4],[92.9,20.3],[92.8,20.3]]],[[[97.7,28.4],[98.1,28.1],[98.3,27.5],[98.5,27.7],[98.7,27.5],[98.8,26.6],[98.7,26.2],[98.6,26.1],[98.7,25.9],[98.4,25.6],[98.2,25.6],[97.6,24.7],[97.5,24.5],[97.8,24.3],[97.5,23.9],[97.6,23.9],[98.1,24.1],[98.9,24.2],[98.7,24],[98.9,23.2],[99.5,23.1],[99.6,22.9],[99.2,22.2],[100,22.1],[100,21.7],[100.2,21.4],[100.6,21.5],[101.1,21.8],[101.2,21.6],[100.7,21.3],[100.5,21],[100.6,20.9],[100.3,20.7],[100.1,20.3],[100,20.5],[99.5,20.4],[99.5,20.1],[99.1,20.1],[99,19.8],[98.2,19.7],[98,19.8],[97.7,18.9],[97.8,18.6],[97.4,18.6],[97.5,18.3],[97.6,18.3],[97.8,17.7],[98.5,16.9],[98.7,16.3],[98.9,16.4],[98.9,16.1],[98.6,16],[98.6,15.4],[98.2,15.2],[98.2,15.1],[98.3,14.7],[99.2,13.7],[99.1,13.1],[99.7,11.8],[98.8,10.7],[98.6,10],[98.5,10.7],[98.7,10.9],[98.7,11.7],[98.9,11.7],[98.6,11.7],[98.7,12],[98.7,12.2],[98.5,12.3],[98.7,12.3],[98.6,13.2],[98.2,14.1],[98.1,13.5],[98.1,14.2],[97.8,14.9],[97.7,15.8],[97.6,16.1],[97.7,16.6],[97.4,16.5],[96.9,17.4],[96.8,16.7],[96.4,16.5],[96.2,16.8],[96.3,16.4],[96,16.4],[95.4,15.7],[95.3,15.8],[95.4,16],[95.4,16.1],[95.2,15.8],[95.1,16.1],[95,15.8],[94.8,15.8],[95,16.2],[94.7,15.9],[94.8,16.1],[94.6,15.9],[94.7,16.1],[94.7,16.2],[94.6,16.3],[94.3,16],[94.2,16.4],[94.6,17.5],[94.2,18.7],[94,18.8],[94.1,19.2],[93.9,19.3],[94,19.4],[94,19.5],[93.6,19.7],[93.7,19.9],[93.1,20.1],[93.2,19.8],[93.1,20],[93.1,19.8],[93,20.1],[93.1,20.2],[93,20.1],[93.1,20.5],[92.9,20.1],[92.8,20.2],[92.9,20.3],[92.8,20.5],[92.6,20.7],[92.7,20.3],[92.4,20.7],[92.2,21.2],[92.4,21.5],[92.7,21.3],[92.6,22],[92.7,22.2],[92.9,22],[93.2,22.3],[93.1,22.7],[93.1,23],[93.3,23],[93.4,23.2],[93.3,24.1],[94.1,23.9],[94.7,25],[94.6,25.2],[94.6,25.4],[95.2,26],[95.1,26.6],[96.2,27.3],[96.7,27.4],[97.1,27.1],[96.9,27.6],[97.4,27.9],[97.6,28.5],[97.7,28.4]]]]}},{"type":"Feature","properties":{"code":"AW","name":"Aruba","country_code":"AW","country":"Aruba","region":null,"level":"country"},"geometry":{"type":"Polygon","coordinates":[[[-69.9,12.4],[-70.1,12.5],[-70.1,12.6],[-69.9,12.5],[-69.9,12.4]]]}},{"type":"Feature","properties":{"code":"KH","name":"Cambodia","country_code":"KH","country":"Cambodia","region":null,"level":"country"},"geometry":{"type":"Polygon","coordinates":[[[104.4,10.4],[104.3,10.6],[103.6,10.5],[103.5,10.6],[103.7,10.9],[103.6,11.2],[103.3,10.9],[103.1,10.9],[103,11.5],[103.1,11.7],[102.9,11.8],[103,11.7],[102.9,11.6],[102.7,12.2],[102.8,12.5],[102.5,12.7],[102.4,13.6],[102.6,13.6],[103,14.2],[103.7,14.4],[103.9,14.3],[104.8,14.4],[105.1,14.2],[105.2,14.3],[105.4,14.1],[105.6,14.2],[106.1,13.9],[106.2,14.1],[106,14.4],[106.5,14.6],[106.9,14.3],[107.5,14.7],[107.3,14.1],[107.6,13.5],[107.5,13],[107.5,12.4],[106.4,12],[106.5,11.7],[106,11.8],[105.9,11.7],[105.9,11.3],[106.2,11.1],[106.2,10.8],[105.8,11],[105.1,11],[105.1,10.7],[104.9,10.5],[104.4,10.4]]]}},{"type":"Feature","properties":{"code":"AN","name":"Netherlands Antilles","country_code":"AN","country":"Netherlands Antilles","region":null,"level":"country"},"geometry":{"type":"MultiPolygon","coordinates":[[[[-68.2,12.2],[-68.3,12],[-68.4,12.3],[-68.4,12.3],[-68.2,12.2]]],[[[-69,12.2],[-68.8,12.2],[-68.7,12],[-69.1,12.2],[-69.2,12.4],[-69,12.2]]]]}},{"type":"Feature","properties":{"code":"GD","name":"Grenada","country_code":"GD","country":"Grenada","region":null,"level":"country"},"geometry":{"type":"Polygon","coordinates":[[[-61.7,12],[-61.7,12.2],[-61.6,12.2],[-61.6,12.1],[-61.7,12]]]}},{"type":"Feature","properties":{"code":"DJ","name":"Djibouti","country_code":"DJ","country":"Djibouti","region":null,"level":"country"},"geometry":{"type":"Polygon","coordinates":[[[43.2,11.5],[42.9,11],[42.6,11.1],[41.8,11],[41.8,11.7],[42.5,12.5],[42.7,12.4],[43.1,12.7],[43.3,12.5],[43.4,12],[42.5,11.6],[43.2,11.5]]]}},{"type":"Feature","properties":{"code":"TT","name":"Trinidad and Tobago","country_code":"TT","country":"Trinidad and Tobago","region":null,"level":"country"},"geometry":{"type":"MultiPolygon","coordinates":[[[[-60.9,10.8],[-61,10.1],[-61.9,10],[-61.5,10.3],[-61.5,10.6],[-61.7,10.7],[-60.9,10.8]]],[[[-60.6,11.2],[-60.8,11.1],[-60.8,11.2],[-60.5,11.3],[-60.6,11.2]]]]}},{"type":"Feature","properties":{"code":"TD","name":"Chad","country_code":"TD","country":"Chad","region":null,"level":"country"},"geometry":{"type":"Polygon","coordinates":[[[24,19.5],[24,15.7],[23.1,15.7],[22.9,15.6],[22.9,15.1],[22.7,14.7],[22.4,14.6],[22.6,14.1],[22.1,13.8],[22.3,13.3],[21.8,12.8],[22,12.6],[22.2,12.7],[22.5,12.6],[22.6,11.6],[23,11.3],[22.9,10.9],[22.5,11],[21.7,10.6],[21.7,10.2],[20.4,9.1],[19,9],[18.9,8.8],[19.1,8.7],[18.6,8],[17.6,8],[16.8,7.5],[16.5,7.9],[16,7.5],[15.5,7.5],[15.6,7.8],[15.2,8.5],[14,9.6],[14.2,10],[15.7,10],[15.1,10.8],[15,12.1],[14.9,12.2],[14.8,12.6],[14.5,12.8],[14.5,12.9],[15.2,13],[15.3,13.4],[14.2,13.5],[14.1,13.6],[14.2,14.1],[13.5,14.4],[13.7,14.6],[14.4,15.7],[15.5,16.9],[15.8,19.9],[16,20.4],[15.6,20.8],[15.6,21],[15.2,21.5],[15,23],[16,23.5],[24,19.5]]]}},{"type":"Feature","properties":{"code":"TG","name":"Togo","country_code":"TG","country":"Togo","region":null,"level":"country"},"geometry":{"type":"Polygon","coordinates":[[[0.9,11],[0.8,10.4],[1.4,10],[1.3,9.5],[1.6,9],[1.6,7],[1.8,6.3],[1.2,6.1],[0.8,6.4],[0.5,6.9],[0.7,8.3],[0.4,8.8],[0.5,8.8],[0.6,9.4],[0.2,9.5],[0.4,10.3],[-0.1,10.7],[0,11.1],[-0.1,11.1],[0.5,10.9],[0.9,11]]]}},{"type":"Feature","properties":{"code":"","name":"Spratly Islands","country_code":"","country":"Spratly Islands","region":null,"level":"country"},"geometry":{"type":"MultiPolygon","coordinates":[[[[114.4,9.7],[114.4,9.7],[114.4,9.7],[114.4,9.7],[114.4,9.7]]],[[[115.8,10.7],[115.8,10.7],[115.8,10.7],[115.8,10.7],[115.8,10.7]]]]}},{"type":"Feature","properties":{"code":"SL","name":"Sierra Leone","country_code":"SL","country":"Sierra Leone","region":null,"level":"country"},"geometry":{"type":"MultiPolygon","coordinates":[[[[-12.5,7.4],[-12.6,7.4],[-13,7.6],[-12.6,7.6],[-12.5,7.4]]],[[[-11.2,10],[-10.7,9.3],[-10.7,9.1],[-10.6,9.1],[-10.5,8.7],[-10.7,8.3],[-10.3,8.5],[-10.3,8.2],[-10.6,8],[-10.6,7.8],[-11.5,6.9],[-12.5,7.4],[-12.2,7.6],[-12.5,7.6],[-13,7.9],[-13,8.2],[-13.1,8.2],[-13.3,8.5],[-13.1,8.4],[-13.1,8.5],[-12.9,8.6],[-13.2,8.5],[-13.1,8.9],[-13.3,9],[-12.8,9.3],[-12.5,9.9],[-11.2,10]]]]}},{"type":"Feature","properties":{"code":"GY","name":"Guyana","country_code":"GY","country":"Guyana","region":null,"level":"country"},"geometry":{"type":"Polygon","coordinates":[[[-57.2,5.5],[-57.3,5.3],[-57.2,5.2],[-57.3,5],[-57.9,4.8],[-57.8,4.7],[-58,4],[-57.6,3.4],[-57.3,3.4],[-57.2,2.8],[-56.7,2],[-56.5,1.9],[-57.3,2],[-57.5,1.7],[-58,1.5],[-58.3,1.6],[-58.5,1.3],[-58.8,1.2],[-59.7,1.9],[-59.7,2.3],[-59.9,2.4],[-60,2.9],[-59.8,3.5],[-59.6,3.9],[-59.7,4.4],[-60.1,4.5],[-60,5.1],[-60.2,5.3],[-60.7,5.2],[-61.4,5.9],[-61.2,6.2],[-61.1,6.7],[-60.7,6.8],[-60.3,7.1],[-60.6,7.2],[-60.7,7.5],[-59.8,8.2],[-60,8.5],[-59.1,8],[-58.5,7.4],[-58.6,6.4],[-58.3,6.9],[-57.2,6.2],[-57.2,5.5]]]}},{"type":"Feature","properties":{"code":"LR","name":"Liberia","country_code":"LR","country":"Liberia","region":null,"level":"country"},"geometry":{"type":"Polygon","coordinates":[[[-8.5,7.6],[-8.3,6.9],[-8.6,6.5],[-7.9,6.3],[-7.8,5.9],[-7.4,5.8],[-7.5,4.4],[-9.1,5.1],[-11.5,6.9],[-10.6,7.8],[-10.6,8],[-10.3,8.2],[-10.2,8.5],[-9.5,8.3],[-9.4,7.7],[-9.5,7.4],[-9.3,7.4],[-9.1,7.2],[-8.8,7.3],[-8.7,7.7],[-8.5,7.6]]]}},{"type":"Feature","properties":{"code":"BJ","name":"Benin","country_code":"BJ","country":"Benin","region":null,"level":"country"},"geometry":{"type":"Polygon","coordinates":[[[3.6,11.7],[3.5,11.4],[3.7,11.1],[3.9,10.6],[3.6,10.3],[3.6,10],[3.2,9.5],[3.1,9.1],[2.8,9.1],[2.7,6.4],[1.6,6.2],[1.8,6.3],[1.6,7],[1.6,9],[1.3,9.5],[1.4,10],[0.8,10.4],[0.8,10.7],[1.4,11.4],[2,11.4],[2.3,11.7],[2.4,12.2],[2.8,12.4],[3.6,11.7]]]}},{"type":"Feature","properties":{"code":"LK","name":"Sri Lanka","country_code":"LK","country":"Sri Lanka","region":null,"level":"country"},"geometry":{"type":"MultiPolygon","coordinates":[[[[79.9,9],[79.9,9],[79.7,9.1],[79.8,9.1],[79.9,9]]],[[[80.3,9.8],[80.8,9.3],[80.9,8.9],[81.2,8.6],[81.1,8.5],[81.4,8.5],[81.4,8.1],[81.9,7.3],[81.7,6.4],[80.6,5.9],[80.2,6],[80,6.2],[79.7,8.1],[79.7,8.3],[79.8,8],[79.9,8.9],[80.2,9.5],[80.1,9.6],[80.6,9.4],[79.9,9.7],[80.1,9.8],[80.4,9.6],[80.1,9.8],[80.3,9.8]]]]}},{"type":"Feature","properties":{"code":"NG","name":"Nigeria","country_code":"NG","country":"Nigeria","region":null,"level":"country"},"geometry":{"type":"MultiPolygon","coordinates":[[[[7.2,4.4],[7.2,4.5],[7.3,4.5],[7.3,4.4],[7.2,4.4]]],[[[5.9,13.7],[6.4,13.6],[6.9,13],[7.8,13.4],[8.8,12.9],[9.6,12.8],[10.1,13.3],[10.7,13.4],[11.5,13.4],[12.5,13.1],[13.3,13.7],[13.4,13.4],[13.9,13],[13.8,12.7],[14.6,12.2],[14.6,11.5],[13.8,11.1],[13.5,10.2],[13.3,10.1],[13.2,9.6],[12.9,9.3],[12.8,8.8],[12.3,8.4],[12,7.6],[11.8,7.3],[11.9,7.1],[11.6,6.9],[11.5,6.6],[11.1,6.4],[11,6.8],[10.6,7.1],[10.5,6.9],[10.2,6.9],[10.2,7],[9.8,6.8],[9.7,6.5],[8.9,5.8],[8.8,5.2],[8.5,4.7],[8.3,4.9],[8.3,4.5],[7.7,4.5],[7.6,4.7],[7.3,4.6],[7.1,4.8],[7.2,4.5],[7,4.4],[7,4.7],[7,4.4],[6.8,4.8],[6.8,4.3],[6.7,4.3],[6.7,4.6],[6.7,4.3],[6.3,4.3],[6.3,4.4],[6.1,4.3],[5.6,4.7],[5.4,5.1],[5.5,5.1],[5.4,5.2],[5.3,5.3],[5.5,5.4],[5.6,5.5],[5.3,5.4],[5.2,5.6],[5.5,5.6],[5.2,5.6],[4.5,6.3],[3.4,6.4],[3.8,6.6],[3.4,6.6],[3.3,6.4],[2.7,6.4],[2.8,9.1],[3.1,9.1],[3.2,9.5],[3.6,10],[3.6,10.3],[3.9,10.6],[3.7,11.1],[3.5,11.4],[3.7,11.7],[3.7,12.5],[4.1,13],[4.1,13.5],[4.5,13.7],[5.5,13.9],[5.9,13.7]]]]}},{"type":"Feature","properties":{"code":"SS","name":"South Sudan","country_code":"SS","country":"South Sudan","region":null,"level":"country"},"geometry":{"type":"Polygon","coordinates":[[[23.9,8.7],[24.3,9],[24.6,9.8],[25.1,10.4],[25.7,10.4],[26.3,9.7],[27.7,9.6],[28,9.4],[28.6,9.4],[29.5,9.8],[29.8,10.3],[30.3,10.2],[30.9,9.7],[31.4,9.7],[32.4,10.7],[32.4,11.9],[32.8,12],[33,12.2],[33.4,12],[33.3,11.6],[33.2,11.2],[33.4,10.6],[33.8,10.4],[34.2,9.9],[34.1,9.6],[34.1,8.6],[33.8,8.4],[33.3,8.5],[33,7.9],[33.1,7.8],[33.7,7.7],[34.7,6.7],[35.3,5.4],[35.8,5.3],[35.8,4.8],[35.9,4.6],[34.4,4.6],[33.5,3.8],[33,3.9],[32.4,3.7],[32.2,3.5],[31.8,3.8],[31.5,3.7],[31.2,3.8],[30.9,3.5],[30.8,3.7],[30.6,3.6],[30.6,3.9],[30.2,4],[29.8,4.4],[29.8,4.6],[29.5,4.7],[29.2,4.3],[28.8,4.6],[28.5,4.3],[28.2,4.3],[27.5,5],[27.1,5.8],[26.4,6.1],[26.5,6.2],[26.3,6.5],[26.4,6.6],[25.2,7.5],[25.3,7.8],[24.8,8.2],[24.2,8.3],[24.2,8.7],[23.9,8.7]]]}},{"type":"Feature","properties":{"code":"SD","name":"Sudan","country_code":"SD","country":"Sudan","region":null,"level":"country"},"geometry":{"type":"Polygon","coordinates":[[[24.6,9.8],[24.3,9],[23.9,8.7],[23.5,8.7],[23.6,9],[23.4,9],[23.6,9.3],[23.7,9.9],[22.9,10.9],[23,11.3],[22.6,11.6],[22.5,12.6],[22.2,12.7],[22,12.6],[21.8,12.8],[22.3,13.3],[22.1,13.8],[22.6,14.1],[22.4,14.6],[22.7,14.7],[22.9,15.1],[22.9,15.6],[23.1,15.7],[24,15.7],[24,20],[25,20],[25,22],[31.3,22],[31.4,22.2],[31.5,22],[36.9,22],[36.9,21.6],[37.3,21.1],[37.1,21.2],[37.4,18.9],[38.6,18],[38.3,17.5],[37.5,17.3],[37.4,17],[37,17.1],[37,16.3],[36.4,15.1],[36.5,14.3],[36.1,12.7],[35.7,12.7],[35.1,11.8],[35,10.9],[34.8,10.7],[34.6,10.9],[34.3,10.6],[34.3,10.2],[34.2,9.9],[33.8,10.4],[33.4,10.6],[33.2,11.2],[33.3,11.6],[33.4,12],[33,12.2],[32.8,12],[32.4,11.9],[32.4,10.7],[31.4,9.7],[30.9,9.7],[30.3,10.2],[29.8,10.3],[29.5,9.8],[28.6,9.4],[28,9.4],[27.7,9.6],[26.3,9.7],[25.7,10.4],[25.1,10.4],[24.6,9.8]]]}},{"type":"Feature","properties":{"code":"SR","name":"Suriname","country_code":"SR","country":"Suriname","region":null,"level":"country"},"geometry":{"type":"Polygon","coordinates":[[[-54.2,5.3],[-54.5,4.8],[-54.4,4],[-54,3.6],[-54.4,2.5],[-54.6,2.3],[-55,2.6],[-55.7,2.4],[-56,2.5],[-56.1,2.2],[-55.9,2],[-55.9,1.9],[-56.7,2],[-57.2,2.8],[-57.3,3.4],[-57.6,3.4],[-58,4],[-57.9,4.9],[-57.2,5.2],[-57.3,5.3],[-57,6],[-56,5.8],[-55.9,5.7],[-55.9,5.9],[-55.8,6],[-55.1,5.8],[-54.9,5.9],[-55.1,5.9],[-55,6],[-54.2,5.9],[-54,5.7],[-54.2,5.3]]]}},{"type":"Feature","properties":{"code":"GF","name":"French Guiana","country_code":"GF","country":"French Guiana","region":null,"level":"country"},"geometry":{"type":"Polygon","coordinates":[[[-51.7,4],[-52.3,3.2],[-52.6,2.5],[-52.9,2.2],[-53.7,2.4],[-54.1,2.1],[-54.6,2.3],[-54.2,2.8],[-54.2,3.1],[-54,3.4],[-54.4,4],[-54.5,4.9],[-53.9,5.7],[-52.9,5.4],[-52,4.7],[-52,4.3],[-51.9,4.7],[-51.7,4]]]}},{"type":"Feature","properties":{"code":"SO","name":"Somalia","country_code":"SO","country":"Somalia","region":null,"level":"country"},"geometry":{"type":"Polygon","coordinates":[[[41.6,-1.7],[41,-0.9],[41,2.8],[42.1,4.2],[42.9,4.3],[43.2,4.7],[43.7,4.9],[45,4.9],[48,8],[47,8],[44,9],[43.4,9.4],[42.7,10.6],[43.2,11.5],[44.3,10.4],[44.9,10.4],[45.8,10.9],[46.5,10.7],[47.4,11.2],[47.7,11.1],[49.4,11.3],[50.3,11.6],[50.8,12],[51.3,11.8],[51.1,11.3],[51.1,10.6],[51,10.4],[51.2,10.5],[51.4,10.4],[50.9,10.3],[50.8,9.4],[49.8,7.9],[49,6.1],[48,4.5],[46,2.4],[44.5,1.6],[43.5,0.6],[42.1,-0.9],[41.6,-1.7]]]}},{"type":"Feature","properties":{"code":"FM","name":"Federated States of Micronesia","country_code":"FM","country":"Federated States of Micronesia","region":null,"level":"country"},"geometry":{"type":"MultiPolygon","coordinates":[[[[163,5.3],[162.9,5.3],[163,5.4],[163,5.3],[163,5.3]]],[[[158.3,6.8],[158.2,6.8],[158.1,6.9],[158.3,6.9],[158.3,6.8]]]]}},{"type":"Feature","properties":{"code":"BN","name":"Brunei","country_code":"BN","country":"Brunei","region":null,"level":"country"},"geometry":{"type":"MultiPolygon","coordinates":[[[[115.2,4.8],[115.3,4.5],[115.3,4.3],[115.1,4.4],[115,4.7],[115,4.8],[115.2,4.8]]],[[[115,4.9],[114.8,4.7],[114.9,4.4],[114.6,4],[114.1,4.6],[115.1,5],[115,4.9]]]]}},{"type":"Feature","properties":{"code":"MV","name":"Maldives","country_code":"MV","country":"Maldives","region":null,"level":"country"},"geometry":{"type":"MultiPolygon","coordinates":[[[[73.1,-0.6],[73.1,-0.6],[73.1,-0.6],[73.1,-0.6],[73.1,-0.6]]],[[[73.4,-0.3],[73.4,-0.3],[73.4,-0.3],[73.4,-0.3]]],[[[73.1,0.2],[73.1,0.2],[73.1,0.2],[73.1,0.2]]],[[[73.5,0.4],[73.5,0.4],[73.5,0.4],[73.5,0.4]]],[[[73.6,1.9],[73.5,1.9],[73.6,1.9],[73.6,1.9],[73.6,1.9]]],[[[73.4,2.4],[73.4,2.4],[73.4,2.4],[73.4,2.4],[73.4,2.4]]],[[[73.6,3],[73.6,3],[73.6,3],[73.6,3]]],[[[72.9,3],[72.9,3],[72.9,3],[72.9,3]]],[[[73,3.1],[73,3.1],[73,3.1],[73,3.1],[73,3.1]]],[[[73.6,3.4],[73.6,3.4],[73.6,3.4],[73.6,3.4],[73.6,3.4]]],[[[73.5,4.2],[73.5,4.2],[73.5,4.2],[73.5,4.2],[73.5,4.2]]],[[[73,4.4],[73,4.4],[72.9,4.4],[72.9,4.4],[73,4.4]]],[[[73,4.9],[73,4.9],[73,4.9],[73,4.9]]],[[[73.6,5.4],[73.6,5.4],[73.6,5.4],[73.6,5.4]]],[[[73.4,5.7],[73.4,5.7],[73.4,5.7],[73.4,5.7]]],[[[72.9,6],[72.9,6],[72.9,6],[72.9,6]]],[[[73,6.4],[73,6.4],[73,6.4],[73,6.4]]],[[[73.1,6.7],[73.1,6.7],[73.2,6.8],[73.2,6.8],[73.1,6.7]]],[[[73,7],[73,7],[73,7],[73,7]]]]}},{"type":"Feature","properties":{"code":"GQ","name":"Equatorial Guinea","country_code":"GQ","country":"Equatorial Guinea","region":null,"level":"country"},"geometry":{"type":"MultiPolygon","coordinates":[[[[10,2.2],[11.3,2.2],[11.4,1],[10,0.9],[9.8,1.1],[9.4,1.1],[9.8,1.9],[9.8,2.3],[10,2.2]]],[[[8.9,3.5],[8.7,3.2],[8.4,3.3],[8.7,3.7],[9,3.7],[8.9,3.5]]]]}},{"type":"Feature","properties":{"code":"UG","name":"Uganda","country_code":"UG","country":"Uganda","region":null,"level":"country"},"geometry":{"type":"MultiPolygon","coordinates":[[[[31.8,-1],[31.8,-1],[31.8,-1],[31.8,-1],[31.8,-1]]],[[[34.2,3.8],[34.5,3.7],[34.5,3.2],[34.9,2.5],[35,1.7],[34.8,1.2],[34.5,1.1],[34,0.2],[33.8,0.2],[33.6,0.3],[33.5,0.2],[33.5,0.4],[33.2,0.4],[32.9,0.1],[32.9,0.2],[32.7,0.1],[32.7,0.3],[32.6,0.1],[31.9,-0.1],[32,-0.3],[31.7,-0.8],[31.8,-1],[30.4,-1.1],[30,-1.5],[29.8,-1.3],[29.6,-1.4],[29.7,0.1],[30,0.5],[30,0.8],[30.5,1.2],[30.6,1],[31.4,1.9],[31.5,2.4],[31.3,2.2],[30.7,2.4],[31,3.7],[31.3,3.8],[31.5,3.7],[31.8,3.8],[32.2,3.5],[32.4,3.7],[33,3.9],[33.5,3.8],[34,4.2],[34.2,3.8]]]]}},{"type":"Feature","properties":{"code":"SG","name":"Singapore","country_code":"SG","country":"Singapore","region":null,"level":"country"},"geometry":{"type":"Polygon","coordinates":[[[104,1.3],[103.8,1.3],[103.6,1.3],[103.8,1.4],[104,1.3]]]}},{"type":"Feature","properties":{"code":"UM","name":"Howland Island","country_code":"UM","country":"Howland Island","region":null,"level":"country"},"geometry":{"type":"Polygon","coordinates":[[[-176.6,0.8],[-176.6,0.8],[-176.6,0.8],[-176.6,0.8],[-176.6,0.8]]]}},{"type":"Feature","properties":{"code":"ST","name":"Sao Tome and Principe","country_code":"ST","country":"Sao Tome and Principe","region":null,"level":"country"},"geometry":{"type":"MultiPolygon","coordinates":[[[[6.6,0],[6.5,0.3],[6.7,0.4],[6.8,0.2],[6.6,0]]],[[[7.4,1.6],[7.3,1.6],[7.4,1.7],[7.5,1.7],[7.4,1.6]]]]}},{"type":"Feature","properties":{"code":"UM","name":"Baker Island","country_code":"UM","country":"Baker Island","region":null,"level":"country"},"geometry":{"type":"Polygon","coordinates":[[[-176.5,0.2],[-176.5,0.2],[-176.5,0.2],[-176.5,0.2]]]}},{"type":"Feature","properties":{"code":"KE","name":"Kenya","country_code":"KE","country":"Kenya","region":null,"level":"country"},"geometry":{"type":"MultiPolygon","coordinates":[[[[41.1,-2.1],[41,-2.2],[41,-2.2],[41.1,-2],[41.1,-2.1]]],[[[35.9,4.6],[35.8,3.6],[36.6,2.4],[36.7,2.5],[36.7,2.8],[36.2,3.3],[36.2,4.4],[37,4.4],[38.1,3.6],[39.5,3.4],[39.9,3.9],[40.8,4.3],[41.2,3.9],[41.9,4],[41,2.8],[41,-0.9],[41.6,-1.7],[41.3,-2],[40.9,-2],[41,-2.3],[40.6,-2.6],[40.2,-2.7],[40.1,-3.3],[39.4,-4.6],[39.2,-4.7],[37.6,-3.5],[37.7,-3.3],[37.6,-3],[34,-1],[34.2,-0.4],[34.4,-0.5],[34.5,-0.3],[34.8,-0.3],[34.7,-0.1],[34.3,-0.2],[34.3,-0.4],[34,0],[34.5,1.1],[34.8,1.2],[35,1.9],[34.9,2.5],[34.4,3.4],[34.5,3.7],[34.2,3.8],[34,4.2],[34.4,4.6],[35.9,4.6]]]]}},{"type":"Feature","properties":{"code":"UM","name":"Jarvis Island","country_code":"UM","country":"Jarvis Island","region":null,"level":"country"},"geometry":{"type":"Polygon","coordinates":[[[-160,-0.4],[-160,-0.4],[-160,-0.4],[-160,-0.4],[-160,-0.4]]]}},{"type":"Feature","properties":{"code":"NR","name":"Nauru","country_code":"NR","country":"Nauru","region":null,"level":"country"},"geometry":{"type":"Polygon","coordinates":[[[166.9,-0.5],[166.9,-0.5],[166.9,-0.5],[167,-0.5],[166.9,-0.5]]]}},{"type":"Feature","properties":{"code":"GA","name":"Gabon","country_code":"GA","country":"Gabon","region":null,"level":"country"},"geometry":{"type":"MultiPolygon","coordinates":[[[[9,-0.8],[8.9,-0.7],[9,-0.6],[9,-0.7],[9,-0.8]]],[[[12.5,2.3],[13.3,2.2],[13.2,1.2],[13.8,1.4],[14.2,1.4],[14.5,0.9],[14,0.3],[13.8,-0.2],[14.5,-0.6],[14.4,-1.9],[14.3,-2],[14.1,-2.5],[13.9,-2.5],[13.8,-2.1],[13.5,-2.4],[13,-2.4],[12.7,-1.8],[12.4,-1.9],[12.5,-2.3],[11.6,-2.3],[11.5,-2.8],[11.8,-3],[11.7,-3.2],[12,-3.3],[11.9,-3.6],[11.7,-3.7],[11.5,-3.5],[11.1,-3.9],[9.7,-2.4],[10,-2.6],[10.1,-2.5],[9.6,-2.4],[9.3,-1.9],[9.5,-2.1],[9.5,-1.9],[9.3,-1.8],[9,-1.2],[9,-1.3],[9.2,-1.5],[9.3,-1.6],[9.5,-1.6],[9.3,-1.6],[9.3,-1.5],[9.3,-1.4],[9.4,-1.3],[9.3,-1.3],[9.2,-1.4],[9,-1.3],[8.7,-0.6],[9,-0.8],[9.3,-0.3],[9.4,0.4],[9.5,0.2],[9.7,0.1],[9.9,0.2],[9.5,0.3],[9.3,0.5],[9.5,0.7],[9.6,0.5],[9.6,1],[11.4,1],[11.4,2.3],[12.5,2.3]]]]}},{"type":"Feature","properties":{"code":"EC","name":"Ecuador","country_code":"EC","country":"Ecuador","region":null,"level":"country"},"geometry":{"type":"MultiPolygon","coordinates":[[[[-80.2,-3],[-80.2,-2.7],[-79.9,-2.7],[-80.1,-2.9],[-80.2,-3]]],[[[-78.6,1.2],[-77.7,0.8],[-77.4,0.4],[-76.5,0.2],[-76.2,0.4],[-75.3,-0.1],[-75.6,-0.2],[-75.3,-0.5],[-75.2,-1],[-75.4,-0.9],[-75.6,-1.5],[-76.1,-2.1],[-76.7,-2.6],[-77.9,-3],[-78.2,-3.5],[-78.3,-3.4],[-78.7,-4.6],[-79.1,-5],[-79.3,-5],[-79.6,-4.4],[-80.1,-4.3],[-80.5,-4.4],[-80.3,-4.2],[-80.5,-4.2],[-80.5,-4],[-80.2,-3.9],[-80.3,-3.4],[-80,-3.2],[-79.7,-2.6],[-79.8,-2.4],[-79.8,-2],[-79.9,-2.6],[-80.1,-2.6],[-80,-2.3],[-80.3,-2.7],[-80.9,-2.3],[-81,-2.2],[-80.7,-1.9],[-80.9,-1.1],[-80.6,-0.9],[-80.4,-0.6],[-80.4,-0.6],[-80.3,-0.6],[-80.5,-0.4],[-80.1,0.1],[-80,0.8],[-79,1.2],[-78.8,1.4],[-78.6,1.2]]]]}},{"type":"Feature","properties":{"code":"RW","name":"Rwanda","country_code":"RW","country":"Rwanda","region":null,"level":"country"},"geometry":{"type":"Polygon","coordinates":[[[30.5,-1.1],[30.8,-1.7],[30.8,-2.4],[30.4,-2.3],[30.2,-2.4],[30,-2.3],[29.9,-2.7],[29.7,-2.8],[29.4,-2.8],[29.1,-2.6],[29,-2.7],[28.9,-2.7],[28.9,-2.4],[29.1,-2.2],[29.1,-1.9],[29.4,-1.5],[29.8,-1.3],[30,-1.5],[30.5,-1.1]]]}},{"type":"Feature","properties":{"code":"BI","name":"Burundi","country_code":"BI","country":"Burundi","region":null,"level":"country"},"geometry":{"type":"Polygon","coordinates":[[[30.6,-2.4],[30.4,-2.9],[30.8,-3],[30.8,-3.3],[30.4,-3.6],[30,-4.3],[29.7,-4.4],[29.3,-3.8],[29.2,-3.1],[29,-2.8],[29.1,-2.6],[29.3,-2.7],[29.4,-2.8],[29.7,-2.8],[29.9,-2.7],[30,-2.3],[30.6,-2.4]]]}},{"type":"Feature","properties":{"code":"CG","name":"Congo (Republic of the)","country_code":"CG","country":"Congo (Republic of the)","region":null,"level":"country"},"geometry":{"type":"Polygon","coordinates":[[[18.6,3.5],[18.6,3.1],[18.1,2.2],[17.9,1],[18,0.4],[17.7,-0.5],[17.3,-1],[16.9,-1.3],[16.2,-2.2],[16.2,-3.3],[15.9,-3.9],[15.5,-4.1],[14.7,-4.9],[14.4,-4.9],[14.5,-4.4],[14.4,-4.3],[14,-4.5],[13.7,-4.4],[13.7,-4.7],[13.4,-4.9],[12.8,-4.4],[12,-5],[11.8,-4.5],[11.1,-3.9],[11.5,-3.5],[11.7,-3.7],[11.9,-3.6],[12,-3.3],[11.7,-3.2],[11.8,-3],[11.5,-2.8],[11.6,-2.3],[12.5,-2.3],[12.4,-1.9],[12.7,-1.8],[13,-2.4],[13.5,-2.4],[13.8,-2.1],[13.9,-2.5],[14.1,-2.5],[14.3,-2],[14.4,-1.9],[14.5,-0.6],[13.8,-0.2],[14,0.3],[14.5,0.9],[14.2,1.4],[13.8,1.4],[13.2,1.2],[13.3,2.2],[14.6,2.2],[15.7,1.9],[16.1,1.7],[16.1,2.2],[16.5,2.8],[16.6,3.5],[17.5,3.7],[18.2,3.5],[18.5,3.6],[18.6,3.5]]]}},{"type":"Feature","properties":{"code":"TV","name":"Tuvalu","country_code":"TV","country":"Tuvalu","region":null,"level":"country"},"geometry":{"type":"MultiPolygon","coordinates":[[[[179.2,-8.6],[179.2,-8.6],[179.2,-8.5],[179.2,-8.5],[179.2,-8.6]]],[[[178.7,-7.5],[178.7,-7.5],[178.7,-7.5],[178.7,-7.5]]],[[[176.3,-6.3],[176.3,-6.3],[176.3,-6.3],[176.3,-6.3]]],[[[177.3,-6.1],[177.3,-6.1],[177.3,-6.1],[177.3,-6.1],[177.3,-6.1]]]]}},{"type":"Feature","properties":{"code":"TZ","name":"Tanzania, United Republic of","country_code":"TZ","country":"Tanzania, United Republic of","region":null,"level":"country"},"geometry":{"type":"MultiPolygon","coordinates":[[[[39.7,-8],[39.6,-7.9],[39.9,-7.6],[39.8,-7.9],[39.7,-8]]],[[[39.4,-6.2],[39.5,-6.5],[39.2,-6.2],[39.3,-5.7],[39.4,-6.2]]],[[[39.8,-5.4],[39.6,-5.4],[39.7,-4.9],[39.9,-4.9],[39.8,-5.4]]],[[[31.8,-1],[31.9,-1.2],[31.6,-2],[31.8,-2.8],[32,-2.5],[32.2,-2.6],[32.1,-2.4],[32.2,-2.3],[32.5,-2.6],[32.7,-2.4],[32.8,-2.5],[32.8,-3],[32.9,-2.8],[33,-2.4],[33.4,-2.6],[33.8,-2.1],[33.2,-2.1],[33.6,-2],[33.3,-1.8],[33.7,-1.7],[33.7,-1.5],[34,-1.5],[33.8,-1.3],[34.1,-1],[37.6,-3],[37.7,-3.3],[37.6,-3.5],[39.2,-4.7],[38.8,-6],[38.9,-6.4],[39.5,-7],[39.3,-7.6],[39.4,-7.8],[39.3,-8.3],[39.5,-8.9],[39.4,-8.9],[39.6,-9.2],[39.8,-10],[40,-10.2],[40.2,-10.2],[40.4,-10.5],[39.3,-11.2],[38.9,-11.2],[38.5,-11.4],[37.9,-11.3],[37.8,-11.6],[37.5,-11.7],[36.8,-11.6],[36.6,-11.7],[36.2,-11.7],[35.8,-11.4],[35.6,-11.6],[35,-11.6],[34.6,-11.1],[34.5,-10],[34.1,-9.5],[33.9,-9.7],[33.4,-9.6],[32,-9.1],[32,-8.9],[31.2,-8.6],[30.6,-7.5],[30.6,-7],[30.1,-6.5],[29.9,-6.5],[29.7,-6.3],[30,-5.8],[29.7,-5.4],[29.8,-5.1],[29.6,-4.8],[29.7,-4.4],[30,-4.3],[30.4,-3.6],[30.8,-3.3],[30.8,-3],[30.4,-2.9],[30.5,-2.5],[30.8,-2.4],[30.9,-2.1],[30.7,-1.4],[30.5,-1.1],[31.8,-1]]]]}},{"type":"Feature","properties":{"code":"IO","name":"British Indian Ocean Territory","country_code":"IO","country":"British Indian Ocean Territory","region":null,"level":"country"},"geometry":{"type":"Polygon","coordinates":[[[72.5,-7.4],[72.4,-7.4],[72.4,-7.3],[72.4,-7.4],[72.4,-7.2],[72.5,-7.4]]]}},{"type":"Feature","properties":{"code":"SB","name":"Solomon Islands","country_code":"SB","country":"Solomon Islands","region":null,"level":"country"},"geometry":{"type":"MultiPolygon","coordinates":[[[[166.9,-11.7],[166.8,-11.7],[166.8,-11.6],[166.9,-11.6],[166.9,-11.7]]],[[[160.1,-11.5],[160.4,-11.7],[160.5,-11.8],[160,-11.5],[160.1,-11.5]]],[[[166.1,-10.8],[165.9,-10.9],[165.8,-10.8],[165.9,-10.7],[166.1,-10.8]]],[[[161.5,-10.3],[162.1,-10.4],[162.4,-10.8],[161.8,-10.7],[161.3,-10.3],[161.5,-10.3]]],[[[161.6,-9.7],[161.4,-9.7],[161.4,-9.5],[161.4,-9.3],[161.6,-9.7]]],[[[159.9,-9.4],[160.4,-9.4],[160.8,-9.9],[159.8,-9.8],[159.6,-9.3],[159.7,-9.3],[159.9,-9.4]]],[[[160.4,-9.1],[160.4,-9.2],[160.2,-9.2],[160.3,-9.2],[160.3,-9.1],[160.4,-9.1]]],[[[160.3,-9.1],[160.3,-9.1],[160.1,-9],[160.2,-9],[160.3,-9.1]]],[[[159.1,-9.1],[159.1,-9.1],[159,-9.1],[159.1,-9],[159.1,-9.1]]],[[[157.6,-8.7],[157.6,-8.8],[157.4,-8.7],[157.6,-8.7],[157.6,-8.7]]],[[[158,-8.8],[157.9,-8.6],[158,-8.5],[158.1,-8.6],[158,-8.8]]],[[[157.4,-8.5],[157.3,-8.6],[157.4,-8.7],[157.2,-8.6],[157.4,-8.5]]],[[[159.7,-8.5],[159.5,-8.5],[159.5,-8.4],[159.6,-8.4],[159.7,-8.5]]],[[[160.9,-8.8],[161.2,-9],[161.4,-9.6],[160.8,-9.1],[160.6,-8.3],[160.8,-8.3],[161,-8.6],[160.9,-8.8]]],[[[157.6,-8.2],[157.9,-8.5],[157.8,-8.6],[157.6,-8.3],[157.2,-8.3],[157.5,-8],[157.6,-8.2]]],[[[156.6,-8.2],[156.5,-8.1],[156.5,-7.9],[156.6,-8],[156.6,-8.2]]],[[[157.2,-8.1],[157,-8],[157,-7.9],[157.2,-7.9],[157.2,-8.1]]],[[[156.7,-7.9],[156.5,-7.7],[156.6,-7.6],[156.8,-7.7],[156.7,-7.9]]],[[[158.5,-7.7],[158.4,-7.6],[158.3,-7.6],[158.4,-7.6],[158.5,-7.7]]],[[[159.9,-8.3],[159.9,-8.6],[159.6,-8.4],[158.8,-8],[158.5,-7.6],[159.9,-8.3]]],[[[155.9,-7.1],[155.8,-7.1],[155.7,-7.1],[155.7,-7],[155.9,-7.1]]],[[[157.3,-7.3],[157.5,-7.4],[156.9,-7.2],[156.4,-6.6],[157,-6.9],[157.3,-7.3]]]]}},{"type":"Feature","properties":{"code":"TP","name":"East Timor","country_code":"TP","country":"East Timor","region":null,"level":"country"},"geometry":{"type":"MultiPolygon","coordinates":[[[[124.4,-9.3],[124.3,-9.5],[124,-9.3],[124.4,-9.2],[124.4,-9.3]]],[[[127.3,-8.5],[126.5,-9],[125.2,-9.4],[125,-9.3],[125.2,-9.1],[124.9,-9],[125.1,-8.6],[127,-8.3],[127.3,-8.5]]],[[[125.6,-8.3],[125.5,-8.3],[125.6,-8.1],[125.6,-8.3],[125.6,-8.3]]]]}},{"type":"Feature","properties":{"code":"TK","name":"Tokelau","country_code":"TK","country":"Tokelau","region":null,"level":"country"},"geometry":{"type":"Polygon","coordinates":[[[-171.8,-9.2],[-171.9,-9.2],[-171.9,-9.2],[-171.8,-9.2],[-171.8,-9.2]]]}},{"type":"Feature","properties":{"code":"SC","name":"Seychelles","country_code":"SC","country":"Seychelles","region":null,"level":"country"},"geometry":{"type":"MultiPolygon","coordinates":[[[[46.5,-9.4],[46.3,-9.5],[46.2,-9.4],[46.4,-9.3],[46.5,-9.4]]],[[[55.5,-4.8],[55.4,-4.6],[55.4,-4.6],[55.5,-4.7],[55.5,-4.8]]]]}},{"type":"Feature","properties":{"code":"CX","name":"Christmas Island","country_code":"CX","country":"Christmas Island","region":null,"level":"country"},"geometry":{"type":"Polygon","coordinates":[[[105.7,-10.5],[105.7,-10.5],[105.6,-10.4],[105.7,-10.4],[105.7,-10.5]]]}},{"type":"Feature","properties":{"code":"","name":"Glorioso Islands","country_code":"","country":"Glorioso Islands","region":null,"level":"country"},"geometry":{"type":"Polygon","coordinates":[[[47.3,-11.6],[47.3,-11.6],[47.3,-11.6],[47.3,-11.6],[47.3,-11.6]]]}},{"type":"Feature","properties":{"code":"KM","name":"Comoros","country_code":"KM","country":"Comoros","region":null,"level":"country"},"geometry":{"type":"MultiPolygon","coordinates":[[[[43.9,-12.4],[43.7,-12.4],[43.6,-12.3],[43.7,-12.3],[43.9,-12.4]]],[[[44.5,-12.1],[44.5,-12.2],[44.5,-12.4],[44.2,-12.2],[44.5,-12.1]]],[[[43.5,-11.9],[43.2,-11.8],[43.3,-11.4],[43.4,-11.4],[43.5,-11.9]]]]}},{"type":"Feature","properties":{"code":"CC","name":"Cocos (Keeling) Islands","country_code":"CC","country":"Cocos (Keeling) Islands","region":null,"level":"country"},"geometry":{"type":"Polygon","coordinates":[[[96.9,-12.2],[96.8,-12.2],[96.8,-12.1],[96.9,-12.2]]]}},{"type":"Feature","properties":{"code":"MW","name":"Malawi","country_code":"MW","country":"Malawi","region":null,"level":"country"},"geometry":{"type":"MultiPolygon","coordinates":[[[[35,-11.6],[35,-11.6],[35,-11.5],[35,-11.6]]],[[[33.1,-9.5],[33.9,-9.7],[34.3,-10.4],[34.3,-11.7],[34,-12.2],[34.3,-12.9],[34.3,-13.4],[34.6,-13.7],[34.6,-14.1],[34.8,-14.3],[34.9,-14],[35.3,-14.4],[34.9,-13.5],[35.9,-14.7],[35.8,-16],[35.4,-16.1],[35.1,-16.5],[35.3,-17.1],[35.1,-17.1],[35.1,-16.8],[34.5,-16.3],[34.3,-15.9],[34.6,-15.3],[34.5,-14.6],[34.4,-14.4],[33.6,-14.5],[33.2,-13.9],[33,-13.9],[32.7,-13.6],[33,-13.2],[33,-12.6],[33.5,-12.3],[33.3,-12.1],[33.2,-11.4],[33.4,-11.2],[33.3,-10.9],[33.7,-10.6],[33.3,-10.1],[33.2,-9.6],[33,-9.6],[32.9,-9.4],[33.1,-9.5]]]]}},{"type":"Feature","properties":{"code":"WS","name":"Samoa","country_code":"WS","country":"Samoa","region":null,"level":"country"},"geometry":{"type":"MultiPolygon","coordinates":[[[[-171.4,-14],[-171.9,-14],[-172.1,-13.9],[-171.8,-13.8],[-171.4,-14]]],[[[-172.3,-13.5],[-172.2,-13.8],[-172.5,-13.8],[-172.8,-13.5],[-172.3,-13.5]]]]}},{"type":"Feature","properties":{"code":"ZM","name":"Zambia","country_code":"ZM","country":"Zambia","region":null,"level":"country"},"geometry":{"type":"Polygon","coordinates":[[[31.2,-8.6],[32.9,-9.4],[33,-9.6],[33.2,-9.6],[33.3,-10.1],[33.7,-10.6],[33.3,-10.9],[33.4,-11.2],[33.2,-11.4],[33.3,-12.1],[33.5,-12.4],[33,-12.6],[33,-13.2],[32.7,-13.6],[33.2,-14],[30.2,-15],[30.4,-15.6],[29.6,-15.7],[28.9,-16],[28.8,-16.6],[27.8,-17],[27.2,-17.9],[26.7,-18.1],[25.3,-17.8],[24.7,-17.5],[23.5,-17.6],[22.1,-16.5],[22,-16.2],[22,-13],[24,-13],[23.9,-12.8],[24.1,-12.4],[24,-10.9],[24.4,-11.1],[24.4,-11.5],[25.3,-11.2],[25.4,-11.6],[26,-11.9],[26.9,-12],[27,-11.6],[27.2,-11.6],[27.7,-12.3],[28.4,-12.5],[29,-13.4],[29.6,-13.2],[29.6,-13.4],[29.8,-13.4],[29.8,-12.2],[29.5,-12.2],[29.5,-12.5],[29,-12.4],[28.4,-11.6],[28.7,-10.7],[28.6,-10.2],[28.7,-9.8],[28.4,-9.3],[28.9,-8.8],[28.9,-8.5],[30.6,-8.2],[30.4,-8.4],[30.5,-8.6],[30.8,-8.6],[31,-8.8],[31.2,-8.6]]]}},{"type":"Feature","properties":{"code":"VU","name":"Vanuatu","country_code":"VU","country":"Vanuatu","region":null,"level":"country"},"geometry":{"type":"MultiPolygon","coordinates":[[[[169.8,-20.3],[169.8,-20.2],[169.7,-20.2],[169.9,-20.2],[169.8,-20.3]]],[[[169.5,-19.5],[169.3,-19.6],[169.2,-19.4],[169.3,-19.3],[169.5,-19.5]]],[[[169.3,-19],[169,-18.9],[169,-18.6],[169.1,-18.6],[169.3,-19]]],[[[168.6,-17.7],[168.4,-17.8],[168.1,-17.7],[168.3,-17.5],[168.6,-17.7]]],[[[168.4,-16.8],[168.5,-16.8],[168.2,-16.8],[168.1,-16.6],[168.4,-16.8]]],[[[168.2,-16.2],[168.3,-16.3],[167.9,-16.3],[168.1,-16.1],[168.2,-16.2]]],[[[167.4,-16.1],[167.8,-16.4],[167.8,-16.5],[167.4,-16.5],[167.4,-16.2],[167.1,-16.1],[167.2,-15.9],[167.4,-16.1]]],[[[167.2,-15.8],[167.1,-15.7],[167.1,-15.6],[167.2,-15.6],[167.2,-15.8]]],[[[168.2,-16],[168.1,-15.7],[168.2,-15.5],[168.3,-15.9],[168.2,-16]]],[[[167.9,-15.5],[167.7,-15.4],[168,-15.3],[167.9,-15.4],[167.9,-15.5]]],[[[168.2,-15.4],[168.1,-15.4],[168.1,-14.9],[168.2,-15.2],[168.2,-15.4]]],[[[166.8,-15.2],[167,-14.9],[167.2,-15.5],[166.8,-15.6],[166.5,-14.9],[166.6,-14.6],[166.8,-15.2]]],[[[167.5,-14.3],[167.4,-14.3],[167.4,-14.2],[167.6,-14.2],[167.5,-14.3]]],[[[167.5,-13.9],[167.4,-13.8],[167.5,-13.7],[167.6,-13.8],[167.5,-13.9]]]]}},{"type":"Feature","properties":{"code":"WF","name":"Wallis and Futuna","country_code":"WF","country":"Wallis and Futuna","region":null,"level":"country"},"geometry":{"type":"MultiPolygon","coordinates":[[[[-178,-14.3],[-178.1,-14.3],[-178.2,-14.2],[-178.1,-14.2],[-178,-14.3]]],[[[-176.2,-13.4],[-176.2,-13.3],[-176.2,-13.2],[-176.1,-13.3],[-176.2,-13.4]]]]}},{"type":"Feature","properties":{"code":"AS","name":"American Samoa","country_code":"AS","country":"American Samoa","region":null,"level":"country"},"geometry":{"type":"Polygon","coordinates":[[[-170.6,-14.3],[-170.7,-14.4],[-170.8,-14.3],[-170.6,-14.3],[-170.6,-14.3]]]}},{"type":"Feature","properties":{"code":"SH","name":"St. Helena","country_code":"SH","country":"St. Helena","region":null,"level":"country"},"geometry":{"type":"Polygon","coordinates":[[[-5.7,-16],[-5.8,-16],[-5.8,-16],[-5.7,-15.9],[-5.7,-16]]]}},{"type":"Feature","properties":{"code":"ZW","name":"Zimbabwe","country_code":"ZW","country":"Zimbabwe","region":null,"level":"country"},"geometry":{"type":"Polygon","coordinates":[[[30.4,-15.6],[30.4,-16],[31.3,-16],[31.9,-16.4],[33,-16.7],[32.9,-16.9],[33,-17.4],[32.9,-18],[33.1,-18.3],[32.7,-18.9],[32.9,-19.1],[32.8,-19.5],[33.1,-19.8],[33,-19.9],[32.7,-20.6],[32.5,-20.6],[32.4,-21.1],[32.5,-21.3],[31.3,-22.4],[29.4,-22.2],[29.1,-22],[29.1,-21.8],[28,-21.6],[27.7,-21.1],[27.7,-20.5],[27.3,-20.5],[27.2,-20.1],[26.2,-19.5],[26,-18.9],[25.2,-17.9],[25.7,-17.8],[25.9,-18],[26.2,-17.9],[26.7,-18.1],[27,-18],[27.8,-17],[28.8,-16.6],[28.9,-16],[29.6,-15.7],[30.4,-15.6]]]}},{"type":"Feature","properties":{"code":"","name":"Juan De Nova Island","country_code":"","country":"Juan De Nova Island","region":null,"level":"country"},"geometry":{"type":"Polygon","coordinates":[[[42.8,-17.1],[42.7,-17.1],[42.7,-17.1],[42.7,-17.1],[42.8,-17.1]]]}},{"type":"Feature","properties":{"code":"PF","name":"French Polynesia","country_code":"PF","country":"French Polynesia","region":null,"level":"country"},"geometry":{"type":"MultiPolygon","coordinates":[[[[-149.2,-17.7],[-149.2,-17.9],[-149.6,-17.7],[-149.6,-17.5],[-149.4,-17.5],[-149.2,-17.7]]],[[[-149.8,-17.6],[-149.9,-17.5],[-149.9,-17.5],[-149.8,-17.5],[-149.8,-17.6]]],[[[-151.4,-16.9],[-151.5,-16.9],[-151.5,-16.7],[-151.4,-16.8],[-151.4,-16.9]]],[[[-139,-9.7],[-138.8,-9.7],[-139.2,-9.8],[-139,-9.7],[-139,-9.7]]],[[[-140.1,-8.9],[-140.2,-8.9],[-140.2,-8.8],[-140,-8.8],[-140.1,-8.9]]]]}},{"type":"Feature","properties":{"code":"CK","name":"Cook Islands","country_code":"CK","country":"Cook Islands","region":null,"level":"country"},"geometry":{"type":"MultiPolygon","coordinates":[[[[-157.9,-21.9],[-157.9,-21.9],[-158,-21.9],[-157.9,-21.9],[-157.9,-21.9]]],[[[-159.7,-21.3],[-159.8,-21.2],[-159.8,-21.2],[-159.8,-21.2],[-159.7,-21.3]]],[[[-158.1,-20],[-158.1,-20],[-158.1,-20],[-158.1,-20],[-158.1,-20]]],[[[-157.7,-19.9],[-157.7,-19.8],[-157.7,-19.8],[-157.7,-19.8],[-157.7,-19.9]]],[[[-163.2,-18.1],[-163.2,-18.1],[-163.2,-18.1],[-163.2,-18.1],[-163.2,-18.1]]],[[[-165.8,-10.9],[-165.8,-10.9],[-165.8,-10.9],[-165.8,-10.9]]]]}},{"type":"Feature","properties":{"code":"NU","name":"Niue","country_code":"NU","country":"Niue","region":null,"level":"country"},"geometry":{"type":"Polygon","coordinates":[[[-169.9,-19.1],[-169.9,-19],[-169.8,-19],[-169.8,-19.1],[-169.9,-19.1]]]}},{"type":"Feature","properties":{"code":"MU","name":"Mauritius","country_code":"MU","country":"Mauritius","region":null,"level":"country"},"geometry":{"type":"MultiPolygon","coordinates":[[[[57.6,-20.5],[57.3,-20.4],[57.6,-20],[57.8,-20.3],[57.6,-20.5]]],[[[63.5,-19.7],[63.4,-19.8],[63.3,-19.7],[63.4,-19.7],[63.5,-19.7]]]]}},{"type":"Feature","properties":{"code":"RE","name":"Reunion","country_code":"RE","country":"Reunion","region":null,"level":"country"},"geometry":{"type":"Polygon","coordinates":[[[55.7,-21.4],[55.3,-21.3],[55.3,-20.9],[55.7,-20.9],[55.9,-21.2],[55.7,-21.4]]]}},{"type":"Feature","properties":{"code":"NA","name":"Namibia","country_code":"NA","country":"Namibia","region":null,"level":"country"},"geometry":{"type":"Polygon","coordinates":[[[23.5,-17.6],[24.7,-17.5],[25,-17.6],[25.3,-17.8],[24.8,-17.8],[24.6,-18.1],[24.4,-17.9],[23.6,-18.5],[23.3,-18],[21,-18.3],[21,-22],[20,-22],[20,-28.4],[19.6,-28.5],[19.1,-29],[18.2,-28.9],[17.4,-28.7],[17.4,-28.3],[17.1,-28],[16.9,-28.1],[16.7,-28.5],[16.4,-28.6],[15.5,-27.7],[15,-26.3],[14.9,-25.1],[14.5,-24.1],[14.5,-22.6],[13.4,-20.9],[12.5,-18.9],[11.8,-18.1],[11.8,-17.3],[12.1,-17.1],[12.6,-17.2],[13.1,-17],[13.5,-17],[14,-17.4],[18.5,-17.4],[18.9,-17.8],[20.3,-17.9],[20.9,-18],[23.5,-17.6]]]}},{"type":"Feature","properties":{"code":"NC","name":"New Caledonia","country_code":"NC","country":"New Caledonia","region":null,"level":"country"},"geometry":{"type":"MultiPolygon","coordinates":[[[[167.5,-22.7],[167.4,-22.6],[167.4,-22.5],[167.6,-22.6],[167.5,-22.7]]],[[[168,-21.5],[168.1,-21.5],[168.1,-21.6],[168,-21.6],[167.8,-21.4],[168,-21.5]]],[[[167.3,-20.8],[167.5,-21.1],[167.4,-21.2],[167.1,-21],[167.2,-20.8],[167.1,-20.7],[167.3,-20.8]]],[[[166.6,-20.4],[166.6,-20.6],[166.5,-20.7],[166.6,-20.4],[166.6,-20.4]]],[[[164.3,-20.3],[164.5,-20.3],[165.2,-20.8],[165.6,-21.3],[167,-22.1],[167,-22.3],[166.5,-22.3],[166.1,-21.9],[165.3,-21.6],[164.4,-20.8],[164,-20.1],[164.3,-20.3]]]]}},{"type":"Feature","properties":{"code":"PY","name":"Paraguay","country_code":"PY","country":"Paraguay","region":null,"level":"country"},"geometry":{"type":"Polygon","coordinates":[[[-58.2,-20.2],[-57.8,-21],[-58,-22.1],[-56.9,-22.3],[-56.4,-22.1],[-56.2,-22.3],[-55.8,-22.3],[-55.6,-22.6],[-55.4,-24],[-55,-24],[-54.6,-23.8],[-54.2,-24.1],[-54.4,-25.2],[-54.6,-25.4],[-54.7,-26.4],[-55,-26.8],[-55.5,-27.1],[-55.7,-27.4],[-56.1,-27.3],[-56.4,-27.6],[-57.8,-27.3],[-58.6,-27.3],[-58.7,-27.2],[-58.2,-26.7],[-58.1,-26.2],[-57.6,-25.5],[-57.8,-25.2],[-58.8,-24.8],[-60,-24],[-61,-23.8],[-62.6,-22.2],[-62.3,-21.1],[-62.3,-20.6],[-61.7,-19.6],[-60,-19.3],[-59.1,-19.3],[-58.2,-19.8],[-58.2,-20.2]]]}},{"type":"Feature","properties":{"code":"BW","name":"Botswana","country_code":"BW","country":"Botswana","region":null,"level":"country"},"geometry":{"type":"Polygon","coordinates":[[[25.3,-17.8],[26.2,-19.5],[27.2,-20.1],[27.3,-20.5],[27.7,-20.5],[27.7,-21.1],[28,-21.6],[29.1,-21.8],[29.1,-22],[29.4,-22.2],[28.3,-22.6],[27.5,-23.4],[27,-23.6],[26.9,-24.3],[26.4,-24.6],[25.9,-24.7],[25.7,-25.5],[25.4,-25.7],[24.6,-25.8],[23.9,-25.6],[23.5,-25.3],[23,-25.3],[22.7,-26],[22.1,-26.6],[21.7,-26.9],[20.7,-26.9],[20.6,-26.5],[20.9,-26.1],[20.8,-25.9],[20.4,-25],[20,-24.8],[20,-22],[21,-22],[21,-18.3],[23.3,-18],[23.6,-18.5],[24.4,-17.9],[24.6,-18.1],[24.8,-17.8],[25.3,-17.8]]]}},{"type":"Feature","properties":{"code":"PN","name":"Pitcairn Islands","country_code":"PN","country":"Pitcairn Islands","region":null,"level":"country"},"geometry":{"type":"MultiPolygon","coordinates":[[[[-130.1,-25.1],[-130.1,-25.1],[-130.1,-25.1],[-130.1,-25.1],[-130.1,-25.1]]],[[[-128.3,-24.4],[-128.3,-24.4],[-128.3,-24.3],[-128.3,-24.3],[-128.3,-24.4]]]]}},{"type":"Feature","properties":{"code":"AR","name":"Argentina","country_code":"AR","country":"Argentina","region":null,"level":"country"},"geometry":{"type":"MultiPolygon","coordinates":[[[[-68.6,-54.9],[-68.6,-54.9],[-68.6,-54.8],[-68.6,-54.9],[-68.6,-54.9]]],[[[-63.8,-54.7],[-64.7,-54.9],[-64.8,-54.8],[-64.3,-54.7],[-63.8,-54.7]]],[[[-68.3,-53],[-68.2,-53.1],[-68.4,-53],[-68.5,-53.2],[-68.2,-53.3],[-68,-53.6],[-67.4,-54],[-66.1,-54.6],[-65.1,-54.7],[-65.4,-54.9],[-66.4,-55.1],[-68.6,-54.8],[-68.6,-52.6],[-68.3,-53]]],[[[-61.9,-39.2],[-62.1,-39.2],[-62.1,-39.1],[-61.9,-39.1],[-61.9,-39.2]]],[[[-65.8,-22.1],[-64.6,-22.2],[-64.3,-22.9],[-63.9,-22],[-62.8,-22],[-62.3,-22.5],[-62,-23],[-61,-23.8],[-60,-24],[-58.8,-24.8],[-57.9,-25.1],[-57.6,-25.5],[-58.1,-26.2],[-58.2,-26.7],[-58.7,-27.2],[-58.6,-27.3],[-57.8,-27.3],[-56.4,-27.6],[-56.1,-27.3],[-55.7,-27.4],[-55.5,-27.1],[-55,-26.8],[-54.7,-26.4],[-54.6,-25.6],[-54.1,-25.5],[-53.9,-25.6],[-53.7,-26.2],[-53.7,-26.9],[-53.8,-27.2],[-54.8,-27.5],[-55,-27.8],[-55.8,-28.2],[-55.7,-28.4],[-55.9,-28.4],[-57.9,-30.5],[-57.8,-30.9],[-58.1,-31.5],[-58,-31.8],[-58.2,-31.9],[-58.1,-33],[-58.4,-33.1],[-58.5,-33.5],[-58.4,-34.1],[-58.5,-34.5],[-57.2,-35.3],[-57.4,-36],[-57.1,-36.3],[-56.7,-36.3],[-56.7,-36.9],[-57.5,-37.8],[-57.6,-38.1],[-58.3,-38.5],[-61.1,-39],[-62.4,-38.8],[-62.3,-39.3],[-62.2,-39.3],[-62,-39.4],[-62.3,-39.3],[-62.1,-39.5],[-62.1,-39.8],[-62.3,-39.9],[-62.5,-40.3],[-62.2,-40.6],[-62.3,-40.7],[-62.2,-40.6],[-62.4,-40.9],[-63,-41.1],[-63.8,-41.2],[-64.8,-40.7],[-65.1,-40.8],[-65,-42.1],[-64.5,-42.3],[-64.6,-42.4],[-64.5,-42.4],[-64.1,-42.4],[-64.1,-42.3],[-64.3,-42.2],[-63.8,-42.1],[-63.6,-42.6],[-63.7,-42.8],[-64.1,-42.9],[-64.4,-42.5],[-65,-42.7],[-65,-42.8],[-64.3,-43],[-64.9,-43.2],[-65.3,-43.7],[-65.2,-44.3],[-65.7,-44.7],[-65.5,-44.9],[-65.6,-45],[-66.2,-45],[-66.9,-45.3],[-67.6,-46],[-67.5,-46.4],[-66.8,-47],[-65.8,-47.2],[-65.9,-47.8],[-66,-47.8],[-66.1,-47.8],[-66.2,-47.8],[-66.2,-47.9],[-66,-47.8],[-65.8,-48],[-67.6,-49],[-67.8,-49.4],[-67.6,-49.3],[-67.9,-50],[-68.3,-50.1],[-68.6,-49.9],[-69,-50],[-68.6,-50],[-68.4,-50.2],[-68.9,-50.4],[-69.1,-50.9],[-69.4,-51.1],[-69.2,-51],[-69,-51.6],[-69.4,-51.6],[-69.6,-51.6],[-69,-51.6],[-68.4,-52.3],[-70,-52],[-71.9,-52],[-72.4,-51.5],[-72.2,-51.2],[-72.4,-51.1],[-72.3,-51],[-72.3,-50.7],[-73.2,-50.8],[-73.3,-50.3],[-73.5,-50.1],[-73.4,-49.8],[-73.6,-49.5],[-73.5,-49.3],[-73.1,-49.3],[-73,-49],[-72.6,-48.8],[-72.6,-48.5],[-72.3,-48.3],[-72.3,-48.1],[-72.5,-47.9],[-72.4,-47.5],[-71.9,-47.2],[-71.9,-46.8],[-71.7,-46.7],[-71.7,-46.2],[-71.9,-46.1],[-71.6,-46],[-71.8,-45.7],[-71.3,-45.3],[-71.6,-45],[-72.1,-44.9],[-72.1,-44.8],[-71.3,-44.8],[-71.1,-44.5],[-71.9,-44.4],[-71.6,-43.9],[-71.8,-43.8],[-71.7,-43.6],[-71.9,-43.4],[-71.7,-43.2],[-72.1,-43],[-72.1,-42.3],[-71.7,-42.1],[-71.9,-41.7],[-71.8,-41],[-72,-40.7],[-71.7,-40.3],[-71.8,-40.2],[-71.6,-40],[-71.7,-39.6],[-71.5,-39.6],[-71.4,-38.9],[-70.8,-38.6],[-71.2,-37.7],[-71.2,-36.8],[-71,-36.5],[-70.7,-36.4],[-70.7,-36.3],[-70.4,-36.1],[-70.3,-35.8],[-70.6,-35.2],[-70.4,-35.1],[-70,-34.3],[-69.8,-34.2],[-69.9,-33.8],[-69.8,-33.4],[-70.1,-33.2],[-70,-32.9],[-70.3,-32.3],[-70.2,-31.9],[-70.6,-31.6],[-70.6,-31.3],[-70.3,-31],[-70.2,-30.6],[-69.8,-30.2],[-70,-29.3],[-69.8,-29.1],[-69.7,-28.4],[-69.2,-28],[-68.8,-27.1],[-68.3,-26.9],[-68.6,-26.5],[-68.4,-26.2],[-68.6,-25.4],[-68.4,-25.1],[-68.5,-24.7],[-68.3,-24.4],[-67.3,-24],[-67,-23],[-67.2,-22.8],[-66.7,-22.2],[-66.3,-22.1],[-66.2,-21.8],[-65.8,-22.1]]]]}},{"type":"Feature","properties":{"code":"SZ","name":"Swaziland","country_code":"SZ","country":"Swaziland","region":null,"level":"country"},"geometry":{"type":"Polygon","coordinates":[[[32,-26],[32.1,-26.8],[32,-26.8],[32,-27.3],[31.2,-27.2],[30.8,-26.8],[30.8,-26.5],[31.1,-25.9],[31.4,-25.7],[32,-26]]]}},{"type":"Feature","properties":{"code":"NF","name":"Norfolk Island","country_code":"NF","country":"Norfolk Island","region":null,"level":"country"},"geometry":{"type":"Polygon","coordinates":[[[168,-29.1],[167.9,-29.1],[167.9,-29],[168,-29],[168,-29.1]]]}},{"type":"Feature","properties":{"code":"ZA","name":"South Africa","country_code":"ZA","country":"South Africa","region":null,"level":"country"},"geometry":{"type":"MultiPolygon","coordinates":[[[[37.9,-46.9],[37.8,-47],[37.6,-46.9],[37.7,-46.8],[37.9,-46.9]]],[[[29.8,-22.2],[30.3,-22.3],[31.3,-22.4],[31.6,-23.5],[32,-24.5],[32,-26],[31.3,-25.8],[30.8,-26.4],[30.8,-26.8],[31.2,-27.2],[31.5,-27.3],[32,-27.3],[32,-26.8],[32.9,-26.8],[32.4,-28.5],[31.3,-29.4],[30,-31.3],[27.9,-33],[26.5,-33.8],[25.7,-33.8],[25.7,-34],[25,-34],[24.8,-34.2],[23.6,-34],[23.4,-34.1],[22.5,-34],[21.8,-34.4],[20.5,-34.5],[20,-34.8],[19.3,-34.6],[19.3,-34.4],[18.8,-34.4],[18.8,-34.1],[18.5,-34.1],[18.4,-34.3],[18.3,-34],[18.4,-33.7],[17.8,-32.8],[18.3,-32.6],[18.3,-31.9],[17.3,-30.3],[16.8,-29.1],[16.5,-28.6],[17.1,-28],[17.4,-28.3],[17.4,-28.7],[18.2,-28.9],[19.1,-29],[19.6,-28.5],[20,-28.4],[20,-24.8],[20.4,-25],[20.8,-25.9],[20.6,-26.8],[21.7,-26.9],[22.6,-26.1],[23,-25.3],[23.5,-25.3],[23.9,-25.6],[24.6,-25.8],[25.4,-25.7],[25.7,-25.5],[25.9,-24.7],[26.4,-24.6],[26.8,-24.3],[27,-23.6],[27.5,-23.4],[28.2,-22.7],[28.9,-22.5],[29,-22.2],[29.8,-22.2]],[[28.6,-28.6],[27.8,-28.9],[27.3,-29.5],[27,-29.6],[27.4,-30.3],[27.7,-30.6],[28.1,-30.7],[28.4,-30.2],[29.2,-29.9],[29.1,-29.7],[29.5,-29.3],[29.3,-29.1],[28.6,-28.6]]]]}},{"type":"Feature","properties":{"code":"LS","name":"Lesotho","country_code":"LS","country":"Lesotho","region":null,"level":"country"},"geometry":{"type":"Polygon","coordinates":[[[28.7,-28.6],[29.3,-29.1],[29.4,-29.4],[29.2,-29.7],[29.2,-29.9],[28.4,-30.2],[28.1,-30.7],[27.7,-30.6],[27.4,-30.3],[27,-29.6],[27.3,-29.5],[27.8,-28.9],[28.7,-28.6]]]}},{"type":"Feature","properties":{"code":"UY","name":"Uruguay","country_code":"UY","country":"Uruguay","region":null,"level":"country"},"geometry":{"type":"Polygon","coordinates":[[[-53.4,-33.7],[-54.1,-34.7],[-54.3,-34.6],[-54.3,-34.7],[-54.9,-34.9],[-55.7,-34.8],[-56.3,-34.9],[-57.1,-34.5],[-57.8,-34.5],[-58.4,-33.9],[-58.4,-33.7],[-58.4,-33.1],[-58,-32.9],[-58.2,-31.9],[-58,-31.8],[-58.1,-31.5],[-57.8,-30.9],[-57.9,-30.5],[-57.6,-30.2],[-57.2,-30.3],[-57.1,-30.1],[-56.8,-30.1],[-56,-30.8],[-56,-31.1],[-55.6,-30.8],[-55.2,-31.2],[-54.6,-31.5],[-54.3,-31.8],[-53.9,-31.9],[-53.6,-32.4],[-53.1,-32.7],[-53.5,-33.1],[-53.5,-33.7],[-53.4,-33.7]]]}},{"type":"Feature","properties":{"code":"NZ","name":"New Zealand","country_code":"NZ","country":"New Zealand","region":null,"level":"country"},"geometry":{"type":"MultiPolygon","coordinates":[[[[169.2,-52.6],[169,-52.6],[169,-52.5],[169.2,-52.4],[169.2,-52.6]]],[[[166.1,-50.9],[166,-50.9],[165.9,-50.9],[166.2,-50.9],[166.1,-50.9]]],[[[166.3,-50.8],[165.9,-50.8],[165.9,-50.8],[166.2,-50.5],[166.3,-50.8]]],[[[178.8,-49.7],[178.7,-49.7],[178.8,-49.6],[178.8,-49.6],[178.8,-49.7]]],[[[168.2,-46.9],[168,-46.9],[168.3,-47],[168.2,-47.1],[167.5,-47.3],[167.8,-46.9],[167.8,-46.7],[168.2,-46.9]]],[[[166.7,-45.7],[166.7,-45.7],[166.5,-45.7],[166.7,-45.6],[166.7,-45.7]]],[[[167,-45.3],[166.9,-45.2],[167,-45.2],[167,-45.2],[167,-45.3]]],[[[-176.5,-43.7],[-176.3,-43.8],[-176.5,-43.8],[-176.4,-44],[-176.6,-44.1],[-176.6,-43.8],[-176.8,-43.8],[-176.5,-43.7]]],[[[173.8,-40.9],[173.8,-40.8],[174,-40.7],[173.9,-40.9],[173.8,-40.9]]],[[[172.9,-40.5],[173,-40.5],[172.7,-40.7],[172.9,-40.9],[173,-40.8],[173.1,-41.3],[174,-40.9],[173.8,-41],[173.9,-41.1],[173.8,-41.3],[174.1,-41.2],[173.9,-41.2],[174,-41],[174.3,-41],[174.2,-41.2],[174,-41.2],[174.3,-41.2],[174,-41.4],[174.3,-41.7],[173.3,-43],[172.8,-43.2],[172.8,-43.6],[173.1,-43.7],[173.1,-43.9],[172.4,-43.7],[171.3,-44.3],[171.2,-44.9],[170.6,-45.9],[170.8,-45.9],[170.3,-46],[169.7,-46.6],[169,-46.7],[168.4,-46.6],[168.4,-46.4],[167.8,-46.4],[167.5,-46.2],[167.3,-46.3],[166.7,-46.2],[166.9,-45.9],[166.7,-46.1],[166.5,-46],[166.5,-45.8],[167,-45.7],[166.8,-45.7],[167,-45.5],[166.7,-45.6],[166.8,-45.3],[167.2,-45.5],[167.1,-45.3],[167.3,-45.3],[167,-45.1],[167.3,-44.9],[167.5,-45],[167.5,-44.8],[168.4,-44],[169.7,-43.6],[170.8,-42.9],[171.2,-42.6],[171.5,-41.8],[172.1,-41.4],[172.1,-40.9],[172.6,-40.5],[172.9,-40.5]]],[[[175.2,-36.8],[175.1,-36.8],[175,-36.8],[175.2,-36.7],[175.2,-36.8]]],[[[175.6,-36.3],[175.4,-36.2],[175.4,-36.1],[175.5,-36.2],[175.6,-36.3]]],[[[173,-34.4],[172.9,-34.5],[173.3,-35],[173.5,-34.8],[173.5,-35],[174.1,-35.1],[174,-35.2],[174.1,-35.3],[174.3,-35.2],[174.6,-35.8],[174.4,-35.7],[174.3,-35.8],[174.5,-35.8],[174.8,-36.3],[174.7,-36.6],[174.9,-36.8],[175.3,-37],[175.4,-37.2],[175.6,-37.2],[175.4,-36.5],[175.8,-36.8],[175.7,-36.9],[175.8,-36.8],[175.9,-37.2],[176.2,-37.6],[175.9,-37.5],[176,-37.6],[177.2,-38],[177.5,-38],[178,-37.6],[178.6,-37.7],[178.4,-38],[178.3,-38.5],[177.9,-38.7],[177.9,-39.3],[177.6,-39.1],[177.1,-39.2],[176.9,-39.4],[176.9,-39.7],[177.1,-39.7],[176.8,-40.2],[176,-41.2],[175.3,-41.6],[175.2,-41.4],[174.9,-41.4],[174.9,-41.2],[174.6,-41.3],[175.1,-40.7],[175.2,-40.1],[174,-39.5],[173.8,-39.3],[174.6,-38.8],[174.7,-38.2],[174.9,-38.1],[174.8,-37.8],[175,-37.7],[174.8,-37.8],[174.7,-37.4],[174.8,-37.3],[174.7,-37.4],[174.6,-37.1],[174.7,-37.2],[174.9,-37.1],[174.8,-36.9],[174.5,-37],[174.2,-36.5],[174.5,-36.6],[174.4,-36.4],[174.3,-36.3],[174.5,-36.2],[174.1,-36.2],[173.9,-35.9],[174,-36.1],[174.2,-36.3],[174.1,-36.4],[173.4,-35.6],[173.7,-35.3],[173.4,-35.5],[173.1,-35.2],[173.2,-35],[172.7,-34.5],[173,-34.4]]]]}},{"type":"Feature","properties":{"code":"TF","name":"French Southern & Antarctic Lands","country_code":"TF","country":"French Southern & Antarctic Lands","region":null,"level":"country"},"geometry":{"type":"MultiPolygon","coordinates":[[[[69.3,-49.1],[69.2,-49],[69.4,-48.9],[69.4,-48.9],[69.3,-49.1]]],[[[69,-48.8],[69.2,-48.8],[69,-49],[69.1,-49.1],[69.1,-49],[69.2,-49.1],[69.6,-49],[69.6,-49.1],[69.4,-49.1],[69.3,-49.2],[69.6,-49.3],[70.3,-49.1],[70.6,-49.3],[70.3,-49.4],[70.5,-49.4],[69.8,-49.4],[69.8,-49.6],[70.3,-49.5],[70.3,-49.7],[69.3,-49.5],[68.8,-49.7],[68.9,-49.4],[68.7,-49.1],[69.1,-48.7],[69,-48.8]]],[[[52.3,-46.5],[52.2,-46.5],[52.1,-46.4],[52.3,-46.4],[52.3,-46.5]]],[[[51.8,-46.5],[51.7,-46.5],[51.7,-46.4],[51.8,-46.3],[51.8,-46.5]]]]}},{"type":"Feature","properties":{"code":"FK","name":"Falkland Islands (Islas Malvinas)","country_code":"FK","country":"Falkland Islands (Islas Malvinas)","region":null,"level":"country"},"geometry":{"type":"MultiPolygon","coordinates":[[[[-61,-51.9],[-60.9,-51.8],[-60.9,-51.9],[-61.1,-51.8],[-60.9,-51.8],[-61,-51.9]]],[[[-59.2,-51.4],[-60.4,-52.2],[-60.6,-52.2],[-61,-52.1],[-60.5,-52],[-60.4,-51.8],[-60.2,-51.8],[-60.6,-51.7],[-60.2,-51.7],[-60.6,-51.4],[-60.1,-51.5],[-60,-51.4],[-59.2,-51.4]]],[[[-58.8,-51.3],[-58.4,-51.3],[-58.3,-51.4],[-58.6,-51.4],[-58.2,-51.7],[-58.3,-51.4],[-57.9,-51.4],[-57.8,-51.5],[-58.1,-51.5],[-57.7,-51.7],[-58.4,-51.9],[-58.9,-51.8],[-58.6,-52.1],[-59.3,-52],[-59.1,-52.2],[-59.4,-52.1],[-59.3,-52.3],[-59.7,-52.1],[-59.2,-51.7],[-59,-51.8],[-59.2,-51.6],[-59,-51.6],[-59.1,-51.4],[-58.8,-51.3]]],[[[-60.1,-51.3],[-60.3,-51.4],[-60.3,-51.3],[-60.1,-51.3],[-60.1,-51.3]]],[[[-59.5,-51.3],[-59.6,-51.3],[-59.8,-51.3],[-59.5,-51.3],[-59.5,-51.3]]]]}},{"type":"Feature","properties":{"code":"HM","name":"Heard Island & McDonald Islands","country_code":"HM","country":"Heard Island & McDonald Islands","region":null,"level":"country"},"geometry":{"type":"Polygon","coordinates":[[[73.4,-53],[73.6,-53],[73.8,-53.1],[73.5,-53.2],[73.2,-53],[73.4,-53]]]}},{"type":"Feature","properties":{"code":"GS","name":"South Georgia and the South Sandwich Islands","country_code":"GS","country":"South Georgia and the South Sandwich Islands","region":null,"level":"country"},"geometry":{"type":"Polygon","coordinates":[[[-26.2,-58.5],[-26.4,-58.5],[-26.5,-58.4],[-26.3,-58.4],[-26.2,-58.5]]]}},{"type":"Feature","properties":{"code":"GS","name":"South Georgia and the South Sandwich Island","country_code":"GS","country":"South Georgia and the South Sandwich Island","region":null,"level":"country"},"geometry":{"type":"Polygon","coordinates":[[[-37.5,-54],[-36.7,-54.1],[-36.7,-54.3],[-36.4,-54.4],[-36.3,-54.3],[-35.8,-54.8],[-36.1,-54.8],[-35.9,-54.9],[-36.1,-54.9],[-36.5,-54.5],[-37.4,-54.3],[-37.3,-54.2],[-38,-54.1],[-37.5,-54]]]}},{"type":"Feature","properties":{"code":"BV","name":"Bouvet Island","country_code":"BV","country":"Bouvet Island","region":null,"level":"country"},"geometry":{"type":"Polygon","coordinates":[[[3.5,-54.4],[3.4,-54.5],[3.3,-54.4],[3.4,-54.4],[3.5,-54.4]]]}},{"type":"Feature","properties":{"code":"KZ","name":"Kazakhstan","country_code":"KZ","country":"Kazakhstan","region":null,"level":"country"},"geometry":{"type":"MultiPolygon","coordinates":[[[[61,44.3],[61,44.3],[61,44.3],[61,44.3]]],[[[61.1,44.2],[61,44.3],[61,44.4],[61.1,44.4],[61.1,44.2]]],[[[49.2,46.3],[49.2,46.3],[49.3,46.3],[49.2,46.3],[49.2,46.3]]],[[[49.2,46.3],[48.5,46.7],[49,46.8],[48.2,47.7],[47.4,47.8],[47.4,47.7],[47.3,47.8],[47.1,48.3],[46.5,48.4],[47.1,49.1],[46.8,49.3],[46.9,49.9],[47.3,50],[47.3,50.3],[47.5,50.4],[47.9,50.3],[48.2,49.9],[48.8,49.9],[48.9,50],[48.7,50.6],[49.4,50.9],[49.5,51.1],[50.4,51.3],[50.6,51.6],[50.8,51.6],[50.8,51.8],[51.4,51.6],[51.3,51.5],[51.7,51.5],[51.9,51.7],[52.3,51.8],[52.6,51.5],[53.4,51.5],[54.5,50.9],[54.4,50.6],[54.5,50.5],[54.7,50.6],[54.5,50.9],[54.6,51],[55.7,50.5],[56.5,51.1],[57.1,51.1],[57.5,50.9],[57.7,50.9],[57.8,51.1],[58.3,51.2],[58.6,51],[58.7,50.8],[59.5,50.6],[59.5,50.5],[59.8,50.5],[60.1,50.9],[60.7,50.7],[61.4,50.8],[61.7,51.3],[60.9,51.6],[60.4,51.7],[60.5,51.8],[60,52],[61.1,52.3],[60.7,52.7],[61.1,53],[62.1,53],[62.1,53.1],[61.2,53.3],[61.2,53.5],[61.6,53.5],[60.9,53.6],[61.2,53.8],[61,53.9],[61.4,54.1],[62.4,54],[62.5,53.9],[62.6,54.1],[63.2,54.2],[64.9,54.4],[65.2,54.3],[65.2,54.5],[65.5,54.6],[68.2,55],[68.3,55.1],[68.2,55.2],[68.6,55.2],[68.7,55.4],[69,55.3],[68.9,55.4],[70.2,55.1],[70.8,55.3],[71,54.8],[71.3,54.7],[71.2,54.3],[71,54.3],[71.2,54.1],[71.3,54.2],[71.7,54.1],[71.8,54.3],[72.2,54.1],[72,54.4],[72.5,54.1],[72.4,53.9],[72.7,54],[72.5,54.1],[72.6,54.1],[73.3,54],[73.8,54.1],[73.7,53.9],[73.4,53.9],[73.2,53.6],[73.4,53.4],[73.9,53.7],[74.4,53.5],[74.5,53.7],[74.8,53.8],[76.8,54.4],[76.7,54.2],[76.4,54.2],[76.5,54],[77.9,53.3],[80.1,50.8],[80.5,51],[80.4,51.2],[80.7,51.3],[81.2,51.2],[81.1,51],[81.4,51],[81.5,50.7],[82.5,50.7],[82.8,50.9],[83.5,51],[84,50.8],[84.3,50.3],[85,50.1],[85,49.9],[85.3,49.6],[86.2,49.5],[86.8,49.8],[86.6,49.6],[87.3,49.1],[86.9,49.1],[86.6,48.5],[85.8,48.4],[85.5,47.9],[85.7,47.3],[85.5,47.1],[84.8,46.8],[84.7,47],[83.9,47],[83,47.2],[82.3,45.6],[82.6,45.4],[82.6,45.1],[81.9,45.2],[81.7,45.3],[79.9,44.9],[80.5,44.7],[80.4,44.6],[80.4,44.1],[80.8,43.2],[80.4,43],[80.6,42.9],[80.2,42.8],[80.3,42.2],[80,42.4],[79.4,42.5],[79.2,42.8],[77,43],[75.8,42.9],[75.7,42.8],[74.1,43.2],[73.6,43],[73.4,42.6],[73.5,42.4],[72.3,42.8],[71.3,42.8],[70.9,42.3],[71,42.3],[70.6,42],[70.4,42.1],[69.9,41.7],[69.1,41.4],[69.1,41.2],[68.6,40.9],[68.6,40.6],[68,40.8],[68.2,41],[67.9,41.2],[66.7,41.2],[66.5,42],[66,42],[66.1,43],[65.8,42.9],[65.5,43.3],[64.9,43.7],[64.5,43.5],[63.2,43.6],[62,43.5],[61.1,44.2],[61.1,44.7],[61.9,45],[61.2,45.5],[61.3,45.7],[60.9,45.7],[61.1,45.9],[60.9,46.1],[61.2,46.2],[61.7,46.7],[61.6,46.9],[61.1,46.5],[60.8,46.6],[60.9,46.8],[60.6,46.8],[60.5,46.7],[60.7,46.7],[60.6,46.6],[60.3,46.7],[59.8,46.5],[60.1,46.2],[59.9,46.1],[59.8,46.3],[59.4,46.3],[59.6,46.2],[59.5,45.8],[59.3,45.8],[59.4,46],[59,46],[58.7,45.9],[58.6,45.6],[56,45],[56,41.3],[55.7,41.3],[55.5,41.3],[54.8,42.1],[54.2,42.3],[53,42.1],[52.4,41.7],[52.4,42.1],[52.7,42.7],[51.9,42.8],[51.7,43.2],[51.3,43.2],[51.3,43.4],[50.8,44.2],[50.2,44.4],[50.3,44.7],[51.6,44.5],[51,44.9],[51.4,45.4],[53.2,45.3],[52.7,45.5],[53.2,46.3],[53,46.5],[53.2,46.6],[53.1,46.9],[52.5,47],[52.1,46.8],[51.2,47.1],[49.8,46.6],[49.3,46.6],[49.4,46.4],[49.2,46.3]],[[74.9,46.8],[73.7,46.2],[73.7,46],[73.4,45.8],[73.4,45.6],[74,45.2],[74,45],[74.1,45],[74.1,45.5],[74.3,45.7],[74.2,46],[74.8,46.1],[74.9,46.4],[75.5,46.5],[75.4,46.6],[75.5,46.7],[75.5,46.5],[77.4,46.5],[78.4,46.3],[78.4,46.4],[78.9,46.4],[79.3,46.7],[79.1,46.8],[78.8,46.8],[78.9,46.6],[78.6,46.7],[78.4,46.7],[78.3,46.5],[77.9,46.7],[76.9,46.6],[76.2,46.8],[74.9,46.8]],[[74.4,44.8],[74.4,44.9],[74.1,44.9],[74.1,44.9],[74.4,44.8]]]]}},{"type":"Feature","properties":{"code":"GE","name":"Georgia","country_code":"GE","country":"Georgia","region":null,"level":"country"},"geometry":{"type":"Polygon","coordinates":[[[46.5,41.9],[46.2,41.7],[46.7,41.3],[46.5,41],[45.3,41.5],[44.9,41.2],[43.8,41.1],[43.2,41.2],[42.8,41.6],[41.8,41.4],[41.5,41.5],[41.8,41.9],[41.5,42.7],[40,43.4],[40.3,43.6],[41.6,43.2],[42.9,43.2],[43.8,42.7],[43.7,42.6],[43.9,42.6],[44.9,42.8],[45.7,42.5],[45.7,42.2],[46.5,41.9]]]}},{"type":"Feature","properties":{"code":"VA","name":"Vatican City","country_code":"VA","country":"Vatican City","region":null,"level":"country"},"geometry":{"type":"Polygon","coordinates":[[[12.5,41.9],[12.5,41.9],[12.4,41.9],[12.5,41.9],[12.5,41.9]]]}},{"type":"Feature","properties":{"code":"AM","name":"Armenia","country_code":"AM","country":"Armenia","region":null,"level":"country"},"geometry":{"type":"MultiPolygon","coordinates":[[[[45.6,40.6],[45.5,40.6],[45.5,40.6],[45.6,40.7],[45.6,40.6]]],[[[45.1,41.2],[45.1,41.1],[45.6,40.9],[45.4,40.7],[45.5,40.5],[46,40.2],[45.9,40],[45.6,40],[46.5,39.5],[46.4,39.4],[46.6,39.2],[46.4,39.2],[46.5,38.9],[46.2,38.8],[45.8,39.6],[45.5,39.5],[45.1,39.8],[44.8,39.7],[44.4,40],[43.6,40.1],[43.6,40.5],[43.8,40.7],[43.5,41.1],[45,41.3],[45.1,41.2]],[[45,41],[45.1,41.1],[45,41.1],[45,41.1],[45,41]],[[45.2,41],[45.2,41],[45.2,41],[45.2,41],[45.2,41]]]]}},{"type":"Feature","properties":{"code":"IR","name":"Iran","country_code":"IR","country":"Iran","region":null,"level":"country"},"geometry":{"type":"MultiPolygon","coordinates":[[[[55.7,26.8],[55.7,26.8],[55.6,26.8],[55.7,26.9],[55.7,26.8]]],[[[56.2,26.9],[56,26.7],[55.3,26.6],[55.8,26.8],[55.8,27],[56.2,26.9]]],[[[45,39.4],[45.5,39],[46.5,38.9],[48,39.7],[48.4,39.4],[48.1,39.3],[48.3,39],[48,38.8],[48.6,38.4],[48.9,38.4],[49.1,37.6],[50.2,37.4],[50.3,37.1],[51,36.8],[51.9,36.6],[53.5,36.9],[54,36.9],[53.6,36.9],[54,36.8],[54,36.9],[53.9,37.4],[54.7,37.4],[54.8,37.7],[55.4,38.1],[56.3,38.1],[56.4,38.3],[56.8,38.3],[57.2,38.3],[57.4,38],[58.2,37.7],[59.3,37.5],[59.5,37.2],[60,37],[60.4,36.6],[61.2,36.7],[61.3,35.6],[61,34.7],[60.7,34.5],[60.9,34.3],[60.5,34.1],[60.5,33.6],[60.9,33.5],[60.6,33.1],[60.9,32.2],[60.8,31.5],[61.7,31.4],[61.9,31],[60.9,29.9],[61.9,28.6],[62.8,28.3],[62.8,27.3],[63.3,27.1],[63.2,26.6],[62.4,26.6],[62.3,26.4],[61.9,26.2],[61.6,25.2],[61.4,25.1],[60.6,25.3],[60.6,25.4],[60.4,25.4],[60.5,25.3],[58.1,25.5],[58,25.7],[57.3,25.8],[57,26.8],[56.8,27.1],[56.1,27.2],[54.8,26.5],[54.3,26.7],[53.7,26.7],[52.6,27.3],[52.5,27.6],[51.4,27.9],[51.1,28.7],[50.8,28.9],[50.9,29.1],[50.6,29.1],[50.6,29.5],[50.1,30.2],[49.6,30],[49,30.3],[48.9,30.4],[49.3,30.4],[49,30.5],[48.9,30.4],[48.9,30],[48.5,30],[48,30.5],[48,31],[47.7,31],[47.9,31.8],[47.4,32.4],[46.1,33],[46.2,33.3],[45.4,34],[45.6,34.3],[45.4,34.5],[45.7,34.6],[45.7,34.7],[45.9,35],[46.2,35.1],[46,35.6],[46.3,35.8],[45.8,35.8],[45.4,36],[45.3,36.4],[44.9,36.8],[44.9,37],[44.6,37.4],[44.6,37.7],[44.2,37.9],[44.5,38.3],[44.3,38.4],[44.3,38.8],[44,39.4],[44.4,39.4],[44.6,39.8],[45,39.4]],[[45,38.1],[45.2,38.1],[45,37.9],[45.3,37.8],[45.3,37.3],[45.6,37.1],[45.9,37.4],[45.7,37.6],[45.8,37.7],[45.4,37.8],[45.5,38.1],[45.4,38.3],[45.1,38.3],[45,38.1]]]]}},{"type":"Feature","properties":{"code":"BH","name":"Bahrain","country_code":"BH","country":"Bahrain","region":null,"level":"country"},"geometry":{"type":"MultiPolygon","coordinates":[[[[50.8,25.6],[50.7,25.7],[50.8,25.7],[50.8,25.7],[50.8,25.6]]],[[[50.5,26.2],[50.6,26.2],[50.6,25.8],[50.5,26],[50.5,26.2]]],[[[50.7,26.3],[50.6,26.2],[50.6,26.3],[50.6,26.3],[50.7,26.3]]]]}},{"type":"Feature","properties":{"code":"QA","name":"Qatar","country_code":"QA","country":"Qatar","region":null,"level":"country"},"geometry":{"type":"Polygon","coordinates":[[[51.2,24.6],[51,24.6],[50.8,24.7],[50.8,25.4],[51,25.6],[51,26],[51.2,26.2],[51.6,25.9],[51.5,25.5],[51.6,25.2],[51.4,24.7],[51.2,24.6]]]}},{"type":"Feature","properties":{"code":"NL","name":"Netherlands","country_code":"NL","country":"Netherlands","region":null,"level":"country"},"geometry":{"type":"MultiPolygon","coordinates":[[[[3.8,51.3],[4,51.4],[4.2,51.4],[3.9,51.2],[3.4,51.2],[3.4,51.4],[3.8,51.3]]],[[[3.8,51.7],[4,51.7],[4.1,51.7],[3.7,51.7],[3.8,51.7]]],[[[5.5,52.3],[5.4,52.3],[5.1,52.4],[5.5,52.5],[5.6,52.6],[5.9,52.5],[5.5,52.3]]],[[[5.4,52.6],[5.4,52.5],[5.1,52.4],[5.1,52.5],[5,52.6],[5.2,52.6],[5.3,52.7],[5.4,52.6]]],[[[4.8,53],[4.7,53.1],[4.9,53.2],[4.9,53.1],[4.8,53]]],[[[5.2,53.3],[5.2,53.4],[5.6,53.4],[5.6,53.4],[5.2,53.3]]],[[[6.9,53.4],[7.2,53.2],[7.2,53],[7.1,52.6],[6.7,52.6],[7.1,52.4],[7.1,52.2],[6.8,52.1],[6.7,51.9],[6,51.8],[6.2,51.5],[6.1,51.1],[5.9,51],[6.1,50.9],[6,50.8],[5.6,50.8],[5.8,51.2],[5.2,51.3],[5,51.5],[4.5,51.5],[4.4,51.4],[3.4,51.5],[3.8,51.6],[4.3,51.4],[4,51.6],[4.2,51.7],[3.9,51.8],[4.6,52.5],[5.4,52.2],[5.5,52.3],[5.8,52.4],[5.9,52.5],[5.9,52.6],[5.6,52.7],[5.7,52.8],[5.4,52.9],[5.4,53.1],[5.1,52.9],[5.3,52.7],[5.2,52.6],[5.1,52.6],[5,52.6],[5.1,52.4],[4.6,52.5],[4.7,53],[5.1,53],[5.9,53.4],[6.9,53.4]]]]}},{"type":"Feature","properties":{"code":"BE","name":"Belgium","country_code":"BE","country":"Belgium","region":null,"level":"country"},"geometry":{"type":"Polygon","coordinates":[[[6,50.8],[6.3,50.6],[6.4,50.3],[5.8,50],[5.9,49.6],[5.5,49.5],[4.9,49.8],[4.8,50.2],[4.5,49.9],[4.1,50],[4.2,50.3],[3.3,50.5],[3.2,50.8],[2.7,50.8],[2.5,51.1],[3.4,51.4],[3.4,51.2],[3.9,51.2],[4.3,51.3],[4.3,51.4],[4.5,51.5],[5,51.5],[5.2,51.3],[5.8,51.2],[5.6,50.8],[6,50.8]]]}},{"type":"Feature","properties":{"code":"CI","name":"Cote d'Ivoire","country_code":"CI","country":"Cote d'Ivoire","region":null,"level":"country"},"geometry":{"type":"MultiPolygon","coordinates":[[[[-3.1,5.1],[-3.1,5.1],[-3.2,5.1],[-3.1,5.1]]],[[[-6.2,10.6],[-6.1,10.2],[-5.7,10.4],[-5.1,10.3],[-4.7,9.7],[-4.3,9.6],[-4.1,9.8],[-3.6,10],[-3.2,9.9],[-2.8,9.4],[-2.7,9.5],[-2.8,9.1],[-2.5,8.2],[-2.8,7.9],[-3.2,6.6],[-3,5.7],[-2.8,5.6],[-2.7,5.1],[-3.1,5.1],[-3.1,5.4],[-3.3,5.1],[-4,5.3],[-3.7,5.3],[-3.7,5.3],[-3.8,5.4],[-4.9,5.1],[-5,5.2],[-5.3,5.2],[-5.4,5.1],[-5,5.1],[-5.9,5],[-7.6,4.4],[-7.6,5.1],[-7.4,5.3],[-7.4,5.8],[-7.8,5.9],[-7.9,6.3],[-8.6,6.5],[-8.3,6.9],[-8.5,7.6],[-8.2,7.6],[-8.1,8],[-7.9,8],[-8.2,8.2],[-8.2,8.4],[-7.7,8.4],[-7.7,8.6],[-8,8.8],[-7.7,9.1],[-8.1,9.5],[-8.1,10],[-7.6,10.4],[-7,10.1],[-6.9,10.4],[-6.7,10.4],[-6.6,10.7],[-6.4,10.6],[-6.2,10.7],[-6.2,10.6]]]]}},{"type":"Feature","properties":{"code":"MX","name":"Mexico","country_code":"MX","country":"Mexico","region":null,"level":"country"},"geometry":{"type":"MultiPolygon","coordinates":[[[[-91.8,18.6],[-91.6,18.8],[-91.5,18.8],[-91.5,18.8],[-91.8,18.6]]],[[[-110.9,18.7],[-111.1,18.8],[-111,18.9],[-110.9,18.8],[-110.9,18.7]]],[[[-86.7,20.6],[-86.9,20.4],[-87,20.3],[-86.9,20.5],[-86.7,20.6]]],[[[-106.4,21.4],[-106.5,21.4],[-106.5,21.5],[-106.3,21.5],[-106.4,21.4]]],[[[-106.5,21.5],[-106.6,21.6],[-106.6,21.7],[-106.5,21.7],[-106.5,21.5]]],[[[-109.8,24.1],[-109.9,24.2],[-109.9,24.4],[-109.8,24.2],[-109.8,24.1]]],[[[-111.7,24.3],[-111.8,24.4],[-112,24.5],[-111.8,24.5],[-111.7,24.3]]],[[[-110.3,24.4],[-110.4,24.6],[-110.4,24.6],[-110.3,24.5],[-110.3,24.4]]],[[[-110.5,24.9],[-110.6,24.9],[-110.7,25.1],[-110.6,25],[-110.5,24.9]]],[[[-112,24.5],[-112.2,24.8],[-112.1,25.3],[-112.2,24.8],[-112,24.5]]],[[[-111.2,25.8],[-111.2,26],[-111.1,26.1],[-111.1,26],[-111.2,25.8]]],[[[-115.2,28],[-115.3,28.1],[-115.2,28.4],[-115.1,28.2],[-115.2,28]]],[[[-118.3,28.9],[-118.4,29.1],[-118.4,29.2],[-118.2,29],[-118.3,28.9]]],[[[-112.3,28.8],[-112.6,28.9],[-112.3,29.2],[-112.2,29],[-112.3,28.8]]],[[[-113.1,29],[-113.6,29.4],[-113.6,29.6],[-113.2,29.2],[-113.1,29]]],[[[-113.1,32],[-111,31.3],[-108.2,31.3],[-108.2,31.8],[-106.4,31.8],[-104.9,30.6],[-104.5,29.7],[-103.3,29],[-103,29.2],[-102.7,29.7],[-102.3,29.9],[-101.4,29.8],[-100.7,29.1],[-100.3,28.3],[-99.5,27.6],[-99.5,27],[-99.1,26.4],[-97.4,25.8],[-97.1,26],[-97.7,24.5],[-97.7,22.9],[-97.9,22.6],[-97.7,22],[-97.3,21.6],[-97.4,21.3],[-97.4,21.5],[-97.7,22],[-97.2,20.7],[-96.4,19.9],[-96.3,19.3],[-95.9,18.8],[-95.2,18.7],[-94.5,18.1],[-93.6,18.4],[-93.1,18.3],[-92,18.7],[-91.9,18.6],[-92,18.6],[-92,18.6],[-91.8,18.4],[-91.5,18.4],[-91.2,18.7],[-91.4,18.9],[-90.8,19.3],[-90.7,19.8],[-90.5,20],[-90.3,21],[-88.5,21.6],[-87.2,21.4],[-87.1,21.6],[-87.4,21.5],[-87.1,21.6],[-86.8,21.4],[-86.8,21.2],[-87.4,20.2],[-87.5,20.1],[-87.4,19.9],[-87.5,19.8],[-87.4,19.9],[-87.5,20],[-87.7,19.7],[-87.7,19.5],[-87.4,19.6],[-87.7,19.3],[-87.5,19.3],[-87.8,18.2],[-88.1,18.5],[-88,18.9],[-88.8,17.9],[-89,18],[-89.1,17.8],[-91,17.8],[-91,17.3],[-91.4,17.2],[-90.4,16.4],[-90.4,16.1],[-91.7,16.1],[-92.2,15.3],[-92.1,15.1],[-92.2,14.6],[-92.8,15.2],[-93.9,16.1],[-94.4,16.3],[-94.4,16.2],[-94.1,16],[-94.7,16.2],[-94.6,16.3],[-94.8,16.3],[-94.9,16.4],[-95.1,16.3],[-94.9,16.2],[-96.6,15.7],[-97.8,16],[-98.8,16.6],[-99.7,16.7],[-100.9,17.2],[-102,18],[-102.2,17.9],[-103.5,18.3],[-104,18.9],[-105,19.3],[-105.5,20],[-105.7,20.4],[-105.2,20.6],[-105.3,20.8],[-105.5,20.8],[-105.2,21.1],[-105.2,21.4],[-105.7,22],[-105.8,22.6],[-106.9,23.9],[-107.7,24.5],[-107.6,24.4],[-107.6,24.5],[-108,24.6],[-108,25],[-108.1,24.8],[-108.2,25],[-108,25.1],[-108.4,25.1],[-108.8,25.5],[-109.1,25.5],[-109,25.6],[-108.8,25.8],[-109.1,25.6],[-109.4,25.8],[-109.2,26.3],[-109.1,26.3],[-109.4,26.7],[-109.8,26.7],[-109.9,27.1],[-110.5,27.4],[-110.6,27.7],[-110.5,27.9],[-111.1,27.9],[-112.2,29],[-112.2,29.3],[-113.1,30.7],[-113.1,31.2],[-113.6,31.3],[-114,31.7],[-114,31.5],[-114.2,31.5],[-115,32],[-114.8,31.7],[-114.9,31.2],[-114.7,30.9],[-114.5,30],[-113.7,29.3],[-113.5,28.9],[-113.2,28.8],[-113.1,28.5],[-112.9,28.4],[-112.8,27.8],[-112.3,27.5],[-111.9,26.7],[-111.7,26.6],[-111.8,26.9],[-111.6,26.7],[-111.3,25.8],[-110.7,24.9],[-110.7,24.3],[-110.4,24.1],[-110.2,24.3],[-109.4,23.5],[-109.5,23.2],[-109.9,22.9],[-110.3,23.6],[-112.1,24.8],[-112.1,25.7],[-112.4,26.3],[-113.2,26.7],[-113.1,27],[-113.3,26.8],[-113.6,26.7],[-115,27.7],[-115,27.8],[-114.4,27.8],[-114.2,27.7],[-114,27.7],[-114.3,27.9],[-114.1,28],[-114.1,28.5],[-114.9,29.4],[-115.7,29.8],[-116.1,30.8],[-116.7,31.6],[-116.6,31.8],[-116.8,32],[-117.1,32.5],[-114.7,32.7],[-114.8,32.5],[-113.1,32]]]]}},{"type":"Feature","properties":{"code":"TO","name":"Tonga","country_code":"TO","country":"Tonga","region":null,"level":"country"},"geometry":{"type":"MultiPolygon","coordinates":[[[[-175.2,-21.1],[-175.1,-21.2],[-175,-21.1],[-175.1,-21.3],[-175.4,-21.1],[-175.2,-21.1]]],[[[-173.9,-18.6],[-174,-18.7],[-174.1,-18.6],[-174,-18.6],[-173.9,-18.6]]]]}},{"type":"Feature","properties":{"code":"PM","name":"St. Pierre and Miquelon","country_code":"PM","country":"St. Pierre and Miquelon","region":null,"level":"country"},"geometry":{"type":"MultiPolygon","coordinates":[[[[-56.1,46.8],[-56.2,46.7],[-56.2,46.8],[-56.2,46.8],[-56.1,46.8]]],[[[-56.3,47],[-56.2,46.9],[-56.4,46.8],[-56.4,47.1],[-56.3,47]]]]}},{"type":"Feature","properties":{"code":"BM","name":"Bermuda","country_code":"BM","country":"Bermuda","region":null,"level":"country"},"geometry":{"type":"Polygon","coordinates":[[[-64.8,32.3],[-64.8,32.3],[-64.7,32.4],[-64.7,32.3],[-64.8,32.3]]]}},{"type":"Feature","properties":{"code":"CL","name":"Chile","country_code":"CL","country":"Chile","region":null,"level":"country"},"geometry":{"type":"MultiPolygon","coordinates":[[[[-67.2,-55.9],[-67.2,-55.9],[-67.4,-55.8],[-67.2,-55.8],[-67.2,-55.9]]],[[[-67.5,-55.8],[-67.6,-55.9],[-67.9,-55.9],[-67.8,-55.8],[-67.5,-55.8]]],[[[-67.3,-55.7],[-67.3,-55.8],[-67.6,-55.7],[-67.4,-55.6],[-67.3,-55.7]]],[[[-67.7,-55.6],[-67.7,-55.6],[-67.7,-55.5],[-67.6,-55.6],[-67.7,-55.6]]],[[[-66.9,-55.3],[-67.1,-55.3],[-67.1,-55.3],[-66.9,-55.2],[-66.9,-55.3]]],[[[-66.6,-55.3],[-66.6,-55.2],[-66.4,-55.2],[-66.5,-55.3],[-66.6,-55.3]]],[[[-66.8,-55.1],[-66.8,-55.1],[-67.1,-55],[-66.9,-55],[-66.8,-55.1]]],[[[-68.4,-55],[-68.3,-55.1],[-68.6,-55.2],[-69.1,-55.1],[-68.2,-55.3],[-68.7,-55.3],[-68.2,-55.4],[-68,-55.6],[-68.1,-55.7],[-68.4,-55.5],[-68.9,-55.5],[-68.8,-55.4],[-68.9,-55.3],[-68.8,-55.2],[-69,-55.3],[-69.2,-55.1],[-69.4,-55.2],[-69.3,-55.2],[-69.4,-55.3],[-69.2,-55.5],[-69.7,-55.3],[-69.5,-55.2],[-70,-55.2],[-68.4,-55]]],[[[-70.1,-55],[-70.2,-55],[-70,-54.9],[-70,-55],[-70.1,-55]]],[[[-67.8,-54.9],[-67.2,-55],[-67.1,-55.1],[-67.2,-55.3],[-67.5,-55.2],[-68.1,-55.2],[-68.4,-54.9],[-67.8,-54.9]]],[[[-70.5,-55],[-70.7,-55],[-70.3,-55.1],[-70.5,-55.2],[-71,-55],[-70.3,-54.9],[-70.5,-55]]],[[[-69.8,-55],[-69.9,-54.9],[-69.2,-55],[-69.5,-55],[-69.8,-55]]],[[[-70.6,-54.9],[-70.7,-54.9],[-70.4,-54.9],[-70.4,-54.9],[-70.6,-54.9]]],[[[-71.1,-54.9],[-70.9,-54.9],[-71.5,-54.9],[-71.4,-54.8],[-71.1,-54.9]]],[[[-72.3,-54.4],[-72.5,-54.4],[-72.5,-54.3],[-72.4,-54.3],[-72.3,-54.4]]],[[[-70.3,-54.3],[-70.5,-54.2],[-70.5,-54.2],[-70.2,-54.2],[-70.3,-54.3]]],[[[-72.3,-54.3],[-72.5,-54.3],[-72.5,-54.2],[-72.3,-54.1],[-72.2,-54.1],[-72.3,-54.3]]],[[[-70.3,-54.2],[-70.5,-54.1],[-70.5,-54.1],[-70.3,-54],[-70.3,-54.2]]],[[[-73.2,-54.1],[-73.3,-54.1],[-73.5,-54.1],[-73.3,-54],[-73.2,-54.1]]],[[[-71.3,-54.1],[-71,-54.1],[-71.1,-54.4],[-71.4,-54.1],[-71.5,-54.3],[-71.7,-54.2],[-71.6,-54.1],[-71.6,-53.9],[-71.3,-54.1]]],[[[-71.7,-53.9],[-71.7,-54.2],[-72,-54],[-71.7,-54.2],[-71.8,-54.3],[-72.3,-53.9],[-71.7,-53.9]]],[[[-70.4,-53.9],[-70.4,-54],[-70.7,-53.9],[-70.5,-54.2],[-70.9,-54],[-70.9,-53.9],[-70.6,-53.9],[-70.7,-53.7],[-70.5,-53.6],[-70.4,-53.9]]],[[[-73.8,-53.6],[-73.9,-53.5],[-73.7,-53.5],[-73.7,-53.5],[-73.8,-53.6]]],[[[-72.9,-53.4],[-72.9,-53.7],[-72.9,-53.5],[-72.1,-53.8],[-72.4,-53.9],[-72.3,-54],[-72.9,-54.1],[-73,-54.1],[-72.8,-54],[-72.7,-53.8],[-73.1,-53.8],[-73.1,-54],[-73.3,-53.8],[-73.2,-53.7],[-73.6,-53.8],[-73.6,-53.6],[-73.5,-53.6],[-73.4,-53.6],[-73.3,-53.7],[-73,-53.7],[-73.4,-53.5],[-72.9,-53.4]]],[[[-73.5,-53.5],[-73.5,-53.6],[-73.8,-53.4],[-73.4,-53.4],[-73.5,-53.5]]],[[[-74.1,-53.3],[-74.2,-53.3],[-74.2,-53.3],[-74.1,-53.2],[-74.1,-53.3]]],[[[-73.4,-52.9],[-73.4,-53],[-73.8,-52.9],[-73.6,-52.8],[-73.4,-52.9]]],[[[-74.4,-52.9],[-73.6,-53.1],[-73.5,-53.3],[-73.5,-53.1],[-73.1,-53.4],[-73.5,-53.3],[-73.9,-53.1],[-74.3,-53.1],[-74.7,-52.8],[-74.4,-52.9]]],[[[-69.2,-52.7],[-68.6,-52.6],[-68.6,-54.9],[-68.9,-54.8],[-68.7,-54.9],[-69.1,-54.9],[-69.7,-54.8],[-69.6,-54.7],[-70.8,-54.8],[-70.5,-54.6],[-71,-54.8],[-71,-54.6],[-71.3,-54.7],[-71.3,-54.5],[-71.5,-54.7],[-72,-54.6],[-72,-54.5],[-71.7,-54.6],[-71.8,-54.4],[-71,-54.5],[-70.9,-54.3],[-70.6,-54.3],[-70.8,-54.6],[-70.6,-54.4],[-70.1,-54.5],[-70.9,-54.1],[-70.1,-54.4],[-70.2,-54.3],[-70.1,-54.2],[-69.8,-54.6],[-69.9,-54.3],[-69.2,-54.4],[-69.4,-54.6],[-69.4,-54.7],[-69,-54.5],[-70,-54.1],[-70.2,-53.8],[-69.4,-53.5],[-69.4,-53.3],[-70.2,-53.5],[-70.5,-53.2],[-70.4,-53],[-70.1,-52.9],[-70.4,-52.7],[-69.9,-52.8],[-69.4,-52.5],[-69.2,-52.7]]],[[[-73.8,-52.7],[-74.1,-52.6],[-73.7,-52.4],[-73.7,-52.5],[-73.8,-52.7]]],[[[-74.7,-52.3],[-74.8,-52.2],[-74.6,-52.2],[-74.7,-52.3],[-74.7,-52.3]]],[[[-73.8,-52.4],[-73.8,-52.4],[-74.1,-52.2],[-73.8,-52.2],[-73.8,-52.4]]],[[[-74.2,-52.1],[-73.9,-52.3],[-73.9,-52.3],[-74.1,-52.4],[-74.1,-52.2],[-74.4,-52.1],[-74.2,-52.1]]],[[[-74.8,-52.2],[-74.8,-52.1],[-74.6,-52.1],[-74.7,-52.2],[-74.8,-52.2]]],[[[-74.7,-52.1],[-74.7,-52.1],[-74.5,-52],[-74.5,-52],[-74.7,-52.1]]],[[[-73.7,-52.2],[-74.1,-52],[-74.1,-51.9],[-73.8,-52.1],[-73.7,-52.2]]],[[[-73.1,-52.1],[-73.1,-51.9],[-72.9,-51.9],[-73,-52],[-73.1,-52.1]]],[[[-74.9,-52.1],[-74.8,-51.8],[-74.6,-51.8],[-74.8,-52.1],[-74.9,-52.1]]],[[[-73.8,-51.9],[-73.9,-51.9],[-74,-51.8],[-73.9,-51.8],[-73.8,-51.9]]],[[[-75.1,-51.9],[-75.1,-51.8],[-75,-51.7],[-75,-51.8],[-75.1,-51.9]]],[[[-74.1,-52],[-74.4,-51.9],[-74.5,-51.7],[-74.1,-51.9],[-74.1,-52]]],[[[-73.8,-51.8],[-73.9,-51.8],[-73.9,-51.7],[-73.8,-51.7],[-73.8,-51.8]]],[[[-74.8,-51.8],[-74.9,-52],[-75,-52.1],[-75.1,-52],[-74.8,-51.8],[-74.9,-51.6],[-74.8,-51.8]]],[[[-74.1,-51.6],[-73.9,-51.8],[-73.9,-51.8],[-74.2,-51.7],[-74.1,-51.6]]],[[[-74.1,-51.5],[-74.2,-51.4],[-74.3,-51.3],[-74.2,-51.3],[-74.1,-51.5]]],[[[-75,-51.4],[-75.2,-51.6],[-75.3,-51.6],[-75.2,-51.3],[-75,-51.4]]],[[[-73.8,-51.4],[-73.9,-51.4],[-73.9,-51.3],[-73.8,-51.3],[-73.8,-51.4]]],[[[-74,-51.3],[-74.1,-51.4],[-74.1,-51.2],[-74,-51.2],[-74,-51.3]]],[[[-74.5,-51.3],[-74.6,-51.4],[-75,-51.5],[-74.8,-51.2],[-74.5,-51.3]]],[[[-74.4,-51.2],[-74.6,-51.2],[-74.6,-51.1],[-74.5,-51],[-74.4,-51.2]]],[[[-74.2,-51.2],[-74.3,-51.2],[-74.3,-50.9],[-74.2,-51.2],[-74.2,-51.2]]],[[[-74.4,-50.9],[-74.4,-51.1],[-74.5,-51],[-74.7,-51.1],[-75,-51],[-74.6,-50.9],[-74.7,-50.7],[-74.4,-50.9]]],[[[-74.7,-50.9],[-74.9,-50.9],[-75,-50.7],[-74.8,-50.7],[-74.7,-50.9]]],[[[-75,-50.8],[-75.1,-50.8],[-75.1,-50.7],[-75,-50.7],[-75,-50.8]]],[[[-75.1,-50.5],[-75.3,-50.6],[-75.3,-50.8],[-75.5,-50.7],[-75.4,-50.6],[-75.4,-50.5],[-75.1,-50.5]]],[[[-74.4,-50.5],[-74.2,-50.8],[-74.2,-50.8],[-74.5,-50.7],[-74.4,-50.5],[-74.7,-50.5],[-74.4,-50.5]]],[[[-74.7,-50.5],[-74.8,-50.4],[-74.5,-50.4],[-74.6,-50.4],[-74.7,-50.5]]],[[[-75.1,-50.2],[-74.8,-50.1],[-75.2,-50.4],[-75.3,-50.4],[-75.2,-50.3],[-75.5,-50.4],[-75.4,-50.1],[-75.1,-50.2],[-75.3,-50],[-75.1,-50.2]]],[[[-75.3,-49.7],[-75.2,-49.9],[-75.6,-49.8],[-75.6,-49.6],[-75.3,-49.7]]],[[[-74.3,-49.6],[-74.4,-49.6],[-74.4,-49.4],[-74.3,-49.5],[-74.3,-49.6]]],[[[-74.9,-49.1],[-74.9,-49.3],[-75.2,-49.2],[-75.1,-49],[-74.9,-49.1]]],[[[-75.3,-49.1],[-75.5,-49.3],[-75.7,-49.2],[-75.4,-49],[-75.3,-49.1]]],[[[-75.3,-48.9],[-75.3,-49.1],[-75.3,-49],[-75.5,-49],[-75.7,-48.9],[-75.3,-48.9]]],[[[-75.2,-49],[-75.2,-49],[-75.3,-48.8],[-75.1,-48.9],[-75.2,-49]]],[[[-74.4,-49.3],[-74.6,-49.7],[-74.4,-49.7],[-74.5,-49.9],[-74.7,-50.1],[-74.9,-50],[-74.7,-49.9],[-74.9,-50],[-74.9,-49.7],[-74.7,-49.4],[-75,-49.5],[-75,-49.9],[-75.5,-49.4],[-75.4,-49.3],[-75.2,-49.5],[-75.3,-49.3],[-74.9,-49.3],[-74.8,-49.1],[-75.1,-48.8],[-74.7,-48.7],[-74.5,-48.7],[-74.4,-49.3]]],[[[-75,-48.7],[-75,-48.6],[-74.8,-48.7],[-74.9,-48.7],[-75,-48.7]]],[[[-75.1,-48.8],[-75.2,-48.8],[-75.1,-48.6],[-75.1,-48.7],[-75.1,-48.8]]],[[[-75.3,-48.7],[-75.5,-48.8],[-75.7,-48.8],[-75.3,-48.6],[-75.3,-48.7]]],[[[-75.3,-48.6],[-75.6,-48.7],[-75.4,-48.6],[-75.6,-48.6],[-75.7,-48.5],[-75.3,-48.4],[-75.3,-48.6]]],[[[-74.4,-48.5],[-74.4,-48.5],[-74.5,-48.4],[-74.3,-48.5],[-74.4,-48.5]]],[[[-74,-48.4],[-74.1,-48.5],[-74.2,-48.4],[-74.2,-48.4],[-74,-48.4]]],[[[-74.3,-48.5],[-74.5,-48.4],[-74.5,-48.4],[-74.3,-48.3],[-74.3,-48.5]]],[[[-74.6,-48.5],[-74.5,-48.6],[-74.6,-48.7],[-75,-48.5],[-74.7,-48.5],[-74.7,-48.1],[-74.6,-48.5]]],[[[-74.4,-48.3],[-74.5,-48.3],[-74.6,-48.2],[-74.4,-48.2],[-74.4,-48.3]]],[[[-74.8,-48.4],[-75.1,-48.4],[-75.3,-48.1],[-74.8,-48.2],[-74.8,-48.4]]],[[[-75.2,-48.3],[-75.1,-48.6],[-75.2,-48.7],[-75.3,-48.4],[-75.6,-48.4],[-75.3,-48.3],[-75.5,-48.3],[-75.6,-48.1],[-75.3,-48],[-75.2,-48.3]]],[[[-74.8,-47.9],[-74.9,-48.1],[-75.3,-48],[-74.8,-47.8],[-74.8,-47.9]]],[[[-73.9,-47.9],[-73.8,-47.9],[-74.5,-47.9],[-74.3,-47.8],[-73.9,-47.9]]],[[[-75.1,-47.8],[-75.2,-47.9],[-75.3,-47.8],[-75.1,-47.7],[-75.1,-47.8]]],[[[-75,-47.8],[-75,-47.8],[-75.1,-47.7],[-75,-47.7],[-75,-47.8]]],[[[-74.4,-47.2],[-74.5,-47.1],[-74.3,-47.1],[-74.3,-47.1],[-74.4,-47.2]]],[[[-74.2,-47.2],[-74.2,-47],[-74,-47.1],[-74.1,-47.1],[-74.2,-47.2]]],[[[-73.8,-46.2],[-73.9,-46.1],[-73.9,-46],[-73.7,-46.1],[-73.8,-46.2]]],[[[-73.7,-46],[-73.8,-46],[-73.8,-46],[-73.8,-45.9],[-73.7,-46]]],[[[-74.7,-45.9],[-74.9,-46.1],[-75.1,-46.1],[-75,-46],[-75.1,-45.9],[-74.7,-45.9]]],[[[-73.7,-45.8],[-73.7,-45.9],[-73.8,-45.9],[-73.9,-46],[-73.9,-45.9],[-73.7,-45.8]]],[[[-74,-45.9],[-74.1,-45.8],[-74,-45.7],[-74,-45.8],[-74,-45.9]]],[[[-74.6,-45.8],[-74.7,-45.7],[-74.6,-45.6],[-74.6,-45.7],[-74.6,-45.8]]],[[[-74,-45.7],[-74.1,-45.6],[-74,-45.5],[-73.9,-45.6],[-74,-45.7]]],[[[-74.4,-45.8],[-74.5,-45.7],[-74.4,-45.4],[-74.2,-45.6],[-74.4,-45.8]]],[[[-73.6,-45.8],[-73.8,-45.7],[-73.7,-45.4],[-73.6,-45.5],[-73.6,-45.8]]],[[[-74,-45.4],[-73.8,-45.5],[-73.8,-45.5],[-73.9,-45.6],[-74,-45.5],[-74.1,-45.6],[-74,-45.4]]],[[[-73.9,-45.4],[-74,-45.4],[-74,-45.4],[-73.8,-45.4],[-73.9,-45.4]]],[[[-74.3,-45.4],[-74.5,-45.4],[-74.5,-45.3],[-74.4,-45.3],[-74.3,-45.4]]],[[[-74,-45.3],[-73.8,-45.3],[-73.8,-45.3],[-74.2,-45.3],[-74,-45.3]]],[[[-74.3,-45.3],[-74.4,-45.2],[-74.4,-45.2],[-74.3,-45.2],[-74.3,-45.3]]],[[[-73.8,-45],[-73.7,-45.3],[-74.2,-45.2],[-74.2,-45],[-73.8,-45]]],[[[-74,-45],[-74.3,-45],[-74.4,-45],[-74.2,-44.9],[-74,-45]]],[[[-75.1,-44.9],[-75.1,-44.8],[-75.1,-44.8],[-75,-44.8],[-75.1,-44.9]]],[[[-74,-44.9],[-74.1,-44.9],[-74.2,-44.8],[-74,-44.8],[-74,-44.9]]],[[[-73.8,-45],[-73.9,-44.9],[-73.9,-44.8],[-73.8,-44.8],[-73.8,-45]]],[[[-73.6,-44.8],[-73.7,-44.8],[-73.7,-44.8],[-73.6,-44.7],[-73.6,-44.8]]],[[[-74.4,-44.9],[-74.5,-44.8],[-74.5,-44.7],[-74.4,-44.7],[-74.4,-44.9]]],[[[-74.5,-44.7],[-74.6,-44.7],[-74.7,-44.7],[-74.6,-44.6],[-74.5,-44.7]]],[[[-74.2,-44.8],[-74.4,-44.6],[-73.9,-44.7],[-74,-44.7],[-74.2,-44.8]]],[[[-74.8,-44.7],[-74.8,-44.6],[-74.8,-44.6],[-74.7,-44.6],[-74.8,-44.7]]],[[[-73.7,-44.7],[-73.8,-44.7],[-73.8,-44.6],[-73.6,-44.6],[-73.7,-44.7]]],[[[-74.3,-44.6],[-74.4,-44.5],[-74.1,-44.6],[-74.2,-44.6],[-74.3,-44.6]]],[[[-74,-44.6],[-74.1,-44.5],[-74.1,-44.4],[-74,-44.5],[-74,-44.6]]],[[[-74.4,-44.5],[-74.5,-44.5],[-74.2,-44.5],[-74.2,-44.5],[-74.4,-44.5]]],[[[-72.7,-44.5],[-73,-44.6],[-72.8,-44.7],[-73.2,-44.9],[-73.4,-44.8],[-73.2,-44.8],[-73.5,-44.6],[-73,-44.4],[-72.7,-44.5]]],[[[-73.9,-44.4],[-74.1,-44.4],[-74.1,-44.3],[-73.9,-44.4],[-73.9,-44.4]]],[[[-73.8,-44.3],[-74,-44.3],[-74,-44.3],[-73.8,-44.3],[-73.8,-44.3]]],[[[-74,-44.3],[-74.1,-44.3],[-74.1,-44.2],[-74,-44.2],[-74,-44.3]]],[[[-73.9,-44.2],[-74,-44.2],[-74,-44.1],[-73.9,-44.1],[-73.9,-44.2]]],[[[-73.6,-44.1],[-73.8,-44],[-73.7,-43.9],[-73.6,-44],[-73.6,-44.1]]],[[[-73.2,-44],[-73.3,-44],[-73.3,-43.9],[-73.1,-43.9],[-73.2,-44]]],[[[-73.9,-43.8],[-73.8,-43.9],[-74.2,-43.9],[-74.1,-43.8],[-73.9,-43.8]]],[[[-74.6,-43.6],[-74.8,-43.6],[-74.9,-43.6],[-74.8,-43.5],[-74.6,-43.6]]],[[[-73.4,-42.5],[-73.6,-42.4],[-73.7,-42.4],[-73.5,-42.4],[-73.4,-42.5]]],[[[-73.9,-41.8],[-74,-41.8],[-73.5,-41.8],[-73.4,-42.2],[-73.7,-42.4],[-73.6,-42.5],[-73.8,-42.5],[-73.5,-42.8],[-73.7,-42.9],[-73.5,-43.1],[-73.8,-43.1],[-73.7,-43.4],[-73.9,-43.4],[-74.4,-43.2],[-74.2,-42.9],[-74.1,-41.8],[-73.9,-41.8]]],[[[-69.5,-17.6],[-69.3,-18],[-69.1,-18],[-69,-19],[-68.4,-19.4],[-68.7,-19.7],[-68.5,-19.9],[-68.8,-20.1],[-68.8,-20.4],[-68.5,-20.6],[-68.6,-20.9],[-68.2,-21.3],[-67.9,-22.8],[-67.2,-22.8],[-67,-23],[-67.3,-24],[-68.3,-24.4],[-68.6,-24.8],[-68.4,-25.1],[-68.6,-25.4],[-68.4,-26.2],[-68.6,-26.5],[-68.3,-26.9],[-68.8,-27.1],[-69.2,-28],[-69.7,-28.4],[-69.8,-29.1],[-70,-29.3],[-69.8,-30.2],[-70.2,-30.6],[-70.3,-31],[-70.5,-31.2],[-70.6,-31.6],[-70.2,-31.9],[-70.3,-32.3],[-70,-32.9],[-70.1,-33.2],[-69.8,-33.4],[-69.9,-33.8],[-69.8,-34.2],[-70,-34.3],[-70.4,-35.1],[-70.6,-35.2],[-70.3,-35.8],[-70.4,-36.1],[-70.7,-36.3],[-70.7,-36.4],[-71,-36.5],[-71.2,-36.8],[-71.2,-37.7],[-70.8,-38.6],[-71.4,-38.9],[-71.5,-39.6],[-71.7,-39.6],[-71.6,-40],[-71.8,-40.2],[-71.7,-40.3],[-72,-40.7],[-71.8,-41],[-71.9,-41.7],[-71.7,-42.1],[-72.1,-42.3],[-72.1,-43],[-71.7,-43.2],[-71.9,-43.4],[-71.7,-43.6],[-71.8,-43.8],[-71.6,-43.9],[-71.9,-44.4],[-71.1,-44.5],[-71.3,-44.8],[-72.1,-44.8],[-72.1,-44.9],[-71.6,-45],[-71.3,-45.3],[-71.8,-45.7],[-71.6,-46],[-71.9,-46.1],[-71.7,-46.2],[-71.7,-46.7],[-71.9,-46.8],[-71.9,-47.2],[-72.4,-47.5],[-72.5,-47.9],[-72.3,-48.1],[-72.3,-48.3],[-72.6,-48.5],[-72.6,-48.8],[-73,-49],[-73.1,-49.3],[-73.5,-49.3],[-73.6,-49.5],[-73.4,-49.8],[-73.5,-50.1],[-73.3,-50.3],[-73.2,-50.8],[-72.3,-50.7],[-72.3,-51],[-72.4,-51.1],[-72.2,-51.2],[-72.4,-51.5],[-71.9,-52],[-70,-52],[-68.4,-52.3],[-69.3,-52.2],[-69.7,-52.5],[-70.8,-52.7],[-71,-53.8],[-71.3,-53.9],[-72.1,-53.7],[-72.5,-53.4],[-72.3,-53.2],[-72.1,-53.3],[-72.2,-53.4],[-72.1,-53.4],[-71.9,-53.2],[-71.8,-53.4],[-72,-53.6],[-71.8,-53.5],[-71.7,-53.2],[-71.3,-53.1],[-71.2,-52.8],[-72,-53.1],[-72.3,-53],[-72.5,-53.1],[-72.2,-53.2],[-72.6,-53.3],[-72.4,-53.5],[-73.3,-53.2],[-72.7,-53.3],[-72.8,-53.2],[-72.7,-53.1],[-72.9,-53.1],[-72.9,-52.8],[-71.7,-52.7],[-71.5,-52.6],[-71.5,-52.6],[-72.3,-52.5],[-72.4,-52.7],[-72.5,-52.6],[-72.4,-52.5],[-72.8,-52.5],[-72.9,-52.6],[-72.7,-52.7],[-73,-52.9],[-73,-53.1],[-73.4,-53],[-73.2,-52.9],[-73.6,-52.8],[-73.2,-52.8],[-73.1,-52.5],[-72.9,-52.5],[-73.1,-52.5],[-73.3,-52.7],[-73.7,-52.7],[-73.5,-52.5],[-73.7,-52],[-73.3,-52.2],[-73,-52.1],[-73,-52.2],[-72.9,-52.3],[-72.8,-52.1],[-72.9,-52.2],[-72.9,-52.1],[-72.7,-52],[-72.6,-52.3],[-72.9,-52.5],[-72.5,-52.3],[-72.7,-52],[-72.5,-51.9],[-72.5,-51.8],[-72.7,-51.6],[-73.2,-51.5],[-72.6,-51.8],[-73.3,-51.6],[-73,-51.8],[-73.2,-51.9],[-72.9,-51.9],[-73.1,-51.9],[-73.2,-52.1],[-73.3,-51.7],[-73.4,-51.7],[-73.3,-52.2],[-73.5,-52.1],[-73.6,-51.8],[-73.4,-52],[-73.6,-51.8],[-73.5,-51.7],[-73.7,-51.8],[-73.9,-51.6],[-73.9,-51.4],[-73.6,-51.6],[-73.7,-51.2],[-74.1,-51.2],[-74.2,-50.9],[-73.9,-50.9],[-73.8,-50.7],[-73.5,-50.7],[-73.7,-50.5],[-73.6,-50.4],[-74,-50.8],[-74.3,-50.5],[-73.9,-50.5],[-74.7,-50.2],[-74.3,-50.1],[-74.2,-50.2],[-73.9,-50.3],[-74.4,-50],[-73.9,-50.1],[-74.3,-49.9],[-74.1,-49.7],[-74.3,-49.7],[-74.3,-49.6],[-73.9,-49.6],[-73.9,-49.7],[-73.7,-49.8],[-73.9,-49.5],[-74.1,-49.5],[-74.1,-49.3],[-73.9,-49.3],[-73.8,-49.3],[-74,-49.1],[-73.8,-49],[-74,-49],[-74.2,-49.5],[-74.4,-49.4],[-74.5,-48.8],[-74.1,-48.7],[-74.4,-48.6],[-74,-48.5],[-74,-48.4],[-74.7,-48],[-74.4,-48],[-74.2,-48.2],[-74.3,-48],[-73.8,-48],[-73.6,-48.2],[-73.3,-48.2],[-73.3,-48.2],[-73.3,-48.1],[-73.5,-48.1],[-73.7,-47.9],[-73.5,-48],[-73.2,-48],[-73.7,-47.8],[-73.7,-47.5],[-73.8,-47.8],[-73.9,-47.8],[-74.7,-47.7],[-74.6,-47.6],[-74.2,-47.8],[-74.3,-47.6],[-74,-47.6],[-74.5,-47.4],[-74.3,-47.2],[-74.1,-47.3],[-73.9,-47],[-74.3,-46.8],[-74.6,-46.8],[-74.5,-46.9],[-75,-46.8],[-74.9,-46.4],[-75.6,-46.7],[-75.4,-46.7],[-75.4,-46.9],[-75.7,-46.7],[-74.8,-46.1],[-74.7,-45.8],[-74.4,-45.8],[-74.1,-45.8],[-74.2,-46.1],[-74.1,-46],[-74,-46.1],[-74.3,-46.2],[-74.5,-46.2],[-74.3,-46.3],[-74,-46.2],[-73.9,-46.3],[-74,-46.2],[-73.9,-46.1],[-73.8,-46.3],[-74,-46.6],[-73.8,-46.6],[-73.4,-46.1],[-73.7,-46.3],[-73.7,-46],[-73.2,-45.7],[-73.6,-45.8],[-73.5,-45.5],[-73.2,-45.3],[-73,-45.4],[-72.8,-45.4],[-73.3,-45.2],[-73.5,-45.3],[-73.3,-45.1],[-73.4,-45],[-73.1,-44.9],[-72.8,-44.8],[-72.6,-44.5],[-73.3,-44.1],[-72.8,-43.8],[-73,-43.7],[-73.1,-43.4],[-72.9,-43],[-72.7,-43],[-72.9,-42.6],[-72.5,-42.6],[-72.8,-42.3],[-72.6,-42.2],[-72.4,-42.4],[-72.5,-42],[-72.9,-41.9],[-72.4,-41.7],[-72.3,-41.4],[-72.6,-41.7],[-72.9,-41.5],[-73.2,-41.8],[-73.7,-41.8],[-73.7,-41.6],[-73.6,-41.6],[-73.5,-41.5],[-73.9,-41.5],[-74,-41],[-73.7,-40.5],[-73.7,-40],[-73.4,-39.9],[-73.2,-39.4],[-73.7,-37.3],[-73.6,-37.2],[-73.2,-37.1],[-73.1,-36.7],[-73,-36.7],[-72.8,-36],[-72.6,-35.8],[-72.6,-35.6],[-72.2,-35.1],[-72,-34.1],[-71.7,-33.7],[-71.8,-33.1],[-71.6,-33],[-71.4,-32.4],[-71.7,-30.5],[-71.3,-29.9],[-71.5,-28.9],[-70.9,-27.6],[-71,-27.2],[-70.8,-27],[-70.6,-26.3],[-70.7,-25.8],[-70.5,-25.4],[-70.6,-24.7],[-70.4,-23.6],[-70.6,-23.5],[-70.6,-23.1],[-70.3,-22.9],[-70.1,-21.4],[-70.4,-18.3],[-70,-18.2],[-69.8,-18],[-69.8,-17.7],[-69.5,-17.5],[-69.5,-17.6]]]]}},{"type":"Feature","properties":{"code":"CL-IP","name":"Chile (Easter Island)","country_code":"CL","country":"Chile","region":"Easter Island","level":"subnational"},"geometry":{"type":"Polygon","coordinates":[[[-109.2,-27.1],[-109.3,-27.2],[-109.4,-27.2],[-109.4,-27.1],[-109.2,-27.1]]]}},{"type":"Feature","properties":{"code":"DM","name":"Dominica","country_code":"DM","country":"Dominica","region":null,"level":"country"},"geometry":{"type":"Polygon","coordinates":[[[-61.3,15.2],[-61.4,15.2],[-61.5,15.6],[-61.3,15.5],[-61.3,15.2]]]}},{"type":"Feature","properties":{"code":"VE","name":"Venezuela","country_code":"VE","country":"Venezuela","region":null,"level":"country"},"geometry":{"type":"MultiPolygon","coordinates":[[[[-61.2,8.5],[-61.4,8.5],[-61.5,8.5],[-61.3,8.6],[-61.3,8.5],[-61.2,8.5]]],[[[-61,8.5],[-61,8.5],[-61.3,8.5],[-61.1,8.6],[-61,8.5]]],[[[-61,8.6],[-61.1,8.7],[-61.2,8.7],[-60.9,8.7],[-61,8.6]]],[[[-60.8,8.7],[-60.9,8.6],[-61,8.6],[-60.8,8.7],[-60.8,8.7]]],[[[-61,8.7],[-61.2,8.7],[-61.2,8.7],[-60.9,8.9],[-61,8.7]]],[[[-61,8.8],[-60.9,9],[-60.8,9],[-60.9,8.9],[-61,8.8]]],[[[-61.1,8.9],[-61.1,9],[-60.9,9.1],[-60.9,9.1],[-60.9,9],[-61.1,8.9]]],[[[-65.3,10.9],[-65.4,10.9],[-65.4,10.9],[-65.2,11],[-65.3,10.9]]],[[[-63.8,11],[-64.1,10.9],[-64.4,11],[-64.2,11.1],[-64,11],[-63.9,11.2],[-63.8,11]]],[[[-69.8,11.7],[-69.6,11.5],[-68.8,11.4],[-68.4,11.2],[-68.2,10.5],[-66.2,10.6],[-65.8,10.2],[-65.1,10.1],[-64.2,10.5],[-63.7,10.5],[-64.2,10.5],[-64.3,10.7],[-61.9,10.7],[-62.3,10.5],[-62.9,10.5],[-63,10.5],[-62.9,10.5],[-62.8,10.4],[-62.9,10.4],[-63,10.4],[-63,10.3],[-62.8,10.4],[-62.6,10.1],[-63,10.1],[-62.8,10],[-62.6,10.1],[-62.6,10.2],[-62.3,9.7],[-62.2,9.9],[-62.2,9.6],[-62,9.9],[-62.2,10],[-61.7,9.6],[-61.8,9.8],[-61.6,9.8],[-61.6,9.9],[-60.9,9.4],[-60.8,9.3],[-61,9.2],[-61.1,9.1],[-61,9.2],[-61.1,9],[-61.2,8.6],[-61.6,8.6],[-61.6,8.6],[-61.3,8.4],[-61.1,8.5],[-61.1,8.4],[-61,8.6],[-60.2,8.6],[-59.8,8.3],[-60.7,7.5],[-60.6,7.2],[-60.3,7.1],[-61.2,6.6],[-61.2,6.2],[-61.4,5.9],[-60.6,5],[-61,4.5],[-61.3,4.5],[-61.8,4.2],[-62.4,4.2],[-62.7,4],[-62.7,3.7],[-62.9,3.6],[-63.3,4],[-64,3.9],[-64.1,4.1],[-64.8,4.3],[-64.2,3.6],[-64,2.5],[-63.4,2.4],[-63.4,2.3],[-64,1.9],[-64.3,1.5],[-65.1,1.1],[-65.5,0.7],[-65.6,1],[-66.3,0.8],[-66.9,1.2],[-67.2,2.4],[-67.8,2.8],[-67.3,3.4],[-67.6,3.8],[-67.9,4.6],[-67.8,5.3],[-67.4,6],[-67.5,6.2],[-67.8,6.3],[-68.6,6.1],[-69.1,6.2],[-69.2,6.1],[-69.4,6.1],[-70.1,7],[-70.7,7.1],[-71.2,7],[-72,7],[-72.2,7.3],[-72.5,7.5],[-72.3,8.2],[-72.8,9.1],[-73,9.3],[-73.4,9.2],[-72.5,11.1],[-72.2,11.2],[-72,11.7],[-71.3,11.9],[-72,11.6],[-71.6,10.7],[-72.1,9.8],[-71.7,9.4],[-71.7,9.1],[-71.2,9.2],[-71.1,9.3],[-71.1,9.9],[-71.5,10.6],[-71.5,11],[-70,11.5],[-69.8,11.4],[-69.8,11.7],[-70.2,11.6],[-70.3,11.9],[-70,12.2],[-69.8,11.7]]]]}},{"type":"Feature","properties":{"code":"PE","name":"Peru","country_code":"PE","country":"Peru","region":null,"level":"country"},"geometry":{"type":"Polygon","coordinates":[[[-70,-4.2],[-70.2,-4.3],[-70.3,-4.1],[-70.8,-4.1],[-71,-4.4],[-71.9,-4.5],[-72.9,-5.1],[-73.2,-6.1],[-73.1,-6.4],[-73.7,-6.9],[-73.7,-7.3],[-73.9,-7.4],[-74,-7.6],[-73.7,-7.8],[-73.8,-7.9],[-73.5,-8.4],[-73,-9],[-73.2,-9.4],[-72.3,-9.5],[-72.2,-10],[-71.3,-10],[-70.5,-9.4],[-70.6,-11],[-69.6,-11],[-68.7,-12.5],[-69,-12.9],[-69.1,-13.7],[-68.9,-14.2],[-69.4,-14.8],[-69.1,-15.3],[-69.4,-15.5],[-69.7,-15.3],[-70,-15.4],[-69.8,-15.7],[-69.9,-15.6],[-70,-15.7],[-69.9,-15.9],[-69.8,-15.8],[-69.4,-16],[-69.5,-16.2],[-69,-16.2],[-69.1,-16.5],[-69,-16.7],[-69.6,-17.2],[-69.5,-17.5],[-69.8,-17.7],[-69.8,-18.1],[-70.4,-18.3],[-71.3,-17.7],[-71.5,-17.3],[-75.1,-15.5],[-75.9,-14.7],[-76.4,-13.9],[-76.2,-13.4],[-76.8,-12.4],[-77.2,-12.1],[-77.3,-11.5],[-77.6,-11.3],[-77.7,-10.9],[-79,-8.2],[-79.4,-7.9],[-80,-6.8],[-81.2,-6.1],[-81.2,-5.9],[-80.9,-5.9],[-80.9,-5.6],[-81.4,-4.7],[-81.3,-4.3],[-80.3,-3.4],[-80.2,-3.9],[-80.5,-4.1],[-80.3,-4.2],[-80.5,-4.4],[-80.1,-4.3],[-79.6,-4.4],[-79.3,-5],[-79,-5],[-78.7,-4.6],[-78.3,-3.4],[-78.2,-3.5],[-77.9,-3],[-76.7,-2.6],[-75.6,-1.5],[-75.4,-0.9],[-75.2,-1],[-75.2,-0.6],[-75.6,-0.1],[-75.2,0],[-74.4,-0.5],[-74.2,-1],[-73.6,-1.4],[-73.5,-1.7],[-73.1,-1.8],[-73.1,-2.3],[-72.9,-2.5],[-72.2,-2.5],[-71.7,-2.1],[-71.4,-2.3],[-70.9,-2.2],[-70.6,-2.5],[-70.3,-2.5],[-70.1,-2.8],[-70.7,-3.8],[-70.3,-3.8],[-70,-4.2]]]}},{"type":"Feature","properties":{"code":"BO","name":"Bolivia","country_code":"BO","country":"Bolivia","region":null,"level":"country"},"geometry":{"type":"MultiPolygon","coordinates":[[[[-69,-16.1],[-68.9,-16.2],[-68.8,-16.3],[-69.1,-16.2],[-69.1,-16.1],[-69,-16.1]]],[[[-65.3,-9.8],[-65.4,-11.3],[-65,-12],[-64.4,-12.5],[-63.1,-12.7],[-62.8,-13],[-62.1,-13.2],[-61.8,-13.5],[-61,-13.5],[-60.5,-13.8],[-60.3,-15.1],[-60.6,-15.1],[-60.2,-15.5],[-60.2,-16.3],[-58.3,-16.3],[-58.5,-16.7],[-58.4,-17.3],[-57.7,-17.6],[-57.5,-18.2],[-57.7,-19],[-58.1,-19.7],[-57.9,-20],[-58.2,-20.2],[-58.2,-19.8],[-59.1,-19.3],[-60,-19.3],[-61.7,-19.6],[-62.3,-20.6],[-62.3,-21.1],[-62.6,-22.2],[-62.8,-22],[-63.9,-22],[-64.3,-22.9],[-64.6,-22.2],[-65.8,-22.1],[-66.2,-21.8],[-66.3,-22.1],[-66.7,-22.2],[-67.2,-22.8],[-67.8,-22.9],[-68.2,-21.3],[-68.6,-20.9],[-68.5,-20.6],[-68.8,-20.4],[-68.8,-20.1],[-68.5,-19.9],[-68.7,-19.7],[-68.4,-19.4],[-69,-19],[-69.1,-18],[-69.3,-18],[-69.7,-17.3],[-69,-16.6],[-68.9,-16.6],[-69,-16.4],[-68.6,-16.2],[-68.9,-16.2],[-68.8,-16],[-69,-15.9],[-69.4,-15.5],[-69.1,-15.2],[-69.4,-14.8],[-68.9,-14.2],[-69.1,-13.7],[-69,-12.9],[-68.7,-12.5],[-69.6,-11],[-68.6,-11.1],[-68.3,-11],[-68.1,-10.7],[-67.7,-10.7],[-66.6,-9.9],[-65.3,-9.8]]]]}},{"type":"Feature","properties":{"code":"VI","name":"Virgin Islands","country_code":"VI","country":"Virgin Islands","region":null,"level":"country"},"geometry":{"type":"MultiPolygon","coordinates":[[[[-64.8,17.8],[-64.7,17.7],[-64.6,17.8],[-64.9,17.7],[-64.8,17.8]]],[[[-64.8,18.3],[-64.9,18.3],[-65,18.4],[-64.9,18.4],[-64.8,18.3]]]]}},{"type":"Feature","properties":{"code":"BZ","name":"Belize","country_code":"BZ","country":"Belize","region":null,"level":"country"},"geometry":{"type":"MultiPolygon","coordinates":[[[[-87.8,17.4],[-87.9,17.4],[-87.9,17.3],[-87.9,17.4],[-87.8,17.5],[-87.8,17.4]]],[[[-87.9,18],[-88,17.9],[-88,17.9],[-87.9,18.2],[-87.9,18]]],[[[-88.4,18.5],[-88.1,18.4],[-88.1,18.2],[-88.3,17.6],[-88.2,17.5],[-88.3,16.6],[-88.9,15.9],[-89.2,15.9],[-89.1,18],[-88.8,17.9],[-88.4,18.5]]]]}},{"type":"Feature","properties":{"code":"HN","name":"Honduras","country_code":"HN","country":"Honduras","region":null,"level":"country"},"geometry":{"type":"MultiPolygon","coordinates":[[[[-85.8,16],[-84.3,15.8],[-83.9,15.5],[-84.2,15.5],[-84.1,15.3],[-83.8,15.3],[-84,15.4],[-83.8,15.3],[-83.8,15.2],[-83.5,15.3],[-83.6,15.2],[-83.5,15.3],[-83.6,15.3],[-83.4,15.3],[-83.1,15],[-83.5,15],[-84.5,14.6],[-84.9,14.8],[-85.2,14.3],[-85.7,13.8],[-86.1,14.1],[-86.3,13.8],[-86.8,13.8],[-86.7,13.3],[-87,13],[-87.3,13],[-87.5,13.3],[-87.4,13.4],[-87.8,13.4],[-87.7,13.8],[-87.8,13.9],[-88.2,14],[-88.5,13.9],[-89.3,14.4],[-89.1,14.7],[-89.2,15.1],[-87.9,15.9],[-86.4,15.8],[-85.8,16]]],[[[-86.6,16.3],[-86.4,16.4],[-86.3,16.4],[-86.4,16.4],[-86.6,16.3]]]]}},{"type":"Feature","properties":{"code":"GT","name":"Guatemala","country_code":"GT","country":"Guatemala","region":null,"level":"country"},"geometry":{"type":"Polygon","coordinates":[[[-89.1,17.8],[-89.2,15.9],[-88.6,15.7],[-88.6,15.9],[-88.2,15.7],[-89.2,15.1],[-89.1,14.7],[-89.3,14.4],[-89.6,14.4],[-89.5,14.2],[-90.1,13.7],[-91.4,14],[-92.2,14.5],[-92.1,15.1],[-92.2,15.3],[-91.7,16.1],[-90.4,16.1],[-90.4,16.4],[-91.4,17.2],[-91,17.3],[-91,17.8],[-89.1,17.8]]]}},{"type":"Feature","properties":{"code":"CR","name":"Costa Rica","country_code":"CR","country":"Costa Rica","region":null,"level":"country"},"geometry":{"type":"Polygon","coordinates":[[[-83.6,10.9],[-83.3,10.3],[-82.6,9.6],[-82.8,9.6],[-82.9,9.5],[-82.9,9.1],[-82.7,8.9],[-82.9,8.8],[-82.8,8.5],[-83,8.3],[-82.9,8.3],[-82.9,8.1],[-82.9,8],[-83.3,8.7],[-83.5,8.7],[-83.3,8.4],[-83.7,8.6],[-83.6,9],[-84.6,9.6],[-84.7,10],[-85.2,10.2],[-84.9,9.8],[-85.1,9.6],[-85.3,9.8],[-85.7,9.9],[-85.9,10.2],[-85.6,10.6],[-85.9,10.9],[-85.7,10.9],[-85.6,11.2],[-84.9,10.9],[-84.7,11.1],[-83.9,10.7],[-83.6,10.9]]]}},{"type":"Feature","properties":{"code":"PA","name":"Panama","country_code":"PA","country":"Panama","region":null,"level":"country"},"geometry":{"type":"MultiPolygon","coordinates":[[[[-81.7,7.4],[-81.6,7.3],[-81.9,7.5],[-81.8,7.6],[-81.7,7.4]]],[[[-78.8,8.3],[-79,8.3],[-79,8.5],[-78.9,8.4],[-78.8,8.3]]],[[[-82.2,9.3],[-82.2,9.3],[-82.3,9.4],[-82.3,9.4],[-82.2,9.3]]],[[[-79.5,9.6],[-78,9.2],[-77.4,8.7],[-77.5,8.5],[-77.2,8],[-77.3,7.7],[-77.6,7.5],[-77.7,7.7],[-77.9,7.2],[-78.4,8],[-78.3,8.1],[-78.1,8.4],[-78,8.2],[-77.8,8.2],[-78.1,8.5],[-78.4,8.3],[-78.5,8.6],[-79.1,9],[-79,9.1],[-79.7,8.9],[-80,8.5],[-80.5,8.2],[-80,7.5],[-80.4,7.2],[-80.9,7.2],[-81.1,7.9],[-81.2,7.6],[-81.5,7.7],[-81.7,8.2],[-82.7,8.3],[-82.9,8],[-83,8.3],[-82.8,8.5],[-82.9,8.8],[-82.7,8.9],[-82.9,9.1],[-82.8,9.6],[-82.4,9.4],[-82.2,9],[-81.8,8.9],[-81.9,9.2],[-81.5,8.8],[-81.2,8.8],[-79.5,9.6]]]]}},{"type":"Feature","properties":{"code":"CO","name":"Colombia","country_code":"CO","country":"Colombia","region":null,"level":"country"},"geometry":{"type":"MultiPolygon","coordinates":[[[[-78.1,2.5],[-78.2,2.6],[-78.2,2.6],[-78.1,2.6],[-78.1,2.5]]],[[[-77.5,4.2],[-77.4,4.3],[-77.3,4.3],[-77.3,4.2],[-77.5,4.2]]],[[[-71.5,12.4],[-71.2,12.3],[-71.1,12],[-72,11.7],[-72.2,11.2],[-72.5,11.1],[-73.4,9.2],[-73,9.3],[-72.8,9.1],[-72.3,8.2],[-72.5,7.5],[-72.2,7.3],[-72,7],[-71.2,7],[-70.7,7.1],[-70.1,7],[-69.4,6.1],[-69.2,6.1],[-69.1,6.2],[-68.6,6.1],[-67.8,6.3],[-67.5,6.2],[-67.4,6],[-67.8,5.3],[-67.9,4.6],[-67.6,3.8],[-67.3,3.4],[-67.8,2.9],[-67.2,2.4],[-66.9,1.2],[-67.1,1.2],[-67.1,1.6],[-67.4,2.1],[-67.9,1.7],[-68.2,2],[-68.2,1.7],[-69.8,1.7],[-69.8,1.1],[-69.3,1],[-69.1,0.6],[-69.5,0.7],[-70,0.6],[-70.1,-0.2],[-69.6,-0.5],[-69.4,-1.3],[-70,-4.2],[-70.3,-3.8],[-70.7,-3.8],[-70.1,-2.8],[-70.3,-2.5],[-70.6,-2.5],[-70.9,-2.2],[-71.4,-2.3],[-71.7,-2.1],[-72.2,-2.5],[-72.9,-2.5],[-73.1,-2.3],[-73.1,-1.8],[-73.5,-1.8],[-73.6,-1.4],[-74.2,-1],[-74.4,-0.6],[-74.8,-0.2],[-75.8,0],[-76.2,0.4],[-76.5,0.2],[-77.4,0.4],[-77.7,0.8],[-78.1,0.9],[-79.1,1.6],[-78.8,1.8],[-78.6,1.8],[-78.7,2.2],[-78.6,2.4],[-78.5,2.5],[-78.3,2.4],[-78,2.5],[-77.9,2.7],[-77.7,2.6],[-77.8,2.8],[-77,3.9],[-77.3,3.8],[-77.2,4.1],[-77.4,3.9],[-77.4,4],[-77.2,4.3],[-77.4,4.3],[-77.3,5.2],[-77.5,5.5],[-77.2,5.8],[-77.5,6.2],[-77.3,6.6],[-77.9,7.2],[-77.7,7.7],[-77.6,7.5],[-77.2,7.9],[-77.5,8.6],[-77.3,8.7],[-76.8,8.1],[-76.9,7.9],[-76.8,7.9],[-76.8,8.4],[-76.9,8.6],[-76.3,8.9],[-76.1,9.3],[-75.6,9.4],[-75.5,10.4],[-75.3,10.8],[-74.9,11.1],[-74.3,11],[-74.6,10.9],[-74.4,10.7],[-74.2,11.3],[-73.3,11.3],[-72.3,11.9],[-72.2,12.2],[-72,12.2],[-71.7,12.4],[-71.5,12.4]]],[[[-81.7,12.5],[-81.7,12.5],[-81.7,12.6],[-81.7,12.6],[-81.7,12.5]]]]}},{"type":"Feature","properties":{"code":"JM","name":"Jamaica","country_code":"JM","country":"Jamaica","region":null,"level":"country"},"geometry":{"type":"Polygon","coordinates":[[[-77.7,18.5],[-76.9,18.4],[-76.3,18.1],[-76.2,17.9],[-76.8,18],[-77,17.8],[-77.1,17.9],[-77.2,17.7],[-78.4,18.3],[-78.2,18.5],[-77.7,18.5]]]}},{"type":"Feature","properties":{"code":"HT","name":"Haiti","country_code":"HT","country":"Haiti","region":null,"level":"country"},"geometry":{"type":"MultiPolygon","coordinates":[[[[-72.8,18.7],[-73.2,18.8],[-73.3,18.9],[-72.9,18.8],[-72.8,18.7]]],[[[-72.7,19.9],[-71.7,19.7],[-71.7,18.7],[-72,18.6],[-71.7,18.3],[-71.8,18],[-72.1,18.2],[-72.8,18.1],[-73.4,18.3],[-73.9,18],[-74.4,18.3],[-74.4,18.6],[-74.3,18.7],[-72.7,18.4],[-72.3,18.5],[-72.3,18.7],[-72.8,19],[-72.7,19.5],[-73.5,19.7],[-73.2,19.9],[-72.7,19.9]]],[[[-72.6,20],[-72.9,20],[-73,20.1],[-72.8,20.1],[-72.6,20]]]]}},{"type":"Feature","properties":{"code":"CU","name":"Cuba","country_code":"CU","country":"Cuba","region":null,"level":"country"},"geometry":{"type":"MultiPolygon","coordinates":[[[[-82.5,21.6],[-82.9,21.4],[-83.1,21.5],[-83.2,21.6],[-82.9,21.6],[-83.1,21.8],[-83,21.9],[-82.7,21.9],[-82.5,21.6]]],[[[-77.9,22.1],[-77.7,22.1],[-77.6,22],[-77.7,21.9],[-77.9,22.1]]],[[[-77.8,22.1],[-78,22.2],[-78,22.3],[-77.9,22.2],[-77.8,22.1]]],[[[-78.1,22.4],[-78,22.3],[-78.3,22.4],[-78.2,22.4],[-78.1,22.4]]],[[[-78.3,22.5],[-78.3,22.4],[-78.4,22.4],[-78.7,22.5],[-78.3,22.5]]],[[[-79.3,22.6],[-79.5,22.7],[-79.6,22.8],[-79.6,22.8],[-79.3,22.6]]],[[[-82,23.2],[-80,23],[-79.3,22.4],[-78.6,22.3],[-77.3,21.6],[-77.6,21.9],[-77.5,21.9],[-77.1,21.7],[-77.4,21.6],[-77.3,21.5],[-77.1,21.6],[-76.9,21.3],[-75.7,21.1],[-75.6,21],[-75.7,20.7],[-75,20.7],[-74.1,20.2],[-75.1,19.9],[-75.1,20.1],[-75.4,19.9],[-76.2,20],[-77.7,19.8],[-77.6,20],[-77.1,20.4],[-77.2,20.7],[-78.1,20.7],[-78.5,21],[-78.7,21.6],[-79.2,21.5],[-80,21.7],[-80.5,22.2],[-80.9,22],[-81.8,22.2],[-82.2,22.4],[-81.6,22.5],[-81.9,22.7],[-82.8,22.7],[-83.4,22.2],[-83.9,22.2],[-84,21.9],[-84.5,21.8],[-84.5,21.9],[-85,21.9],[-84.3,22],[-84.4,22.3],[-84.1,22.7],[-83.2,23],[-82,23.2]]]]}},{"type":"Feature","properties":{"code":"TC","name":"Turks and Caicos Islands","country_code":"TC","country":"Turks and Caicos Islands","region":null,"level":"country"},"geometry":{"type":"MultiPolygon","coordinates":[[[[-71.1,21.4],[-71.1,21.4],[-71.1,21.5],[-71.1,21.4]]],[[[-71.7,21.8],[-71.7,21.7],[-71.9,21.8],[-71.8,21.9],[-71.7,21.8]]],[[[-71.9,21.8],[-72,21.9],[-72,21.9],[-71.9,21.9],[-71.9,21.8]]]]}},{"type":"Feature","properties":{"code":"FJ","name":"Fiji","country_code":"FJ","country":"Fiji","region":null,"level":"country"},"geometry":{"type":"MultiPolygon","coordinates":[[[[178.5,-19],[178.1,-19.2],[178,-19.1],[178.3,-18.9],[178.5,-19]]],[[[179.4,-18.1],[179.2,-18],[179.3,-17.9],[179.4,-18],[179.4,-18.1]]],[[[178.8,-17.7],[178.7,-17.7],[178.8,-17.6],[178.9,-17.7],[178.8,-17.7]]],[[[178.3,-17.4],[178.6,-17.6],[178.7,-18.1],[178,-18.3],[177.3,-18.1],[177.3,-17.9],[177.5,-17.5],[178.3,-17.4]]],[[[179.9,-17],[179.9,-17],[180,-16.8],[180,-17],[179.9,-17]]],[[[-180,-17],[-180,-16.8],[-179.9,-16.7],[-179.8,-16.8],[-180,-17]]],[[[180,-16.2],[179.5,-16.7],[179.9,-16.5],[179.9,-16.8],[179.3,-16.8],[179.3,-16.7],[178.7,-17],[178.5,-16.8],[179,-16.5],[180,-16.2]]]]}},{"type":"Feature","properties":{"code":"KI","name":"Kiribati","country_code":"KI","country":"Kiribati","region":null,"level":"country"},"geometry":{"type":"MultiPolygon","coordinates":[[[[172.9,1.3],[172.9,1.3],[172.9,1.3],[172.9,1.4],[172.9,1.3]]],[[[-157.4,2],[-157.4,2],[-157.3,1.8],[-157.2,1.7],[-157.6,1.9],[-157.4,1.8],[-157.4,2]]]]}},{"type":"Feature","properties":{"code":"MH","name":"Marshall Islands","country_code":"MH","country":"Marshall Islands","region":null,"level":"country"},"geometry":{"type":"MultiPolygon","coordinates":[[[[168.1,5.6],[168.1,5.6],[168.1,5.6],[168.1,5.6],[168.1,5.6]]],[[[171.4,7.1],[171.4,7.1],[171.4,7.1],[171.4,7.1],[171.4,7.1]]],[[[168.8,7.3],[168.8,7.3],[168.7,7.3],[168.8,7.3]]],[[[167.7,8.7],[167.7,8.7],[167.7,8.7],[167.7,8.7],[167.7,8.7]]],[[[165.5,9.2],[165.5,9.2],[165.5,9.2],[165.5,9.2]]],[[[170,10.4],[170,10.4],[169.9,10.4],[170,10.4],[170,10.4]]],[[[162.3,11.4],[162.3,11.4],[162.3,11.4],[162.3,11.4]]],[[[169,14.6],[169,14.6],[169,14.6],[169,14.6]]]]}},{"type":"Feature","properties":{"code":"PG","name":"Papua New Guinea","country_code":"PG","country":"Papua New Guinea","region":null,"level":"country"},"geometry":{"type":"MultiPolygon","coordinates":[[[[153.8,-11.6],[153.4,-11.6],[153.2,-11.3],[153.7,-11.5],[153.8,-11.6]]],[[[154.3,-11.4],[154.1,-11.4],[154,-11.4],[154.2,-11.3],[154.3,-11.4]]],[[[152.9,-10.7],[152.7,-10.7],[152.5,-10.6],[152.8,-10.6],[152.9,-10.7]]],[[[150.9,-10.6],[150.8,-10.6],[150.8,-10.5],[150.9,-10.6],[150.9,-10.6]]],[[[151.1,-10],[151.3,-10],[151.2,-10.2],[151,-10.1],[150.8,-9.7],[151.1,-10]]],[[[150.7,-9.4],[150.8,-9.4],[150.9,-9.7],[150.5,-9.6],[150.4,-9.4],[150.7,-9.4]]],[[[150.3,-9.5],[150.1,-9.4],[150.2,-9.2],[150.3,-9.3],[150.3,-9.5]]],[[[143.3,-9.1],[143.2,-9.2],[143.2,-9.1],[143.2,-9.1],[143.3,-9.1]]],[[[152.8,-9],[153,-9.2],[152.8,-9.2],[152.5,-9],[152.8,-9]]],[[[151.1,-8.8],[151,-8.5],[151.1,-8.4],[151.1,-8.6],[151.1,-8.8]]],[[[143.6,-8.7],[143.2,-8.5],[143.2,-8.4],[143.5,-8.5],[143.6,-8.7]]],[[[143.6,-8.5],[143.4,-8.4],[143.3,-8.4],[143.6,-8.4],[143.6,-8.5]]],[[[148,-5.9],[147.8,-5.7],[147.8,-5.5],[148.1,-5.6],[148,-5.9]]],[[[154.9,-5.5],[155.1,-5.6],[155.5,-6.2],[155.8,-6.4],[155.9,-6.8],[155.7,-6.9],[155.3,-6.7],[155.2,-6.3],[154.8,-5.9],[154.8,-5.5],[154.9,-5.5]]],[[[147.2,-5.4],[147,-5.4],[147.1,-5.2],[147.2,-5.3],[147.2,-5.4]]],[[[154.7,-5.4],[154.5,-5.1],[154.6,-5],[154.7,-5.2],[154.7,-5.4]]],[[[146,-4.8],[145.9,-4.7],[146,-4.5],[146.1,-4.7],[146,-4.8]]],[[[152.2,-4.2],[152.4,-4.7],[152.2,-5],[152,-5],[152.1,-5.5],[151.8,-5.6],[151.5,-5.5],[151.4,-5.8],[150.5,-6.3],[149.6,-6.3],[149.3,-6.1],[149.1,-6.2],[148.3,-5.7],[148.4,-5.5],[149.2,-5.6],[149.9,-5.5],[150.1,-5],[150.2,-5.1],[150,-5.3],[150.2,-5.6],[150.9,-5.5],[151.3,-5],[151.7,-4.9],[151.5,-4.2],[152,-4.3],[152.2,-4.2]]],[[[152.6,-3.2],[152.5,-3.1],[152.6,-3],[152.7,-3.1],[152.6,-3.2]]],[[[150.9,-2.9],[151,-3],[150.8,-3],[150.9,-2.9],[150.9,-2.9]]],[[[141.9,-3],[143.5,-3.4],[144,-3.8],[144.5,-3.8],[145.7,-4.8],[145.8,-5.5],[147.6,-6.1],[147.8,-6.3],[147.9,-6.7],[147,-6.7],[147.2,-7.5],[147.7,-7.9],[148.1,-8.1],[148.2,-8.6],[148.4,-8.7],[148.6,-9.1],[149.3,-9],[149.2,-9.5],[150,-9.6],[150.1,-9.7],[149.7,-9.8],[149.9,-10],[150.9,-10.2],[150.4,-10.3],[150.7,-10.6],[150.2,-10.7],[149.9,-10.5],[150.1,-10.5],[149.7,-10.3],[148,-10.1],[147.6,-10],[146.9,-9.3],[147,-9],[146.6,-9],[146.1,-8.1],[144.9,-7.8],[144.9,-7.6],[144.6,-7.7],[144.5,-7.5],[144.5,-7.6],[144.4,-7.5],[144.5,-7.7],[144.3,-7.6],[144.2,-7.8],[143.7,-7.5],[144,-8],[143.4,-7.9],[143.6,-8.2],[143,-8.3],[142.7,-8.3],[142.4,-8.3],[142.4,-8.2],[142.3,-8.2],[142.1,-8.2],[142.3,-8.2],[142.4,-8.4],[143.1,-8.5],[143.4,-8.8],[143.4,-9],[142.6,-9.3],[142.2,-9.2],[141.1,-9.2],[141,-6.9],[140.9,-6.7],[141,-6.3],[141,-2.6],[141.9,-3]]],[[[151.1,-2.8],[152.1,-3.3],[153,-4.1],[153.1,-4.4],[153,-4.8],[152.7,-4.7],[152.7,-4.2],[152.3,-3.6],[150.7,-2.7],[150.9,-2.7],[150.8,-2.6],[151.1,-2.8]]],[[[150.5,-2.7],[150.2,-2.7],[150,-2.5],[150.2,-2.4],[150.4,-2.5],[150.5,-2.7]]],[[[147.3,-2],[147.4,-2],[147.2,-2.2],[146.5,-2.2],[146.6,-2],[147.3,-2]]],[[[149.7,-1.4],[149.7,-1.6],[149.5,-1.5],[149.6,-1.4],[149.7,-1.4]]]]}},{"type":"Feature","properties":{"code":"PW","name":"Palau","country_code":"PW","country":"Palau","region":null,"level":"country"},"geometry":{"type":"MultiPolygon","coordinates":[[[[134.5,7.3],[134.5,7.3],[134.5,7.3],[134.5,7.4],[134.5,7.3]]],[[[134.6,7.4],[134.5,7.4],[134.6,7.7],[134.7,7.6],[134.6,7.4]]]]}},{"type":"Feature","properties":{"code":"KR","name":"Korea, Republic of","country_code":"KR","country":"Korea, Republic of","region":null,"level":"country"},"geometry":{"type":"MultiPolygon","coordinates":[[[[126.6,33.2],[126.3,33.2],[126.2,33.3],[126.9,33.5],[126.8,33.3],[126.6,33.2]]],[[[126.2,34.4],[126.1,34.4],[126.3,34.5],[126.3,34.4],[126.2,34.4]]],[[[127.9,34.8],[128.1,34.8],[128.1,34.7],[127.9,34.7],[127.9,34.9],[127.9,34.8]]],[[[128.8,34.9],[128.6,34.7],[128.5,34.9],[128.7,35],[128.8,34.9]]],[[[126.4,36.4],[126.3,36.4],[126.3,36.6],[126.4,36.6],[126.4,36.4]]],[[[126.5,37.6],[126.4,37.6],[126.4,37.8],[126.5,37.8],[126.5,37.6]]],[[[128.5,38.3],[129.4,37.1],[129.4,36],[129.6,36],[129.4,35.5],[129.1,35.1],[128.6,35.2],[128.4,35],[128.5,35],[128.4,34.8],[128.3,34.9],[127.6,34.9],[127.8,34.8],[127.6,34.6],[127.5,34.9],[127.4,34.5],[127.1,34.6],[127.3,34.7],[126.9,34.4],[126.8,34.6],[126.6,34.3],[126.3,34.7],[126.6,34.6],[126.5,34.7],[126.7,34.8],[126.4,34.8],[126.4,35],[126.2,35.1],[126.5,35.1],[126.4,35.3],[126.7,35.5],[126.5,35.6],[126.8,35.9],[126.6,36],[126.8,36],[126.9,36.1],[126.5,36.1],[126.5,36.7],[126.3,36.6],[126.1,36.8],[126.3,37],[126.3,36.8],[126.4,36.9],[126.4,37],[126.5,36.8],[126.5,37.1],[126.8,37],[126.8,36.8],[127,36.9],[126.8,37],[126.9,37.2],[126.7,37.2],[126.9,37.3],[126.5,37.8],[126.7,37.7],[126.7,38],[127.1,38.3],[128.1,38.3],[128.4,38.6],[128.5,38.3]]]]}},{"type":"Feature","properties":{"code":"MG","name":"Madagascar","country_code":"MG","country":"Madagascar","region":null,"level":"country"},"geometry":{"type":"MultiPolygon","coordinates":[[[[49.8,-17.1],[49.9,-16.9],[50,-16.7],[49.9,-16.9],[49.8,-17.1]]],[[[48.3,-13.4],[48.2,-13.4],[48.3,-13.2],[48.3,-13.2],[48.3,-13.4]]],[[[49.4,-12.1],[49.2,-12.2],[49.5,-12.3],[49.6,-12.6],[49.9,-13],[50.2,-14.6],[50.5,-15.2],[50.4,-15.6],[50.2,-16],[49.9,-15.4],[49.6,-15.6],[49.7,-16.1],[49.9,-16.2],[49.8,-16.8],[49.6,-16.9],[49.4,-17.3],[49.5,-17.7],[49.4,-18.4],[47.1,-24.9],[45.2,-25.6],[44,-25],[43.7,-24.3],[43.6,-23.7],[43.8,-23.5],[43.4,-22.9],[43.2,-22.3],[43.5,-21.3],[43.8,-21.2],[44.5,-20],[44.4,-19.8],[44.5,-19.4],[44,-18.4],[43.9,-17.5],[44.4,-16.7],[44.5,-16.2],[44.9,-16.2],[45.3,-15.9],[45.3,-16.1],[45.4,-16],[45.6,-16.1],[45.7,-15.8],[46.1,-15.9],[46.2,-15.7],[46.3,-16],[46.5,-16],[46.3,-15.6],[46.9,-15.2],[47.1,-15.3],[47,-15.6],[47.2,-15.4],[47.1,-15.2],[47.5,-14.7],[47.4,-15.1],[47.8,-14.6],[48,-14.8],[48,-14.6],[47.9,-14.6],[47.8,-14.6],[47.7,-14.4],[47.9,-14.3],[47.9,-14.1],[48,-14.3],[48,-14.2],[47.9,-13.6],[48.1,-13.5],[48.3,-13.8],[48.3,-13.6],[48.8,-13.4],[49,-12.8],[48.7,-12.4],[48.9,-12.5],[49.3,-11.9],[49.4,-12.1]]]]}},{"type":"Feature","properties":{"code":"YT","name":"Mayotte","country_code":"YT","country":"Mayotte","region":null,"level":"country"},"geometry":{"type":"MultiPolygon","coordinates":[[[[45.3,-12.8],[45.3,-12.8],[45.3,-12.7],[45.3,-12.8]]],[[[45.2,-12.8],[45.1,-13],[45.1,-12.7],[45.2,-12.7],[45.2,-12.8]]]]}},{"type":"Feature","properties":{"code":"AO","name":"Angola","country_code":"AO","country":"Angola","region":null,"level":"country"},"geometry":{"type":"MultiPolygon","coordinates":[[[[14,-5.8],[16.6,-5.9],[16.9,-7.2],[17.6,-8.1],[18.5,-7.9],[19.4,-8],[19.5,-7],[20.6,-6.9],[20.5,-7.3],[21.8,-7.3],[21.8,-8],[21.9,-8.5],[21.8,-9.4],[22.3,-10.4],[22.3,-10.7],[22.2,-10.9],[22.3,-11.2],[22.6,-11],[23.9,-11],[24,-10.9],[24.1,-11.4],[24,-11.7],[24.1,-12.4],[23.9,-12.8],[24,-13],[22,-13],[22,-16.2],[22.2,-16.5],[23.5,-17.6],[20.9,-18],[20.3,-17.9],[18.9,-17.8],[18.5,-17.4],[14,-17.4],[13.5,-17],[13.1,-17],[12.6,-17.2],[12.1,-17.1],[11.8,-17.3],[11.7,-15.9],[12,-15.6],[12.5,-13.4],[13.7,-12.2],[13.9,-11],[13,-9.1],[13.4,-8.7],[13.4,-8.4],[12.8,-7],[12.2,-6.1],[13,-5.9],[14,-5.8]]],[[[13.1,-4.6],[12.6,-5],[12.5,-5.7],[12.2,-5.8],[12,-5],[12.2,-4.8],[12.8,-4.4],[13.1,-4.6]]]]}},{"type":"Feature","properties":{"code":"YE","name":"Yemen","country_code":"YE","country":"Yemen","region":null,"level":"country"},"geometry":{"type":"MultiPolygon","coordinates":[[[[52.2,12.2],[52.4,12.2],[52.4,12.2],[52.1,12.2],[52.2,12.2]]],[[[53.8,12.6],[54.1,12.7],[54.5,12.5],[53.8,12.3],[53.3,12.5],[53.5,12.7],[53.8,12.6]]],[[[42.8,13.9],[42.7,14],[42.8,14.1],[42.8,14],[42.8,13.9]]],[[[42.6,15.3],[42.6,15.4],[42.6,15.5],[42.7,15.4],[42.6,15.3]]],[[[52.2,15.7],[51.2,15.2],[49.1,14.5],[48.7,14],[48,14],[47.4,13.6],[46.7,13.4],[45.7,13.3],[45,12.8],[44.6,12.8],[43.9,12.6],[43.5,12.7],[42.9,15],[42.7,15.2],[42.8,15.3],[42.7,15.7],[42.8,15.9],[42.8,16.4],[43.2,16.7],[43.2,17.3],[43.4,17.5],[43.9,17.3],[44.5,17.4],[46.3,16.7],[46.3,15.6],[48.8,18.3],[52,19],[53.1,16.6],[52.3,16.3],[52.2,16],[52.2,15.7]]]]}},{"type":"Feature","properties":{"code":"TH","name":"Thailand","country_code":"TH","country":"Thailand","region":null,"level":"country"},"geometry":{"type":"MultiPolygon","coordinates":[[[[99.7,6.5],[99.6,6.6],[99.7,6.7],[99.7,6.5],[99.7,6.5]]],[[[98.6,7.9],[98.6,7.9],[98.5,8.1],[98.6,8.1],[98.6,7.9]]],[[[98.4,7.9],[98.3,7.8],[98.3,8.2],[98.4,8.1],[98.4,7.9]]],[[[100,9.4],[99.9,9.5],[100.1,9.6],[100.1,9.5],[100,9.4]]],[[[102.6,11.6],[102.5,11.6],[102.5,11.8],[102.6,11.7],[102.6,11.6]]],[[[102.4,12],[102.3,12],[102.3,12.2],[102.4,12.1],[102.4,12]]],[[[100.1,20.3],[100.3,20.4],[100.6,20.2],[100.4,19.7],[100.5,19.5],[101.3,19.6],[101.2,19.4],[101.4,19],[101.1,18.4],[101.2,18.1],[100.9,17.6],[101.2,17.5],[102.1,18.2],[102.7,17.8],[103,18],[103.3,18.4],[104,18.3],[104.8,17.4],[104.7,16.5],[105.1,16.1],[105.4,16],[105.4,15.8],[105.6,15.6],[105.5,15.2],[105.5,14.6],[105.1,14.2],[104.8,14.4],[103.9,14.3],[103.7,14.4],[103,14.2],[102.6,13.6],[102.4,13.6],[102.5,12.7],[102.8,12.5],[102.7,12.2],[102.9,11.7],[102.9,11.6],[102.6,12.2],[102.3,12.2],[102.4,12.4],[102.2,12.3],[102.1,12.6],[101.8,12.7],[100.9,12.7],[101,13.5],[100.2,13.5],[100,13.3],[100.1,13],[100,12.7],[100,12.2],[99.2,10.4],[99.1,9.8],[99.3,9.2],[99.8,9.3],[100,8.6],[100.2,8.4],[100.6,7.2],[100.2,7.8],[100.2,7.5],[100.4,7.2],[100.6,7.2],[101,6.8],[101.5,6.8],[102.1,6.2],[101.8,5.7],[101.6,5.9],[101.1,5.6],[101,5.8],[101.1,6.3],[100.9,6.2],[100.8,6.5],[100.4,6.5],[100.3,6.7],[100.1,6.4],[99.7,6.9],[99.7,7.1],[99.4,7.3],[99.3,7.7],[98.8,8],[98.7,8.4],[98.4,8.1],[98.2,8.4],[98.8,10.7],[99.7,11.8],[99.1,13.1],[99.2,13.7],[98.3,14.7],[98.2,15.1],[98.2,15.2],[98.6,15.4],[98.6,16],[98.9,16.1],[98.9,16.4],[98.7,16.3],[98.5,16.9],[97.8,17.7],[97.6,18.3],[97.3,18.5],[97.8,18.6],[97.7,18.9],[98,19.8],[98.2,19.7],[99,19.8],[99.1,20.1],[99.5,20.1],[99.5,20.4],[100,20.5],[100.1,20.3]]]]}},{"type":"Feature","properties":{"code":"MZ","name":"Mozambique","country_code":"MZ","country":"Mozambique","region":null,"level":"country"},"geometry":{"type":"MultiPolygon","coordinates":[[[[35.5,-21.7],[35.4,-21.8],[35.5,-21.5],[35.5,-21.5],[35.5,-21.7]]],[[[39.9,-16.4],[39.8,-16.4],[39.9,-16.3],[39.9,-16.3],[39.9,-16.4]]],[[[40.5,-11],[40.4,-11.3],[40.5,-12.5],[40.6,-12.8],[40.4,-13],[40.6,-13],[40.6,-14],[40.5,-14.2],[40.7,-14.2],[40.6,-14.5],[40.8,-14.4],[40.8,-14.7],[40.5,-15.2],[40.7,-15.3],[40.6,-15.5],[39.8,-16.3],[39.7,-16.5],[39.1,-17],[37.9,-17.4],[37,-18],[36.8,-17.9],[36.9,-18.1],[36.3,-18.9],[36.1,-18.8],[34.9,-19.9],[34.6,-19.6],[34.8,-19.8],[34.7,-20.4],[35.1,-20.9],[35.3,-22.4],[35.4,-22.5],[35.5,-22.1],[35.5,-22.2],[35.6,-22.9],[35.3,-23.9],[35.5,-23.8],[35.5,-24.1],[35,-24.7],[32.9,-25.5],[32.6,-26],[32.8,-26.3],[32.9,-26.1],[32.9,-26.8],[32.1,-26.8],[32.1,-26.2],[31.9,-25.8],[32,-24.5],[31.6,-23.5],[31.3,-22.4],[32.5,-21.3],[32.4,-21.1],[32.5,-20.6],[32.7,-20.6],[33,-19.9],[33.1,-19.8],[32.8,-19.5],[32.9,-19.1],[32.7,-18.9],[33.1,-18.3],[32.9,-18],[33,-17.4],[32.9,-16.9],[33,-16.7],[31.9,-16.4],[31.3,-16],[30.4,-16],[30.2,-15],[33.2,-14],[33.6,-14.5],[34.4,-14.4],[34.5,-14.6],[34.6,-15.3],[34.3,-15.9],[34.5,-16.3],[35.1,-16.8],[35.1,-17.1],[35.3,-17.1],[35.1,-16.5],[35.4,-16.1],[35.8,-16],[35.9,-14.9],[34.8,-13.3],[34.7,-12.2],[34.9,-12],[35,-11.6],[35.6,-11.6],[35.8,-11.4],[36.2,-11.7],[36.6,-11.7],[36.8,-11.6],[37.5,-11.7],[37.8,-11.6],[37.9,-11.3],[38.5,-11.4],[38.9,-11.2],[39.3,-11.2],[40.4,-10.5],[40.6,-10.8],[40.5,-11]]]]}},{"type":"Feature","properties":{"code":"KW","name":"Kuwait","country_code":"KW","country":"Kuwait","region":null,"level":"country"},"geometry":{"type":"MultiPolygon","coordinates":[[[[48.2,29.6],[48.1,29.8],[48.2,30],[48.4,29.7],[48.2,29.6]]],[[[48.1,29.7],[48.1,29.5],[48,29.6],[47.7,29.4],[48,29.3],[48.4,28.5],[47.7,28.5],[47.5,29],[46.5,29.1],[47.2,30],[47.9,30],[48.1,29.7]]]]}},{"type":"Feature","properties":{"code":"GN","name":"Guinea","country_code":"GN","country":"Guinea","region":null,"level":"country"},"geometry":{"type":"Polygon","coordinates":[[[-11.4,12.4],[-11.5,12.2],[-11.3,12],[-10.9,12.2],[-10.7,11.9],[-10.3,12.2],[-9.7,12],[-9.3,12.3],[-9.3,12.5],[-8.9,12.4],[-8.8,11.7],[-8.4,11.4],[-8.7,11],[-8.3,11],[-8.3,10.5],[-7.9,10.2],[-8.1,10],[-8.1,9.5],[-7.7,9.1],[-8,8.8],[-7.7,8.6],[-7.7,8.4],[-8.2,8.4],[-8.2,8.2],[-7.9,8],[-8.2,7.5],[-8.7,7.7],[-8.8,7.3],[-9.1,7.2],[-9.3,7.4],[-9.5,7.4],[-9.4,7.7],[-9.6,8.5],[-10.3,8.5],[-10.7,8.3],[-10.5,8.7],[-10.6,9.1],[-10.7,9.1],[-10.7,9.3],[-11.2,10],[-12.5,9.9],[-12.8,9.3],[-13.3,9],[-13.5,9.6],[-13.7,9.5],[-13.7,10],[-13.8,9.8],[-14.5,10.3],[-14.5,10.5],[-14.7,10.5],[-14.5,10.8],[-14.7,10.6],[-14.8,10.9],[-14.7,11],[-14.9,11],[-15,10.8],[-15.1,10.8],[-14.7,11.5],[-13.7,11.7],[-13.7,12],[-14,12.2],[-13.7,12.3],[-13.7,12.7],[-13.1,12.6],[-13,12.5],[-12.9,12.5],[-12.3,12.3],[-11.4,12.4]]]}},{"type":"Feature","properties":{"code":"CF","name":"Central African Republic","country_code":"CF","country":"Central African Republic","region":null,"level":"country"},"geometry":{"type":"Polygon","coordinates":[[[22.9,10.9],[23.7,9.9],[23.6,9.3],[23.4,9],[23.6,9],[23.5,8.7],[24.2,8.7],[24.2,8.3],[24.8,8.2],[25.3,7.8],[25.2,7.5],[26.4,6.6],[26.3,6.5],[26.5,6.2],[26.4,6.1],[27.1,5.8],[27.5,5],[27.1,5.2],[26.9,5],[26.5,5],[25.5,5.4],[25.4,5.3],[25.3,5],[24.7,4.9],[24.4,5.1],[23.4,4.6],[22.9,4.8],[22.3,4.1],[20.6,4.4],[20.3,4.8],[19.8,5.1],[19.4,5.1],[19.1,4.9],[18.8,4.4],[18.5,4.3],[18.6,3.5],[18.5,3.6],[18.2,3.5],[17.5,3.7],[16.7,3.5],[16.2,2.2],[16.1,2.9],[15.1,3.9],[15.1,4.3],[14.7,4.6],[14.7,5.2],[14.5,5.3],[14.6,5.9],[14.4,6.1],[14.8,6.3],[15.2,7.2],[15.5,7.5],[16,7.5],[16.5,7.9],[16.8,7.5],[17.6,8],[18.6,8],[19.1,8.7],[18.9,8.8],[19,9],[20.4,9.1],[21.7,10.2],[21.7,10.6],[22.5,11],[22.9,10.9]]]}},{"type":"Feature","properties":{"code":"GH","name":"Ghana","country_code":"GH","country":"Ghana","region":null,"level":"country"},"geometry":{"type":"Polygon","coordinates":[[[-0.1,11.1],[0,11.1],[-0.1,10.7],[0.4,10.3],[0.2,9.5],[0.6,9.4],[0.5,8.8],[0.4,8.8],[0.7,8.3],[0.5,6.9],[0.8,6.4],[1.2,6.1],[0.9,5.8],[0.7,5.8],[0.6,5.9],[0.5,6.1],[0.4,6.1],[0.3,6.1],[0.2,6.1],[0.4,6],[0.4,6.1],[0.6,6],[0.7,5.8],[0.3,5.8],[-2.1,4.7],[-3.1,5.1],[-2.7,5.1],[-2.7,5.4],[-3,5.7],[-3.2,6.8],[-2.8,7.9],[-2.5,8.2],[-2.8,9.1],[-2.7,9.4],[-2.9,10.6],[-2.8,11],[-0.6,10.9],[-0.1,11.1]]]}},{"type":"Feature","properties":{"code":"CD","name":"Congo (Democratic Republic of the)","country_code":"CD","country":"Congo (Democratic Republic of the)","region":null,"level":"country"},"geometry":{"type":"Polygon","coordinates":[[[27.5,5],[27.8,4.8],[27.8,4.6],[28.4,4.3],[28.8,4.6],[29.2,4.3],[29.5,4.7],[29.8,4.6],[29.8,4.4],[30.2,4],[30.6,3.9],[30.6,3.6],[30.8,3.7],[30.9,3.5],[30.7,2.4],[31.3,2.2],[30,0.8],[30,0.5],[29.7,0.1],[29.6,-1.4],[29.1,-1.8],[29.2,-2.2],[28.9,-2.5],[29.2,-3.1],[29,-4.3],[29.1,-4.3],[29.2,-4.1],[29.1,-5.1],[29.4,-5.6],[29.2,-6.1],[29.5,-6.8],[30.1,-7.2],[30.3,-7.8],[30.6,-8.2],[28.9,-8.5],[28.9,-8.8],[28.4,-9.3],[28.7,-9.8],[28.6,-10.2],[28.7,-10.7],[28.4,-11.5],[28.5,-11.9],[29,-12.4],[29.5,-12.5],[29.5,-12.2],[29.8,-12.2],[29.8,-13.4],[29.6,-13.4],[29.6,-13.2],[29,-13.4],[28.4,-12.5],[27.7,-12.3],[27.2,-11.6],[27,-11.6],[26.9,-12],[26,-11.9],[25.4,-11.6],[25.3,-11.2],[24.4,-11.5],[24.4,-11.1],[24,-10.9],[23.9,-11],[22.6,-11],[22.3,-11.2],[22.2,-10.9],[22.3,-10.7],[22.3,-10.4],[21.8,-9.4],[21.9,-8.5],[21.8,-8],[21.8,-7.3],[20.5,-7.3],[20.6,-6.9],[19.5,-7],[19.4,-8],[18.5,-7.9],[17.6,-8.1],[16.9,-7.2],[16.6,-5.9],[12.9,-5.8],[12.4,-6],[12.3,-5.9],[12.2,-5.8],[12.5,-5.7],[12.6,-5],[13.1,-4.6],[13.4,-4.9],[13.7,-4.7],[13.7,-4.4],[14.4,-4.3],[14.4,-4.9],[14.7,-4.9],[15.5,-4.1],[15.9,-3.9],[16.2,-3.3],[16.2,-2.2],[16.9,-1.3],[17.3,-1],[17.7,-0.5],[18,0.4],[17.9,1],[18.1,2.2],[18.6,3.2],[18.5,4.3],[18.8,4.4],[19.1,4.9],[19.7,5.1],[20.3,4.8],[20.6,4.4],[22.3,4.1],[22.9,4.8],[23.4,4.6],[24.4,5.1],[24.7,4.9],[25.3,5],[25.4,5.3],[25.5,5.4],[26.5,5],[26.9,5],[27.1,5.2],[27.5,5]]]}},{"type":"Feature","properties":{"code":"AE","name":"United Arab Emirates","country_code":"AE","country":"United Arab Emirates","region":null,"level":"country"},"geometry":{"type":"MultiPolygon","coordinates":[[[[54,24.2],[53.8,24.1],[53.6,24.2],[53.9,24.3],[54,24.2]]],[[[54.4,24.5],[54.5,24.4],[54.3,24.5],[54.4,24.5]]],[[[56.2,25.7],[56.4,25.5],[56.4,25],[56.1,24.7],[56,25],[55.8,24.9],[55.8,24.2],[56,24.1],[55.5,24],[55.6,23.8],[55.1,22.6],[52.6,22.9],[51.6,24.1],[51.6,24.3],[51.7,24.3],[51.8,24],[52.1,24],[52.6,24.2],[53.6,24],[54.1,24.1],[54.4,24.3],[54.7,24.7],[56.2,26.1],[56.2,25.7]]]]}},{"type":"Feature","properties":{"code":"GW","name":"Guinea-Bissau","country_code":"GW","country":"Guinea-Bissau","region":null,"level":"country"},"geometry":{"type":"MultiPolygon","coordinates":[[[[-16.1,11],[-16.2,11.1],[-16.1,11.2],[-16.1,11.2],[-16.1,11]]],[[[-15.7,11.2],[-15.8,11.3],[-15.7,11.3],[-15.7,11.2],[-15.7,11.2]]],[[[-16.3,11.5],[-16.3,11.5],[-16.4,11.5],[-16.4,11.5],[-16.3,11.5]]],[[[-15.9,11.4],[-16.1,11.4],[-16,11.6],[-15.9,11.5],[-15.9,11.4]]],[[[-15.5,11.5],[-15.6,11.5],[-15.5,11.6],[-15.5,11.6],[-15.5,11.5]]],[[[-16,11.8],[-16.2,11.8],[-16.2,11.9],[-16,11.9],[-16,11.8]]],[[[-14.5,12.7],[-13.7,12.7],[-13.7,12.3],[-14,12.2],[-13.7,12],[-13.7,11.7],[-14.7,11.5],[-15.1,10.9],[-15,11.2],[-15.2,11],[-15.2,11.2],[-15.4,11.1],[-15.4,11.3],[-15.3,11.4],[-15.5,11.3],[-15.3,11.6],[-15,11.6],[-15.3,11.7],[-15.4,11.6],[-15.4,11.7],[-15.6,11.7],[-15.4,11.9],[-15.1,11.9],[-15.1,11.8],[-15,11.8],[-14.9,11.8],[-15,12],[-15.4,12],[-16,11.7],[-15.7,12],[-16.2,11.9],[-16.3,12.1],[-16.1,12.3],[-16.5,12.2],[-16.7,12.3],[-15.7,12.4],[-15.2,12.7],[-14.5,12.7]]]]}},{"type":"Feature","properties":{"code":"PT","name":"Portugal (Mainland)","country_code":"PT","country":"Portugal (Mainland)","region":null,"level":"country"},"geometry":{"type":"Polygon","coordinates":[[[-7.4,37.3],[-7.9,37],[-9,37],[-8.8,37.4],[-8.8,38.4],[-8.7,38.4],[-8.8,38.5],[-9.2,38.4],[-9.3,38.7],[-8.9,38.8],[-9,38.9],[-9.1,38.7],[-9.5,38.8],[-9.4,39.4],[-9.1,39.6],[-8.7,40.7],[-8.9,41.8],[-8.2,42.2],[-8.1,41.8],[-6.6,41.9],[-6.5,41.7],[-6.2,41.6],[-6.9,41],[-6.8,40.5],[-7,40.2],[-6.9,40],[-7,39.7],[-7.5,39.7],[-7,39],[-7.3,38.4],[-6.9,38.2],[-7.4,37.7],[-7.4,37.3]]]}},{"type":"Feature","properties":{"code":"GR","name":"Greece (Mainland)","country_code":"GR","country":"Greece (Mainland)","region":null,"level":"country"},"geometry":{"type":"MultiPolygon","coordinates":[[[[27.2,35.4],[27.1,35.6],[27.2,35.8],[27.2,35.5],[27.2,35.4]]],[[[23.1,36.1],[22.9,36.2],[22.9,36.4],[23.1,36.2],[23.1,36.1]]],[[[27.8,35.9],[27.7,36.2],[28.2,36.4],[28.1,36.2],[27.8,35.9]]],[[[26.3,36.5],[26.3,36.6],[26.5,36.6],[26.5,36.6],[26.3,36.5]]],[[[24.4,36.7],[24.4,36.7],[24.5,36.8],[24.5,36.7],[24.4,36.7]]],[[[25.4,36.7],[25.3,36.7],[25.3,36.8],[25.4,36.7],[25.4,36.7]]],[[[27,36.7],[26.9,36.8],[27.2,36.9],[27.4,36.9],[27,36.7]]],[[[27,36.9],[26.9,36.9],[26.9,37.1],[27,37],[27,36.9]]],[[[25.3,37],[25.2,37],[25.1,37],[25.3,37.1],[25.3,37]]],[[[25.5,36.9],[25.3,37.1],[25.5,37.2],[25.6,37],[25.5,36.9]]],[[[24.4,37.3],[24.4,37.4],[24.4,37.5],[24.5,37.4],[24.4,37.3]]],[[[25.2,37.5],[25.1,37.6],[25,37.7],[25.2,37.6],[25.2,37.5]]],[[[24.3,37.5],[24.3,37.7],[24.4,37.7],[24.4,37.6],[24.3,37.5]]],[[[26,37.5],[26.1,37.6],[26.4,37.7],[26.2,37.6],[26,37.5]]],[[[27.1,37.7],[26.8,37.6],[26.6,37.7],[26.7,37.8],[27.1,37.7]]],[[[20.9,37.8],[21,37.7],[20.8,37.6],[20.6,37.9],[20.9,37.8]]],[[[24.8,38],[25,37.9],[25,37.7],[24.7,37.9],[24.8,38]]],[[[23.5,37.9],[23.5,37.9],[23.4,37.9],[23.5,38],[23.5,37.9]]],[[[20.6,38.4],[20.8,38.1],[20.8,38.1],[20.3,38.2],[20.5,38.5],[20.6,38.4]]],[[[20.7,38.3],[20.6,38.4],[20.7,38.5],[20.7,38.4],[20.7,38.3]]],[[[26,38.2],[25.9,38.2],[26,38.3],[25.9,38.6],[26.2,38.5],[26,38.2]]],[[[20.6,38.6],[20.6,38.7],[20.7,38.8],[20.7,38.6],[20.6,38.6]]],[[[24.7,38.8],[24.6,38.8],[24.5,39],[24.6,38.9],[24.7,38.8]]],[[[23.4,38.9],[24.2,38.6],[24.3,38.2],[24.6,38.1],[24.6,38],[24.4,38],[24.1,38.4],[23.6,38.4],[23.2,38.8],[22.8,38.8],[23.3,39],[23.4,38.9]]],[[[23.7,39.1],[23.7,39.1],[23.6,39.2],[23.8,39.1],[23.7,39.1]]],[[[26.4,39.3],[26.6,39],[26.1,39.1],[26.3,39.2],[26.1,39.1],[25.8,39.2],[26.2,39.4],[26.4,39.3]]],[[[19.9,39.8],[19.8,39.6],[20.1,39.4],[19.6,39.7],[19.9,39.8]]],[[[25.4,40],[25.4,39.8],[25.3,39.9],[25.1,39.9],[25,40],[25.4,40]]],[[[25.7,40.4],[25.6,40.4],[25.4,40.5],[25.7,40.5],[25.7,40.4]]],[[[24.8,40.6],[24.6,40.6],[24.5,40.7],[24.7,40.8],[24.8,40.6]]],[[[26.3,41.7],[26.6,41.6],[26.6,41.4],[26.3,41.2],[26.4,41],[26.1,40.7],[25.1,41],[23.7,40.7],[23.9,40.4],[24.2,40.3],[24.4,40.1],[23.7,40.4],[24,40],[23.4,40.3],[23.4,40.1],[23.7,39.9],[23.4,40],[23.3,40.2],[22.9,40.4],[22.9,40.6],[22.6,40.5],[22.6,40],[23.3,39.2],[23.2,39.1],[23.1,39.1],[23.2,39.2],[22.9,39.4],[22.8,39.2],[23.1,39],[22.5,38.9],[24,38.3],[24.1,37.8],[23.9,37.7],[23.5,38],[23,37.9],[23.5,37.4],[23.2,37.3],[23.1,37.4],[22.7,37.6],[23.2,36.4],[22.6,36.8],[22.5,36.4],[22.1,37],[21.9,37],[21.9,36.7],[21.7,36.8],[21.6,37.2],[21.6,37.4],[21.1,37.8],[21.4,38.2],[21.6,38.2],[22,38.3],[22.9,37.9],[22.9,38],[23.2,38.2],[22.4,38.4],[22.4,38.3],[21.9,38.4],[21.5,38.3],[21.4,38.4],[21.2,38.3],[21,38.7],[20.7,38.8],[20.8,38.9],[21.1,38.9],[21.1,39],[20.8,39.1],[20.7,39],[20.3,39.3],[20,39.7],[20.2,39.6],[20.4,39.8],[20.3,40],[20.7,40.1],[20.8,40.4],[21,40.6],[21,40.9],[21.6,40.9],[22,41.1],[22.6,41.1],[22.8,41.3],[24.3,41.6],[25.3,41.2],[26,41.3],[26.2,41.4],[26.1,41.7],[26.3,41.7]]]]}},{"type":"Feature","properties":{"code":"TN","name":"Tunisia","country_code":"TN","country":"Tunisia","region":null,"level":"country"},"geometry":{"type":"MultiPolygon","coordinates":[[[[11,33.8],[10.9,33.6],[10.7,33.9],[11,33.9],[11,33.8]]],[[[11.1,34.7],[11.2,34.8],[11.3,34.8],[11.3,34.7],[11.1,34.7]]],[[[9.8,37.1],[10,37.3],[10.3,37.2],[10.1,37.1],[10.3,36.9],[10.2,36.8],[10.4,36.7],[11.1,37.1],[11.1,36.9],[10.8,36.5],[10.5,36.4],[10.5,36.1],[10.7,35.8],[11,35.6],[11.1,35.2],[10.7,34.7],[10,34.2],[10.3,33.7],[10.7,33.7],[10.8,33.5],[11.1,33.6],[11.2,33.2],[11.5,33.2],[11.5,32.7],[11.6,32.5],[10.3,31.7],[10.1,31.4],[10.3,30.9],[10.2,30.7],[9.9,30.4],[9.5,30.2],[9.1,32.1],[8.4,32.5],[8.2,33],[7.7,33.2],[7.5,33.9],[7.5,34.1],[8.3,34.8],[8.4,36.4],[8.2,36.5],[9.1,37.2],[9.7,37.3],[9.9,37.3],[9.8,37.1]]]]}},{"type":"Feature","properties":{"code":"MA","name":"Morocco","country_code":"MA","country":"Morocco","region":null,"level":"country"},"geometry":{"type":"Polygon","coordinates":[[[-5.4,35.9],[-5.2,35.6],[-4.7,35.2],[-3.3,35.2],[-3,35.4],[-2.9,35.1],[-2.2,35.1],[-1.8,34.8],[-1.9,34.6],[-1.7,34.5],[-1.8,34.4],[-1.7,34.1],[-1.7,33.3],[-1.4,32.7],[-1,32.5],[-1.3,32.3],[-1.2,32.1],[-2.9,32.1],[-3,31.8],[-3.8,31.7],[-3.8,31.2],[-3.6,31.1],[-3.6,31],[-4.9,30.5],[-5.5,29.9],[-6.4,29.8],[-6.6,29.6],[-7.1,29.6],[-8.7,28.7],[-8.7,27.7],[-13.2,27.7],[-12.9,28],[-11.5,28.3],[-10.2,29.3],[-9.6,30.2],[-9.6,30.4],[-9.9,30.7],[-9.8,31.4],[-9.3,32.2],[-9.3,32.5],[-8.5,33.3],[-6.8,34],[-5.9,35.8],[-5.4,35.9]]]}},{"type":"Feature","properties":{"code":"GM","name":"Gambia, The","country_code":"GM","country":"Gambia, The","region":null,"level":"country"},"geometry":{"type":"Polygon","coordinates":[[[-16.8,13.1],[-16.8,13.4],[-16.7,13.5],[-16.6,13.3],[-16.2,13.3],[-16.2,13.4],[-15.3,13.4],[-15.3,13.5],[-16.1,13.5],[-16.4,13.3],[-16.6,13.6],[-15.5,13.6],[-15.4,13.8],[-15.1,13.8],[-14.3,13.5],[-14,13.6],[-13.8,13.4],[-14.4,13.2],[-15.1,13.6],[-15.3,13.4],[-15.8,13.3],[-15.8,13.2],[-16.8,13.1]]]}},{"type":"Feature","properties":{"code":"VN","name":"Vietnam","country_code":"VN","country":"Vietnam","region":null,"level":"country"},"geometry":{"type":"MultiPolygon","coordinates":[[[[104.1,10.4],[104.1,10.2],[104,10.1],[103.8,10.4],[104.1,10.4]]],[[[106.9,10.4],[106.8,10.5],[106.8,10.7],[106.9,10.6],[106.9,10.4]]],[[[107.1,20.7],[107,20.7],[106.9,20.8],[107,20.9],[107.1,20.7]]],[[[107.4,21.1],[107.5,21.3],[107.6,21.2],[107.5,21.1],[107.4,21.1]]],[[[105.8,23],[106.7,22.9],[106.8,22.8],[106.6,22.5],[106.7,22],[107.4,21.6],[107.8,21.7],[108.1,21.5],[107.4,21.3],[107.4,21.3],[107.4,21],[107.2,20.9],[107.1,21],[106.9,20.9],[106.8,21],[106.6,21],[106.8,20.7],[106.6,20.6],[106.5,20.2],[106,19.9],[105.6,19],[105.9,18.5],[106.5,18],[106.4,17.7],[106.7,17.4],[107.8,16.3],[108.2,16.2],[108.2,16],[108.2,16.2],[108.3,16.2],[108.3,15.9],[108.6,15.5],[108.8,15.4],[109.3,13.9],[109.2,13.4],[109.5,12.9],[109.2,12.6],[109.3,12.4],[109.1,12.4],[109.3,11.9],[109.2,12.1],[109.2,11.8],[109,11.4],[107.3,10.4],[107,10.7],[107,10.5],[106.9,10.6],[106.8,10.7],[106.6,10.4],[106.7,10.5],[106.8,10.3],[106.4,10.3],[106.8,10.1],[106.6,10],[106.3,10.3],[106.7,9.8],[106.1,10.2],[106.6,9.7],[106.5,9.6],[106.4,9.5],[105.8,10],[106.2,9.4],[105.5,9.1],[105.3,8.8],[104.9,8.6],[104.7,8.6],[104.9,8.7],[104.8,8.8],[104.8,9.6],[105.1,9.9],[104.8,10.2],[104.6,10.2],[104.4,10.4],[104.9,10.5],[105.1,10.7],[105.1,11],[105.8,11],[106.2,10.8],[106.2,11.1],[105.9,11.3],[105.9,11.7],[106,11.8],[106.5,11.7],[106.4,12],[107.5,12.4],[107.5,13],[107.6,13.5],[107.3,14.1],[107.6,14.7],[107.5,15],[107.7,15.3],[107.2,15.8],[107.5,16.1],[107,16.3],[106.9,16.5],[106.7,16.5],[106.6,17],[105.8,17.7],[105.5,18.2],[105.2,18.3],[105.2,18.6],[103.9,19.3],[104.1,19.5],[104,19.7],[104.6,19.6],[105,20],[104.9,20.2],[104.4,20.5],[104.6,20.7],[104.1,21],[103.7,20.7],[103.2,20.8],[102.9,21.3],[103,21.7],[102.7,21.7],[102.6,21.9],[102.1,22.4],[102.5,22.8],[103,22.4],[103.3,22.8],[103.5,22.6],[103.7,22.8],[104,22.5],[104.1,22.8],[104.4,22.7],[104.7,22.8],[104.9,23.2],[105.4,23.3],[105.8,23]]]]}},{"type":"Feature","properties":{"code":"TR","name":"Türkiye","country_code":"TR","country":"Türkiye","region":null,"level":"country"},"geometry":{"type":"MultiPolygon","coordinates":[[[[25.8,40.1],[25.7,40.2],[26,40.2],[26,40.1],[25.8,40.1]]],[[[27.6,40.6],[27.5,40.6],[27.7,40.6],[27.7,40.6],[27.6,40.6]]],[[[35.1,42],[35.5,41.6],[36.1,41.7],[36.4,41.2],[36.8,41.4],[37.1,41.1],[38.4,40.9],[39.4,41.1],[40.1,40.9],[41.5,41.5],[42.5,41.4],[42.8,41.6],[43.7,40.9],[43.7,40.1],[44.4,40],[44.8,39.7],[44.6,39.8],[44.4,39.4],[44,39.4],[44.3,38.8],[44.3,38.4],[44.5,38.3],[44.2,37.9],[44.6,37.7],[44.6,37.4],[44.8,37.3],[44.8,37.1],[44.3,37],[44.1,37.3],[43.6,37.2],[42.8,37.4],[42.4,37.1],[42.2,37.3],[41.5,37.1],[40.8,37.1],[39.3,36.7],[38.2,36.9],[37.4,36.7],[36.7,36.8],[36.5,36.5],[36.7,36.2],[36.4,36.2],[36.2,35.8],[35.9,35.9],[35.8,36.3],[36.2,36.7],[36,36.9],[35.3,36.5],[34.7,36.8],[34,36.3],[32.8,36],[32.4,36.2],[32,36.5],[30.7,36.9],[30.4,36.2],[30.2,36.3],[29.7,36.1],[29.1,36.3],[29.1,36.7],[28.5,36.9],[28.3,36.8],[28.3,36.7],[28,36.6],[28.1,36.8],[27.4,36.7],[28.3,37],[27.3,37],[27.3,37.2],[27.6,37.2],[27.4,37.4],[27.2,37.4],[27.3,38],[26.3,38.3],[26.5,38.4],[26.4,38.4],[26.4,38.7],[26.7,38.3],[27.2,38.5],[26.7,38.6],[27.1,38.9],[26.8,39],[26.9,39.1],[26.6,39.3],[26.9,39.6],[26.1,39.5],[26.2,40],[26.7,40.4],[27.3,40.5],[27.8,40.3],[27.9,40.4],[27.8,40.5],[28,40.5],[28,40.4],[29.1,40.4],[29.1,40.4],[28.8,40.5],[29.9,40.7],[29.1,40.9],[29,41],[29.2,41.2],[31.2,41.1],[32.3,41.7],[33.3,42],[34.7,41.9],[35,42.1],[35.1,42]]],[[[27.4,42],[28,42],[28,41.8],[28.2,41.5],[29.1,41.2],[29.1,41.1],[28.8,41],[28.5,41.1],[27.5,41],[27.3,40.7],[26.7,40.5],[26.2,40.1],[26.2,40.3],[26.8,40.6],[26.1,40.7],[26.4,41],[26.3,41.2],[26.6,41.4],[26.3,41.8],[27,42.1],[27.4,42]]]]}},{"type":"Feature","properties":{"code":"SY","name":"Syria","country_code":"SY","country":"Syria","region":null,"level":"country"},"geometry":{"type":"Polygon","coordinates":[[[42.4,37.1],[41.8,36.6],[41.4,36.5],[41.3,36.4],[41.4,35.6],[41.2,34.8],[41,34.4],[36.8,32.3],[36.4,32.4],[35.9,32.7],[35.6,32.7],[35.6,33.3],[36,33.6],[35.9,33.6],[36.1,33.8],[36.4,33.8],[36.3,33.9],[36.6,34.2],[36.4,34.5],[36.5,34.6],[36,34.6],[35.9,35.4],[35.7,35.6],[35.9,35.9],[36.2,35.8],[36.4,36.2],[36.7,36.2],[36.5,36.5],[36.7,36.8],[37.4,36.7],[38.2,36.9],[39.2,36.7],[40.8,37.1],[41.5,37.1],[42.2,37.3],[42.4,37.1]]]}},{"type":"Feature","properties":{"code":"IL","name":"Israel","country_code":"IL","country":"Israel","region":null,"level":"country"},"geometry":{"type":"MultiPolygon","coordinates":[[[[35.3,31.8],[35.3,31.8],[35.2,31.8],[35.3,31.8],[35.3,31.8]]],[[[35.6,33.3],[35.6,32.4],[35.2,32.5],[35,32.2],[35,31.8],[35.2,31.8],[34.9,31.4],[35.5,31.4],[34.9,29.5],[34.3,31.2],[34.6,31.5],[35.1,33.1],[35.4,33.1],[35.6,33.3]]]]}},{"type":"Feature","properties":{"code":"","name":"West Bank","country_code":"","country":"West Bank","region":null,"level":"country"},"geometry":{"type":"Polygon","coordinates":[[[35.6,32.4],[35.5,31.5],[34.9,31.4],[35,31.6],[35.2,31.8],[35,31.8],[35.1,32.4],[35.2,32.5],[35.6,32.4]],[[35.3,31.8],[35.3,31.8],[35.2,31.8],[35.3,31.8],[35.3,31.8]]]}},{"type":"Feature","properties":{"code":"EG","name":"Egypt","country_code":"EG","country":"Egypt","region":null,"level":"country"},"geometry":{"type":"Polygon","coordinates":[[[34.2,31.3],[34.9,29.5],[34.3,27.7],[33.2,28.6],[33.2,29],[32.7,29.5],[32.6,30],[32.3,29.6],[32.6,29.3],[32.7,28.9],[33.6,27.9],[33.5,27.6],[33.8,27.2],[33.9,26.7],[35.1,24.5],[35.8,23.9],[35.5,23.9],[35.7,23],[36.9,22],[31.5,22],[31.4,22.2],[31.3,22],[25,22],[25,29.2],[24.7,30.2],[25,30.8],[24.9,31.4],[25.1,31.6],[25.9,31.6],[27.3,31.4],[27.4,31.2],[27.8,31.2],[27.9,31.1],[28.4,31.1],[29.1,30.8],[30.1,31.3],[30.3,31.2],[30.4,31.5],[31,31.6],[30.5,31.4],[30.9,31.4],[31.1,31.5],[31,31.6],[31.6,31.4],[31.9,31.5],[31.9,31.5],[32.2,31.3],[31.9,31.5],[31.8,31.3],[32.1,31.1],[32.3,31.1],[32.2,31.3],[32.7,31],[34.2,31.3]]]}},{"type":"Feature","properties":{"code":"ES","name":"Spain (Mainland)","country_code":"ES","country":"Spain (Mainland)","region":null,"level":"country"},"geometry":{"type":"MultiPolygon","coordinates":[[[[-2.9,35.3],[-3,35.3],[-3,35.3],[-2.9,35.3],[-2.9,35.3]]],[[[-5.3,35.9],[-5.3,35.8],[-5.4,35.9],[-5.4,35.9],[-5.3,35.9]]],[[[-7.9,43.8],[-7,43.5],[-5.9,43.6],[-4.5,43.4],[-3.6,43.5],[-2.3,43.3],[-1.8,43.4],[-1.4,43.3],[-1.4,43],[-0.8,43],[-0.6,42.8],[0.7,42.7],[0.7,42.9],[1.4,42.7],[1.5,42.4],[2.5,42.3],[2.9,42.5],[3.3,42.3],[3.1,42.2],[3.2,41.9],[2.9,41.7],[2.1,41.3],[1,41],[0.7,40.8],[0.9,40.7],[0.6,40.6],[0,40],[-0.3,39.4],[-0.1,39],[0.2,38.7],[-0.5,38.3],[-0.9,37.7],[-0.7,37.6],[-1.3,37.6],[-1.6,37.4],[-2.1,36.7],[-2.3,36.8],[-2.8,36.7],[-4.4,36.7],[-4.6,36.5],[-5.2,36.4],[-5.6,36],[-6.2,36.3],[-6.2,36.5],[-6.4,36.7],[-6.4,36.9],[-6.6,37],[-7,37.2],[-7.4,37.2],[-7.5,37.6],[-6.9,38.2],[-7.1,38.2],[-7.3,38.4],[-7,39.1],[-7.5,39.7],[-7,39.7],[-6.9,40],[-7,40.2],[-6.8,40.5],[-6.9,41],[-6.2,41.6],[-6.5,41.7],[-6.6,41.9],[-8.1,41.8],[-8.2,42.2],[-8.9,41.9],[-8.9,42.1],[-8.6,42.3],[-8.9,42.2],[-8.7,42.4],[-8.8,42.4],[-8.9,42.5],[-8.7,42.7],[-9,42.5],[-8.9,42.8],[-9.1,42.7],[-9.3,42.9],[-9.2,43.2],[-8.3,43.4],[-7.9,43.8]]]]}},{"type":"Feature","properties":{"code":"NO","name":"Norway","country_code":"NO","country":"Norway","region":null,"level":"country"},"geometry":{"type":"MultiPolygon","coordinates":[[[[5.3,59.2],[5.2,59.1],[5.2,59.4],[5.3,59.3],[5.3,59.2]]],[[[5.3,59.8],[5.3,59.7],[5.2,59.7],[5.1,59.6],[5.1,59.9],[5.3,59.8]]],[[[5.4,59.8],[5.3,59.8],[5.3,60],[5.5,59.9],[5.4,59.8]]],[[[5.5,59.9],[5.4,60],[5.7,60.1],[5.7,60],[5.5,59.9]]],[[[5.1,60.2],[4.9,60.2],[4.9,60.4],[5.1,60.3],[5.1,60.2]]],[[[5.2,60.4],[5.1,60.4],[5,60.5],[5.2,60.5],[5.2,60.4]]],[[[5.2,60.5],[5,60.6],[4.9,60.6],[5.1,60.6],[5.2,60.5]]],[[[5.5,60.4],[5.4,60.5],[5.7,60.7],[5.7,60.5],[5.5,60.4]]],[[[5.2,60.6],[5,60.6],[4.9,60.7],[5,60.7],[5.2,60.6]]],[[[5,61.1],[4.8,61],[4.8,61.1],[4.9,61.2],[5,61.1]]],[[[4.9,61.8],[4.8,61.8],[5.2,61.8],[5.2,61.8],[4.9,61.8]]],[[[5.6,62.2],[5.5,62.2],[5.8,62.3],[5.8,62.2],[5.6,62.2]]],[[[5.8,62.2],[5.8,62.4],[6,62.4],[6,62.3],[5.8,62.2]]],[[[6.3,62.4],[6.1,62.4],[6,62.4],[6.3,62.4],[6.3,62.4]]],[[[6.7,62.7],[6.6,62.7],[6.9,62.7],[6.9,62.7],[6.7,62.7]]],[[[7.5,62.9],[7.5,62.9],[7.4,63],[7.7,63],[7.5,62.9]]],[[[7.8,63],[7.8,63],[7.7,63.1],[7.9,63.1],[7.8,63]]],[[[8.1,63.1],[8,63.1],[7.9,63.2],[8.2,63.2],[8.1,63.1]]],[[[8.4,63.2],[8.3,63.3],[8.6,63.2],[8.5,63.2],[8.4,63.2]]],[[[8.5,63.3],[8.4,63.3],[8.7,63.4],[8.6,63.3],[8.5,63.3]]],[[[8.2,63.4],[8,63.3],[7.8,63.4],[8.1,63.5],[8.2,63.4]]],[[[8.5,63.4],[8.3,63.5],[8.9,63.7],[9.2,63.6],[8.5,63.4]]],[[[8.7,63.7],[8.3,63.7],[8.3,63.7],[8.8,63.8],[8.7,63.7]]],[[[11.5,64.5],[11.2,64.5],[11,64.6],[11.1,64.6],[11.5,64.5]]],[[[11.3,64.9],[11.1,64.8],[10.8,64.8],[11.1,64.9],[11.3,64.9]]],[[[10.8,64.9],[10.8,64.9],[11.1,65],[10.8,64.9],[10.8,64.9]]],[[[12.2,65.1],[12.1,65.1],[12,65.1],[12.2,65.2],[12.3,65.1],[12.2,65.1]]],[[[12.1,65.2],[12.3,65.6],[12.5,65.4],[12.2,65.2],[12.1,65.2]]],[[[12,65.6],[11.9,65.6],[11.8,65.6],[11.9,65.7],[12,65.6]]],[[[12.5,65.9],[12.4,65.9],[12.9,66],[12.7,66],[12.5,65.9]]],[[[12.4,66],[12.6,66.2],[12.7,66.1],[12.5,66.1],[12.4,66]]],[[[14.3,67.1],[14.2,67],[14,67.1],[14.1,67.1],[14.3,67.1]]],[[[15.2,67.9],[15,67.9],[14.9,67.9],[15.3,67.9],[15.2,67.9]]],[[[15.9,68],[15.6,68],[15.5,68],[15.9,68],[15.9,68]]],[[[12.8,67.8],[12.9,68],[13.2,68.1],[13.1,68],[12.8,67.8]]],[[[13.4,68.1],[13.4,68],[13.2,68],[13.3,68.1],[13.4,68.1]]],[[[14,68.2],[14.1,68.2],[13.5,68.1],[13.6,68.3],[14,68.2]]],[[[14.2,68.2],[14.2,68.2],[14,68.3],[14.2,68.3],[14.2,68.2]]],[[[15,68.4],[14.8,68.3],[14.2,68.2],[14.5,68.4],[15.2,68.5],[15,68.4]]],[[[16.4,68.4],[16.1,68.4],[16.1,68.4],[16.3,68.5],[16.4,68.4]]],[[[17.1,68.8],[16.8,68.7],[16.8,68.7],[17,68.9],[17.1,68.8]]],[[[17.2,68.8],[17.1,68.9],[17.4,68.9],[17.3,68.8],[17.2,68.8]]],[[[16,68.8],[15.8,68.6],[15.7,68.5],[16.2,68.9],[16.4,68.8],[16.6,68.6],[16.5,68.6],[16.2,68.5],[15.9,68.4],[15.3,68.3],[15.6,68.5],[15.6,68.5],[15,68.2],[15.4,68.7],[15.7,68.7],[15.5,68.8],[15.6,68.9],[15.9,69],[16,68.8]]],[[[16.5,68.9],[16.4,68.9],[16.3,69],[16.6,68.9],[16.5,68.9]]],[[[15.4,68.8],[15.4,68.7],[15.1,68.6],[14.8,68.6],[15.1,68.7],[14.4,68.7],[15.2,68.8],[15.1,69],[15.4,68.8]]],[[[17.4,69],[17.4,69],[17.6,69.1],[17.5,69],[17.4,69]]],[[[15.5,68.9],[15.4,69],[15.6,69.1],[16.1,69.3],[15.5,68.9]]],[[[17.6,69.5],[17.9,69.6],[18.1,69.4],[17.9,69.3],[18,69.2],[16.8,69.1],[17.2,69.2],[16.9,69.2],[17.1,69.2],[16.9,69.4],[17.5,69.4],[17.3,69.4],[17.2,69.5],[17.3,69.5],[17.6,69.5],[17.5,69.6],[17.6,69.5]]],[[[19,69.6],[18.9,69.7],[19,69.7],[19,69.6]]],[[[18.9,69.7],[18.7,69.6],[18,69.6],[18.6,69.7],[18.4,69.8],[18.8,69.7],[18.7,69.9],[19.1,69.8],[18.9,69.7]]],[[[20.7,69.8],[20.6,69.8],[20.6,69.9],[20.7,69.9],[20.7,69.8]]],[[[29.8,69.8],[29.7,69.8],[29.8,69.9],[30,69.8],[29.8,69.8]]],[[[19.6,69.9],[19.5,69.8],[19.9,70],[19.8,69.9],[19.6,69.9]]],[[[20.9,70],[20.9,70],[21.1,70],[20.8,70],[20.9,70]]],[[[19.3,70],[19.7,70],[19.2,69.8],[18.7,69.9],[19.3,70]]],[[[18.8,70.1],[18.9,70.1],[19,70.1],[18.7,70],[18.8,70.1]]],[[[19.6,70.1],[19.5,70.1],[19.4,70.1],[19.4,70.2],[19.6,70.1]]],[[[20.8,70.2],[20.8,70.1],[20.4,70.1],[20.6,70.2],[20.8,70.2]]],[[[19.2,70.1],[19.1,70.1],[19,70.2],[19.2,70.3],[19.2,70.1]]],[[[20.1,70.1],[19.8,70.1],[19.5,70.2],[19.7,70.3],[20.1,70.1]]],[[[21.8,70.3],[21.7,70.3],[21.7,70.4],[21.8,70.4],[21.8,70.3]]],[[[22.8,70.3],[23,70.3],[22.4,70.3],[22.7,70.4],[22.8,70.3]]],[[[23.6,70.6],[23.6,70.4],[23.2,70.3],[22.9,70.4],[23.6,70.6]]],[[[23.9,70.5],[23.7,70.5],[23.6,70.7],[24.1,70.6],[23.9,70.5]]],[[[23.5,70.8],[22.8,70.5],[22.1,70.5],[22.3,70.6],[22,70.6],[23.5,70.8]]],[[[24.1,70.9],[23.9,71],[23.9,71],[24.2,71],[24.1,70.9]]],[[[24.8,71],[24.7,71],[24.6,71.1],[24.9,71.1],[24.8,71]]],[[[27.8,71.1],[28.5,71],[28.3,70.8],[27.8,70.8],[28.1,70.7],[27.7,70.6],[28.3,70.7],[27.9,70.5],[28.3,70.5],[28.2,70.4],[28,70.1],[28.5,70.7],[28.9,70.9],[29.3,70.8],[29.3,70.7],[30.1,70.7],[30.3,70.6],[30,70.5],[30.9,70.4],[31.1,70.3],[30.1,70.1],[28.7,70.2],[28.6,70.2],[29.7,70],[29.4,69.9],[29.7,69.9],[29.5,69.7],[30.2,69.7],[30.2,69.9],[30.3,69.9],[30.4,69.7],[30.5,69.8],[30.9,69.8],[30.9,69.6],[30.1,69.7],[30.1,69.5],[29.3,69.3],[29,69],[28.8,69.2],[29.3,69.5],[29.1,69.7],[27.6,70.1],[26.5,69.9],[26,69.7],[25.7,69.3],[25.8,69],[24.9,68.6],[24,68.8],[23.2,68.6],[22.4,68.7],[21.7,69.3],[21.3,69.3],[21,69.2],[21.1,69],[20.1,69],[20.4,68.8],[20,68.5],[20.2,68.5],[19.9,68.3],[18.1,68.5],[18.2,68.2],[17.9,67.9],[17.3,68.1],[16.2,67.5],[16.1,67.4],[16.4,67.2],[16.4,67],[15.4,66.5],[15.5,66.3],[14.5,66.1],[14.6,65.8],[14.5,65.3],[13.7,64.6],[14.1,64.5],[14.2,64.2],[14,64],[12.9,64.1],[12.1,63.6],[11.9,63.3],[12.2,63],[12,62.9],[12,62.6],[12.3,62.3],[12.1,61.7],[12.9,61.4],[12.6,61.1],[12.2,61],[12.6,60.4],[12.5,60.1],[11.8,59.8],[11.9,59.7],[11.7,59.6],[11.8,59.3],[11.6,58.9],[10.8,59.2],[10.7,59.4],[10.7,59.5],[10.6,59.7],[10.7,59.9],[10.5,59.8],[10.6,59.6],[10.5,59.5],[10.4,59.7],[10.2,59.7],[10.5,59.3],[10.2,59],[9.9,59],[9.6,59.1],[9.7,59],[8.1,58.1],[6.6,58.1],[6.8,58.2],[6,58.4],[5.5,58.8],[5.6,59],[6.2,58.8],[6.1,59],[6.6,59.1],[6.2,59],[6,58.9],[5.9,59.1],[6.5,59.3],[6,59.3],[6.5,59.6],[5.9,59.4],[5.9,59.4],[6.1,59.5],[5.8,59.5],[5.7,59.4],[5.9,59.3],[5.5,59.3],[5.2,59.5],[5.5,59.7],[5.5,59.5],[5.6,59.7],[6.1,59.7],[6.3,59.8],[5.7,59.8],[6.2,60.3],[6.6,60.4],[6.5,60.3],[6.5,60.1],[6.7,60.4],[7.1,60.5],[6.2,60.4],[5.7,60],[5.6,60.1],[5.5,60.1],[5.7,60.4],[5.4,60.1],[5.1,60.4],[5.3,60.4],[5.3,60.5],[5.5,60.4],[5.6,60.4],[5.7,60.5],[5.7,60.7],[5.6,60.7],[5.4,60.6],[5.2,60.6],[4.9,60.8],[5.4,60.6],[5.2,60.8],[5.5,60.9],[5.1,60.8],[5,61],[6.4,61.1],[6.8,61.1],[7.1,60.9],[7,61.1],[7.4,61.2],[7.3,61.3],[7.6,61.5],[7.3,61.3],[7.4,61.2],[7,61.1],[6.6,61.2],[6.7,61.4],[6.4,61.1],[5.1,61.1],[5.2,61.2],[5,61.3],[5.6,61.4],[4.9,61.4],[5.8,61.4],[5.2,61.5],[5.3,61.6],[5,61.6],[5,61.7],[5.4,61.9],[5.7,61.8],[6.5,61.8],[6.8,61.9],[5.4,61.9],[5.2,61.9],[5.4,62],[5.1,62.2],[5.5,62],[5.4,62.2],[6.4,62.1],[5.9,62.2],[6.3,62.4],[6.5,62.1],[6.4,62.4],[6.7,62.4],[6.9,62.4],[6.9,62.1],[7,62.1],[7.1,62.1],[7,62.3],[7.4,62.2],[6.8,62.5],[6.3,62.5],[6.6,62.5],[6.3,62.6],[7.1,62.6],[7.5,62.5],[7.8,62.6],[7.4,62.6],[8.1,62.7],[7,62.7],[6.9,62.9],[7.3,63],[7.5,62.9],[8,63],[8.2,62.8],[8.5,62.7],[8.2,62.9],[7.9,63],[8.1,63.1],[8.4,62.9],[8.5,62.8],[8.4,63],[8.7,63],[8.2,63.1],[8.9,63.2],[8.5,63.3],[8.8,63.3],[8.7,63.4],[9,63.5],[9.2,63.4],[9.4,63.4],[9.2,63.5],[9.5,63.6],[9.7,63.6],[10,63.4],[10.3,63.3],[10.1,63.4],[10.9,63.5],[10.8,63.5],[10.9,63.6],[10.7,63.5],[11.5,63.8],[11.1,63.9],[11.5,64],[11.3,64.1],[10.6,63.8],[11.1,63.8],[10.9,63.7],[10,63.5],[9.8,63.7],[10.1,63.8],[9.6,63.7],[9.5,63.8],[10.2,63.9],[10,64],[10.7,64.4],[10.5,64.4],[10.8,64.4],[10.7,64.4],[11,64.6],[11.3,64.5],[11.2,64.3],[11.7,64.6],[11.4,64.7],[12.2,64.9],[11.2,64.7],[11.7,64.9],[11.3,64.9],[12.6,65.1],[12.9,65.3],[12.5,65.1],[12.4,65.2],[12.7,65.3],[12.2,65.2],[12.6,65.4],[12.4,65.6],[12.8,65.6],[12.6,65.7],[12.7,65.9],[13.2,65.8],[13,66],[12.7,66.1],[13.6,66.2],[13.5,66.1],[14.1,66.3],[13,66.2],[13.5,66.3],[13,66.3],[13.2,66.4],[13,66.5],[13.2,66.5],[13.7,66.6],[13.2,66.5],[13.2,66.7],[13.5,66.6],[13.2,66.7],[14,66.8],[13.6,66.9],[14.6,67],[14.3,67.1],[14.4,67.2],[14.7,67.1],[14.6,67.2],[15.5,67.1],[15.4,67.2],[15.7,67.2],[15.2,67.3],[14.3,67.2],[15,67.6],[15.1,67.5],[14.9,67.5],[15.4,67.5],[15.6,67.3],[15.5,67.5],[15.9,67.6],[15.3,67.5],[15.2,67.6],[15.3,67.7],[15.8,67.7],[15.4,67.8],[14.8,67.6],[15,67.7],[14.8,67.8],[15.9,67.9],[16,68],[15.3,68],[16,68.2],[16.2,67.9],[16.5,67.8],[16.2,68],[16.7,68.1],[16.3,68.1],[16.5,68.2],[16.1,68.3],[16.8,68.1],[16.2,68.3],[17.1,68.4],[17.4,68.2],[17.2,68.4],[17.6,68.4],[17.4,68.4],[17.5,68.5],[16.5,68.5],[17,68.7],[17.7,68.7],[17.2,68.8],[17.8,68.8],[17.5,68.8],[17.8,68.9],[17.7,68.9],[17.4,68.9],[17.6,69.1],[18.1,69.2],[18,69.3],[18.1,69.3],[18.3,69.5],[18.5,69.3],[19,69.3],[18.5,69.4],[18.9,69.6],[19,69.4],[19.4,69.3],[19.2,69.3],[19.4,69.2],[19.4,69.3],[19,69.5],[19.2,69.6],[18.9,69.6],[19.2,69.8],[19.8,69.8],[19.5,69.4],[20.2,69.9],[20.4,69.9],[20.3,69.5],[19.9,69.3],[20.5,69.6],[20.8,69.5],[20.5,69.6],[20.6,69.8],[20.8,69.8],[21.1,69.9],[20.9,69.9],[21,69.8],[21.3,70],[22.1,69.7],[21.8,70],[22.1,70.1],[21.2,70.2],[21.5,70.3],[21.7,70.2],[22.3,70.3],[22.3,70.2],[22.3,70.1],[22.5,70.1],[22.3,70.2],[23,70.2],[22.3,70],[22.9,70.1],[23.3,69.9],[23.5,70],[23.2,70.1],[23.6,70.4],[24.4,70.5],[24.2,70.6],[24.4,70.7],[24.7,70.6],[24.3,70.8],[24.6,70.8],[24.6,71],[25.3,70.8],[25.4,71],[25.6,70.9],[25.9,70.9],[25.1,70.5],[25.3,70.4],[25,70.2],[25,70.1],[26.5,70.9],[26.7,70.9],[26.7,70.7],[26.4,70.6],[26.7,70.6],[26.5,70.3],[27.3,70.6],[27.1,70.7],[27.3,70.8],[27.6,70.8],[27.1,70.9],[27.2,71],[27.8,71.1]]],[[[25.8,71.1],[26.2,71],[25.6,70.9],[25.3,71],[25.8,71.1]]]]}},{"type":"Feature","properties":{"code":"SE","name":"Sweden","country_code":"SE","country":"Sweden","region":null,"level":"country"},"geometry":{"type":"MultiPolygon","coordinates":[[[[16.4,56.2],[16.4,56.6],[17.1,57.3],[16.6,56.4],[16.4,56.2]]],[[[18.2,56.9],[18.1,57.5],[18.7,57.9],[19,57.9],[18.7,57.2],[18.2,56.9]]],[[[19.3,58],[19.1,57.8],[19,57.9],[19.1,58],[19.3,58]]],[[[11.6,57.9],[11.5,58],[11.7,58],[11.7,58],[11.6,57.9]]],[[[11.8,58.1],[11.5,58.1],[11.4,58.1],[11.7,58.3],[11.8,58.1]]],[[[17.8,59.3],[17.7,59.3],[17.6,59.4],[17.7,59.4],[17.8,59.3]]],[[[17.3,59.4],[17.2,59.4],[17.1,59.5],[17.3,59.4],[17.3,59.4]]],[[[18.6,60.3],[18.4,60.4],[18.4,60.5],[18.4,60.5],[18.6,60.3]]],[[[17.5,62.4],[17.4,62.4],[17.4,62.5],[17.5,62.5],[17.5,62.4]]],[[[21.8,68.6],[22.8,68.4],[23.7,67.9],[23.5,67.9],[23.4,67.5],[23.8,67.4],[23.6,67.2],[24,66.8],[23.7,66.3],[24.2,65.8],[23.1,65.7],[22.7,65.9],[22.7,65.8],[22.4,65.9],[22.2,65.6],[22.4,65.5],[21.8,65.7],[22.2,65.5],[21.5,65.4],[21.7,65.2],[21.3,65.4],[21.3,65.3],[21.6,65.2],[21,64.8],[21.3,64.8],[21.1,64.7],[21.6,64.4],[21,64.1],[20.8,63.9],[19.7,63.4],[19.4,63.5],[19.1,63.2],[18.9,63.3],[18.3,63],[18.6,63],[18.2,62.8],[17.7,63],[18,62.6],[17.3,62.5],[17.4,62.3],[17.6,62.2],[17.4,61.9],[17.5,61.6],[17.3,61.7],[17.1,61.7],[17.3,61.7],[17.1,61.6],[17.2,61.4],[17.1,61.4],[17.2,60.9],[17.4,60.6],[17.7,60.5],[18,60.6],[18.2,60.3],[18.4,60.3],[18.6,60.2],[18.3,60.3],[18.8,60.1],[19.1,59.9],[18.9,59.8],[19.1,59.7],[18.1,59.3],[17.8,59.4],[17.8,59.6],[17.6,59.7],[17.7,59.7],[17.6,59.8],[17.4,59.7],[17.5,59.6],[17.5,59.7],[17.6,59.7],[17.6,59.7],[17.8,59.5],[17.7,59.4],[17.4,59.7],[17.4,59.5],[16.6,59.6],[16,59.5],[16.9,59.4],[16.7,59.5],[16.8,59.5],[17.4,59.2],[17.4,59.3],[17.8,59.3],[18.3,59.4],[18.5,59.3],[18.5,59.4],[18.6,59.3],[18.3,59.3],[18.3,59.1],[17.9,58.9],[17.7,59.2],[17.6,58.9],[17.3,58.8],[16.2,58.6],[16.9,58.5],[16.4,58.5],[16.8,58.4],[16.8,58.2],[16.6,58],[16.8,57.9],[16.5,58],[16.7,57.7],[16.4,57.9],[16.7,57.7],[16.7,57.5],[16.5,57.3],[16.6,57],[16.4,56.7],[15.9,56.1],[14.7,56.2],[14.7,56],[14.6,56.1],[14.2,55.8],[14.4,55.5],[14.2,55.4],[13,55.4],[12.9,55.6],[13.1,55.7],[12.5,56.3],[12.8,56.2],[12.6,56.4],[12.9,56.6],[12.3,56.9],[12.1,57.4],[11.9,57.4],[11.9,57.7],[11.7,57.7],[11.7,57.8],[11.9,58.2],[11.8,58.3],[11.5,58.2],[11.2,58.3],[11.1,58.9],[11.3,59.1],[11.4,58.9],[11.6,58.9],[11.8,59.3],[11.7,59.6],[11.9,59.7],[11.8,59.8],[12.5,60.1],[12.6,60.5],[12.2,61],[12.6,61.1],[12.9,61.4],[12.1,61.7],[12.3,62.3],[12,62.6],[12,62.9],[12.2,63],[11.9,63.3],[12.1,63.6],[12.9,64.1],[14,64],[14.2,64.2],[14.1,64.5],[13.7,64.6],[14.5,65.3],[14.6,65.8],[14.5,66.1],[15.5,66.3],[15.4,66.5],[16.4,67],[16.4,67.2],[16.1,67.4],[16.7,67.9],[17.3,68.1],[17.9,67.9],[18.2,68.2],[18.1,68.5],[20,68.3],[20.2,68.5],[20,68.5],[20.4,68.8],[20.1,69],[20.8,69],[21.8,68.6]],[[13.5,59.4],[13.1,59.3],[13.2,58.9],[12.9,59.1],[12.7,59.1],[12.6,58.8],[12.4,59],[12.4,58.8],[12.6,58.6],[12.3,58.4],[13.9,58.8],[14.1,59.1],[13.9,59.1],[14.1,59.3],[13.5,59.4]]]]}},{"type":"Feature","properties":{"code":"IT","name":"Italy (Mainland)","country_code":"IT","country":"Italy (Mainland)","region":null,"level":"country"},"geometry":{"type":"MultiPolygon","coordinates":[[[[10.4,42.9],[10.4,42.7],[10.1,42.8],[10.1,42.8],[10.4,42.9]]],[[[12.4,45.4],[12.4,45.4],[12.3,45.3],[12.4,45.4],[12.4,45.4]]],[[[12.1,47],[12.4,46.7],[13.7,46.5],[13.4,46.3],[13.7,46.2],[13.5,46],[13.9,45.6],[13.2,45.8],[13.1,45.6],[12.3,45.5],[12.2,45.3],[12.5,45],[12.2,44.7],[12.4,44.2],[13.6,43.6],[14,42.7],[14.7,42.1],[15.2,41.9],[16.1,41.9],[16.2,41.8],[15.9,41.6],[16,41.4],[18,40.6],[18.5,40.1],[18.3,39.8],[18,39.9],[17.9,40.3],[17.2,40.4],[17.3,40.5],[16.9,40.5],[16.5,39.7],[17.1,39.4],[17.2,39],[16.6,38.8],[16.6,38.4],[16.1,37.9],[15.6,38],[15.6,38.2],[15.9,38.5],[15.8,38.6],[16.2,38.9],[15.7,40],[15.4,40],[14.9,40.2],[14.8,40.6],[14.4,40.6],[14.5,40.7],[14.1,40.8],[13.7,41.3],[13,41.3],[11.6,42.3],[11.1,42.4],[11.2,42.5],[10.6,43],[10.1,44],[8.7,44.4],[8.1,43.9],[7.5,43.8],[7.7,44.2],[7.4,44.1],[6.9,44.4],[7,44.8],[6.6,45.1],[7.2,45.4],[6.8,45.8],[7.9,45.9],[8.4,46.5],[8.4,46.2],[9,45.8],[9.3,46.5],[9.5,46.3],[9.9,46.4],[10.1,46.2],[10.1,46.5],[10.5,46.5],[10.5,46.9],[11,46.8],[11.2,47],[12.2,47.1],[12.1,47]],[[12.4,43.9],[12.5,43.9],[12.5,44],[12.4,44],[12.4,43.9]],[[12.4,41.9],[12.5,41.9],[12.5,41.9],[12.5,41.9],[12.4,41.9]]]]}},{"type":"Feature","properties":{"code":"RU-ES","name":"Russian Federation (Eastern Siberia)","country_code":"RU","country":"Russian Federation","region":"Eastern Siberia","level":"subnational"},"geometry":{"type":"MultiPolygon","coordinates":[[[[167.9,54.7],[168.1,54.5],[167.4,54.9],[167.5,54.9],[167.9,54.7]]],[[[166.1,55.3],[166.3,55.3],[166.7,54.7],[165.8,55.3],[166.1,55.3]]],[[[150.6,59],[150.5,59],[150.7,59.1],[150.7,59.1],[150.6,59]]],[[[164.7,59],[164.7,58.9],[163.5,58.5],[163.4,58.6],[163.7,58.7],[163.8,59],[163.7,59],[164.6,59.2],[164.7,59]]],[[[-172.5,64.6],[-172.7,64.6],[-172.8,64.7],[-172.5,64.6],[-172.5,64.6]]],[[[-172.6,64.7],[-172.5,64.8],[-172.2,64.8],[-172.2,64.8],[-172.6,64.7]]],[[[-179.6,68.9],[-178.9,68.8],[-178.5,68.6],[-178.7,68.7],[-178.7,68.5],[-178,68.4],[-178,68.3],[-177.7,68.3],[-178.4,68.6],[-177.6,68.3],[-177.7,68.2],[-175.5,67.7],[-175.2,67.5],[-175.4,67.3],[-174.8,67.4],[-175,67.1],[-174.7,66.8],[-175,66.7],[-174.5,66.6],[-174.5,66.3],[-174,66.5],[-174,66.2],[-173.8,66.4],[-174.3,66.6],[-174,66.7],[-174.1,67],[-174.7,67.1],[-173.7,67.1],[-173.2,67.1],[-173.4,66.8],[-173.2,66.9],[-173.1,67],[-172.4,66.9],[-173,67.1],[-171.7,67],[-170.5,66.3],[-170.6,66.2],[-170.3,66.3],[-170.2,66.2],[-170.3,66.2],[-169.7,66.1],[-170.5,65.9],[-170.6,65.6],[-171.5,65.8],[-171,65.6],[-171.1,65.5],[-172.1,65.5],[-171.8,65.5],[-172.8,65.7],[-172.2,65.4],[-172.2,65.2],[-172.7,65.2],[-172.1,65.1],[-172.5,64.9],[-173,64.9],[-173.2,64.8],[-172.9,64.8],[-172.8,64.8],[-173.1,64.7],[-172.4,64.5],[-173,64.5],[-172.9,64.3],[-173.2,64.3],[-173.4,64.3],[-173.3,64.5],[-173.4,64.6],[-173.4,64.5],[-173.7,64.3],[-174.8,64.8],[-175.4,64.8],[-175.9,65],[-175.8,65.2],[-176.1,65.5],[-177.1,65.6],[-178.6,65.5],[-178.5,65.7],[-178.9,66],[-178.5,66.2],[-178.5,66.4],[-178.9,66.2],[-179.2,66.4],[-179.2,66.3],[-179.4,66.3],[-179.3,66.2],[-179.7,66.2],[-179.8,65.9],[-179.3,65.5],[-180,65.1],[-180,69],[-179.6,68.9]]],[[[161.4,68.9],[161.5,69],[161.1,69.1],[161.1,69.5],[161.4,69.5],[161.3,69.4],[161.5,69],[161.4,68.9]]],[[[161.4,69.4],[161.4,69.6],[161.6,69.6],[161.6,69.4],[161.4,69.4]]],[[[161.8,69.6],[161.7,69.6],[161.7,69.6],[161.8,69.6],[161.8,69.6]]],[[[169.4,69.8],[169.2,69.6],[168.9,69.6],[167.8,69.8],[168.3,70],[169.4,69.8]]],[[[83.1,70.1],[83,70.1],[82.8,70.2],[83.1,70.2],[83.1,70.1]]],[[[83.6,70.5],[83.5,70.4],[83.4,70.4],[83.6,70.5],[83.6,70.5]]],[[[83.5,70.5],[83.4,70.5],[83.4,70.6],[83.6,70.6],[83.5,70.5]]],[[[161.7,70.7],[161.6,70.7],[161.5,70.8],[161.7,70.8],[161.7,70.7]]],[[[83.4,70.7],[83.3,70.5],[83.1,70.4],[83.2,70.8],[83.4,70.8],[83.4,70.7]]],[[[160.6,70.8],[160.5,70.8],[160.4,70.9],[160.7,70.8],[160.6,70.8]]],[[[83.3,70.9],[83.2,70.9],[83.1,71],[83.2,71],[83.3,70.9]]],[[[82.4,70.9],[82.4,70.9],[82.3,70.9],[82.5,71],[82.4,70.9]]],[[[180,71.5],[180,71],[178.8,70.8],[178.6,71],[180,71.5]]],[[[138,71.5],[137.7,71.4],[137,71.5],[137.8,71.6],[138,71.5]]],[[[-178.6,71.6],[-177.4,71.2],[-177.9,71],[-179.3,70.9],[-180,71],[-180,71.5],[-178.6,71.6]]],[[[138.5,71.7],[138.4,71.7],[138.7,71.7],[138.7,71.7],[138.5,71.7]]],[[[127.2,71.9],[127,72],[126.9,72],[127.1,72],[127.2,71.9]]],[[[126.7,72.2],[126.5,72.3],[126.5,72.4],[126.7,72.3],[126.7,72.2]]],[[[128.1,72.6],[128.7,72.5],[129.3,72.5],[129.5,72.3],[129.4,72.3],[129.6,72.2],[128.8,72.1],[127.5,72.4],[126.7,72.4],[127.3,72.6],[128.1,72.6]]],[[[128.8,72.6],[128.6,72.5],[128.1,72.6],[129,72.6],[128.8,72.6]]],[[[129.3,72.7],[129.2,72.7],[127.3,72.7],[128.3,72.8],[129.3,72.7]]],[[[129.2,72.8],[129.3,72.8],[128.3,72.9],[128.8,72.9],[129.2,72.8]]],[[[123,72.9],[123.6,72.8],[122.3,72.9],[122.4,72.9],[123,72.9]]],[[[129,72.9],[128.8,72.9],[128.8,72.9],[129.2,72.9],[129,72.9]]],[[[122.4,72.9],[122.3,72.9],[122,72.9],[122.2,73],[122.4,72.9]]],[[[79.6,72.7],[78.9,72.7],[78.6,72.8],[79.2,73.1],[79.5,72.9],[79.6,72.7]]],[[[120.2,73],[119.8,73],[119.6,73.1],[120.1,73.2],[120.2,73]]],[[[126.6,73.4],[126.5,73.4],[126.5,73.4],[126.7,73.5],[126.6,73.4]]],[[[127.3,73.5],[128,73.5],[128.4,73.4],[128.3,73.3],[129,73.2],[128.8,73.1],[129.1,73.1],[126.6,72.5],[126.6,72.4],[126.3,72.5],[126.4,72.8],[126.3,72.9],[126.7,73],[126.8,73.1],[126.6,73.3],[126.7,73.4],[127.3,73.5]]],[[[128.1,73.5],[127.7,73.5],[127.4,73.5],[127.7,73.5],[128.1,73.5]]],[[[80.4,73.5],[80.1,73.5],[80.1,73.6],[80.4,73.5],[80.4,73.5]]],[[[125.8,73.5],[125.7,73.5],[125.7,73.6],[125.8,73.6],[125.8,73.5]]],[[[86.9,73.7],[86.7,73.6],[86.4,73.6],[86.5,73.6],[86.9,73.7]]],[[[124.6,73.7],[125.6,73.5],[125.6,73.4],[126.4,73.5],[126.2,73.4],[126.5,73.4],[126.7,73.1],[126.3,72.9],[126.4,72.8],[126.2,72.5],[126.3,72.4],[126.1,72.3],[124.7,72.7],[122.4,73],[123.2,72.9],[123.4,73.2],[123.7,73.2],[123.2,73.4],[123.4,73.7],[124.6,73.7]]],[[[86.9,73.6],[87.2,73.8],[87.3,73.8],[87.1,73.7],[86.9,73.6]]],[[[142.2,73.9],[143.4,73.5],[143.5,73.2],[139.7,73.4],[140.4,73.5],[141.1,73.9],[142.2,73.9]]],[[[124.5,73.9],[124.4,73.8],[124.3,73.9],[124.7,73.9],[124.5,73.9]]],[[[84.4,74],[84.4,74],[83.9,74],[84,74],[84.4,74]]],[[[83.6,74.1],[83.4,74],[82.8,74.1],[83.2,74.1],[83.6,74.1]]],[[[82.6,74],[82.4,74.1],[82.3,74.1],[82.7,74.1],[82.6,74]]],[[[135.6,74.2],[136.1,74.1],[136.3,73.9],[135.4,74.3],[135.6,74.2]]],[[[141,74],[140.4,73.9],[140.1,74.1],[140.3,74.3],[140.9,74.3],[141.1,74.2],[141,74]]],[[[116.1,74.3],[115.9,74.3],[115.9,74.3],[116.1,74.4],[116.1,74.3]]],[[[85.6,74.4],[85.4,74.4],[85.2,74.4],[85.6,74.4],[85.6,74.4]]],[[[84.9,74.5],[84.5,74.5],[84.7,74.4],[84.4,74.5],[84.9,74.5]]],[[[112.7,74.5],[113.4,74.4],[112.8,74.1],[111.5,74.3],[111.9,74.3],[112.1,74.5],[112.7,74.5]]],[[[86.2,74.5],[85.9,74.4],[85.7,74.5],[85.8,74.6],[86.2,74.5]]],[[[85.4,74.5],[85.2,74.5],[85.1,74.5],[85.7,74.5],[85.4,74.5]]],[[[79.4,74.6],[79.6,74.6],[79.5,74.5],[79.1,74.6],[79.4,74.6]]],[[[85.7,74.8],[85.7,74.7],[85.1,74.8],[85.5,74.8],[85.7,74.8]]],[[[86.7,74.8],[86.6,74.8],[86.5,74.8],[86.8,74.8],[86.7,74.8]]],[[[87,75],[86.7,74.9],[86.8,74.8],[86.2,74.9],[87,75]]],[[[82.1,75.4],[82.3,75.3],[82,75.3],[82,75.2],[81.5,75.4],[82.2,75.5],[82.1,75.4]]],[[[147,75.3],[148.4,75.4],[148.6,75.4],[148.4,75.3],[148.6,75.2],[151,75.1],[150.6,74.9],[148.7,74.8],[146.1,75.2],[146.4,75.6],[147,75.3]]],[[[140.7,75.7],[140.6,75.7],[140.5,75.7],[140.8,75.7],[140.7,75.7]]],[[[135.7,75.4],[135.4,75.4],[135.7,75.8],[136.2,75.6],[136,75.5],[136,75.4],[135.7,75.4]]],[[[82.3,75.9],[81.9,75.9],[81.6,75.9],[81.6,75.9],[82.3,75.9]]],[[[83,76],[83.3,75.9],[82.3,76],[82.6,76],[83,76]]],[[[96.8,76],[96.7,76],[97.3,76.1],[97.1,76],[96.8,76]]],[[[140.9,76.1],[140.9,76.1],[141.1,76.1],[141.1,76.1],[140.9,76.1]]],[[[152.7,76.1],[152.6,76.1],[152.5,76.2],[152.8,76.2],[152.7,76.1]]],[[[139.2,76.1],[140.5,75.8],[140.5,75.6],[141.1,75.6],[140.9,75.7],[141,76],[141.6,76],[141.4,76.2],[142.6,75.9],[143.9,75.8],[145.4,75.5],[144.7,75.4],[144.7,75.3],[144.9,75.3],[143.9,75],[142.9,75.1],[142.5,75.5],[143,75.7],[142.4,75.7],[142.1,75.6],[142.2,75.3],[142.6,75.1],[143.7,74.9],[142.5,74.8],[142,74.9],[142.4,74.9],[142.2,75],[140.1,74.8],[139.6,75],[139.5,74.9],[139.5,74.8],[139.1,74.6],[138,74.8],[136.9,75.4],[137.4,75.4],[137.1,75.4],[137.3,75.6],[137,75.6],[137.2,75.8],[137.7,75.7],[137.4,76],[138.7,76.2],[139.2,76.1]]],[[[95,76.3],[94.8,76.2],[94.4,76.2],[94.8,76.2],[95,76.3]]],[[[96.4,76.3],[96.6,76.2],[96.6,76.2],[96.4,76.3],[96.4,76.1],[95.3,76.2],[96.4,76.3]]],[[[97,76.3],[96.9,76.3],[96.8,76.2],[97,76.2],[96.7,76.2],[96.8,76.3],[97,76.3]]],[[[113.4,76.4],[113.3,76.4],[113.1,76.4],[113.3,76.4],[113.4,76.4]]],[[[94.4,76.6],[94.1,76.6],[93.9,76.6],[94,76.6],[94.4,76.6]]],[[[112.5,76.6],[112.7,76.5],[112,76.6],[112.3,76.7],[112.5,76.6]]],[[[96.5,76.7],[96.2,76.6],[95.9,76.6],[96,76.7],[96.5,76.7]]],[[[95.1,76.7],[95.3,76.7],[94.8,76.6],[94.8,76.7],[95.1,76.7]]],[[[95.6,76.7],[95.7,76.7],[95.8,76.7],[95.5,76.6],[95.4,76.7],[95.6,76.7]]],[[[97.5,76.6],[97.5,76.6],[97.3,76.6],[97.4,76.7],[97.5,76.6]]],[[[149.3,76.8],[149.2,76.7],[148.4,76.6],[148.7,76.7],[149.3,76.8]]],[[[97.6,76.8],[97.4,76.7],[97.1,76.8],[97.1,76.8],[97.6,76.8]]],[[[97.9,76.8],[97.9,76.8],[97.7,76.8],[97.9,76.8],[97.9,76.8]]],[[[96.2,76.9],[96,76.9],[95.9,76.9],[96.3,76.9],[96.2,76.9]]],[[[156.6,77.1],[156.5,77.1],[156.4,77.1],[156.7,77.1],[156.6,77.1]]],[[[88.7,77.1],[88.8,77],[88.6,77.1],[88.7,77.1],[88.8,77.1],[89,77.1],[88.7,77.1]]],[[[96.6,77.1],[96.2,77],[95.2,77],[96.5,77.2],[96.6,77.1]]],[[[89.7,77.3],[89.5,77.2],[89.1,77.2],[89.3,77.3],[89.7,77.3]]],[[[107.6,77.3],[107.4,77.2],[107.2,77.2],[107.7,77.3],[107.6,77.3]]],[[[106.6,77.4],[106.5,77.4],[106.9,77.5],[106.9,77.4],[106.6,77.4]]],[[[82.6,77.5],[82.2,77.5],[82.1,77.5],[82.4,77.5],[82.6,77.5]]],[[[92,77.6],[91.8,77.6],[91.7,77.6],[92,77.6],[92,77.6]]],[[[104.3,77.7],[105.9,77.6],[106.3,77.4],[104.1,77.1],[105.9,77.1],[105.4,77],[106.8,77],[107.5,76.9],[106.4,76.5],[107.9,76.5],[107.9,76.7],[111.1,76.8],[112.2,76.5],[111.9,76.4],[112.3,76.5],[112.7,76.3],[112.5,76.2],[112.9,76.1],[112.6,76],[113.3,76.1],[112.9,76.3],[113.2,76.3],[113.5,76.1],[113.5,75.9],[113.9,75.8],[113.5,75.5],[113.6,75.7],[112.3,75.8],[112.9,75.7],[112.8,75.5],[113.3,75.6],[113.7,75.4],[111.8,74.7],[109.6,74.3],[110,74.3],[108.2,73.7],[107.1,73.6],[106.8,73.3],[106.1,73.3],[105.8,73],[105.2,72.8],[106.3,73],[106.2,73.1],[106.3,73.2],[108.4,73.2],[108.2,73.3],[109.4,73.4],[109.2,73.5],[109.8,73.5],[110.9,73.7],[109.8,73.7],[109.5,73.8],[110.2,74],[111,73.9],[111.1,74],[111.5,74],[111.2,74],[112.2,73.7],[112.9,73.8],[112.9,74],[113.4,73.6],[113.1,73.4],[113.5,73.3],[113.5,73.1],[113.5,73],[113.1,72.8],[113.2,72.7],[113.5,72.6],[114,72.6],[113.2,72.8],[113.5,73],[113.5,73.2],[114,73.3],[113.5,73.5],[115.5,73.7],[118.6,73.6],[119,73.5],[118.5,73.5],[118.4,73.2],[119.8,72.9],[121.9,73],[122.1,72.9],[123.3,72.7],[124.7,72.6],[125.6,72.3],[126.1,72.3],[126.4,72.4],[126.8,72],[127.1,71.8],[127.2,71.4],[127.3,71.5],[127.2,71.7],[127.3,71.9],[126.7,72.4],[127.7,72.3],[128.7,71.8],[129.2,71.8],[129.1,72],[129.5,71.7],[128.8,71.6],[129.2,71.6],[129.7,71.1],[130.6,70.9],[130.8,71],[130.9,70.8],[131.1,70.7],[131.5,70.9],[131.8,71.2],[132.2,71.2],[131.9,71.3],[132.7,71.9],[132.7,71.8],[133.7,71.4],[134.5,71.4],[136,71.6],[137.5,71.3],[137.8,71.1],[138.1,71.1],[137.8,71.2],[138.2,71.3],[137.8,71.4],[138.1,71.6],[138.7,71.6],[139.2,71.4],[139.9,71.5],[139.6,71.9],[139.3,71.9],[140.2,72.2],[139.1,72.2],[139.5,72.5],[141,72.6],[140.7,72.9],[146.8,72.3],[145,72.4],[144.5,72.2],[144.1,72.3],[144.4,72.2],[145.1,72.3],[146.9,72.3],[146,71.8],[146,72],[146.3,72.1],[146,72.1],[145.7,72.3],[145.6,72.1],[145.8,71.9],[145,72],[145.2,71.8],[144.9,71.7],[145.3,71.7],[146.1,71.8],[147.2,72.3],[149.2,72.2],[150.1,71.9],[149.7,71.8],[149.3,71.9],[148.8,71.8],[149,71.8],[148.8,71.7],[150,71.7],[150.1,71.6],[149.9,71.5],[150.7,71.5],[150,71.2],[150.7,71.4],[150.6,71.3],[151.5,71.3],[152.1,71],[151.7,71],[152.5,70.8],[155.9,71.1],[159,70.9],[160,70.4],[160.1,70.2],[159.8,70.1],[159.7,69.8],[161,69.6],[161,69.1],[161.4,69],[161.1,68.6],[160.8,68.5],[161.1,68.6],[161.6,68.9],[161.4,69.4],[161.6,69.4],[161.8,69.5],[164,69.8],[164.5,69.6],[166.9,69.5],[167.8,69.8],[168.2,69.6],[168.3,69.2],[169.4,69.1],[169.6,68.8],[170.6,68.8],[170.4,68.8],[170.7,68.8],[171,69],[170.6,69.6],[170.1,69.6],[170.6,69.8],[170.5,70.1],[172.6,70],[173.2,69.8],[173.5,69.8],[173.2,69.9],[173.5,70],[176.1,69.9],[176.7,69.7],[178.7,69.4],[179.1,69.3],[178.7,69.3],[179.3,69.3],[180,69],[180,65.1],[179.5,64.8],[178.5,64.6],[178.7,64.7],[177.6,64.7],[176.9,65.1],[176.3,65],[177,65],[177.3,64.8],[176.5,64.8],[176.1,64.9],[175.7,64.8],[175.1,64.8],[174.5,64.7],[175.7,64.8],[176.1,64.9],[176.4,64.7],[176.1,64.6],[176.1,64.5],[177.5,64.8],[177.4,64.4],[178.1,64.2],[178.3,64.4],[178.5,64.1],[178.4,64],[178.7,63.9],[178.8,63.6],[178.3,63.6],[178.7,63.6],[178.7,63.4],[178.8,63.6],[179,63.3],[178.9,63.4],[178.8,63.3],[179.4,63.1],[179.2,63],[179.6,62.7],[179.1,62.5],[179.1,62.3],[177.3,62.6],[177.5,62.8],[177.2,62.7],[177,62.9],[176.9,62.7],[177.3,62.6],[174.6,62],[174.7,61.9],[174.6,61.8],[173.5,61.7],[173.5,61.6],[173.2,61.4],[172.7,61.4],[173,61.3],[172.3,61.2],[172.5,61],[172,61.1],[172.2,61],[170.6,60.4],[170.2,59.9],[169.3,60.6],[168.2,60.6],[167.1,60.3],[166.1,59.8],[166.3,60.5],[165,60.1],[165.2,60],[164.8,59.8],[164.5,60.1],[164.1,59.9],[164,60],[163.6,60],[163.7,59.9],[163.4,59.8],[163.4,59.6],[163.2,59.6],[163.3,59.4],[163.1,59.2],[163.2,59.1],[163.2,59],[162.9,59.1],[163,59],[162.4,58.7],[161.9,58.1],[162.3,57.7],[162.6,57.9],[163.2,57.8],[163.3,57.7],[163.1,57.5],[162.7,57.4],[162.8,56.9],[162.9,56.7],[163.2,56.7],[163.3,56.2],[163,56],[162.6,56.2],[163.1,56.5],[163,56.5],[162.4,56.4],[162.6,56.3],[162.1,56.1],[161.7,55.5],[162.1,54.8],[161.7,54.5],[160.7,54.5],[160,54.1],[159.8,53.7],[160,53.5],[159.8,53.5],[160.1,53.1],[159.6,53.3],[158.7,52.9],[158.4,53],[158.4,52.9],[158.6,52.9],[158.5,52.6],[158.4,52.7],[158.6,52.3],[158.3,51.9],[156.7,50.9],[156.7,51.1],[156.5,51.3],[156.3,52.5],[156.4,52.5],[156.4,52.5],[156.1,52.9],[155.5,55.3],[155.9,56.7],[157,57.4],[156.8,57.7],[158.2,58],[159.7,58.9],[159.8,59.1],[160.5,59.5],[161.8,60.2],[161.9,60.4],[163.6,60.9],[163.7,60.9],[163.5,61],[164,61.3],[163.7,61.5],[164.1,61.8],[164.1,62.3],[164.6,62.5],[165.3,62.3],[165.1,62.5],[165.6,62.4],[164.4,62.7],[163.3,62.5],[163.2,62.4],[163.4,62.4],[163.1,62.3],[163,61.8],[163.3,61.7],[163,61.5],[162.8,61.7],[162.7,61.7],[162.7,61.6],[162.4,61.7],[160.8,60.7],[160.1,60.6],[160.4,61],[159.8,60.9],[159.9,61.1],[159.9,61.3],[160.4,61.8],[160.4,61.9],[159.5,61.7],[159.2,61.9],[158,61.7],[157.5,61.8],[156.7,61.5],[156.7,61.2],[156.1,61],[155.9,60.8],[154.2,59.9],[154.3,59.6],[154.1,59.5],[155,59.5],[155.2,59.4],[155.1,59.2],[154.3,59.2],[154,59],[153.4,59.2],[152.9,58.9],[152.4,59],[151.3,58.8],[151.1,59.1],[152.3,59.2],[151.7,59.3],[151.4,59.6],[150.7,59.4],[150.4,59.5],[150.7,59.6],[149.6,59.8],[149,59.6],[149.2,59.5],[148.7,59.5],[148.7,59.4],[149,59.4],[148.9,59.2],[148.4,59.3],[148.3,59.4],[147.5,59.2],[146.9,59.4],[147.1,59.4],[147.1,59.9],[146.8,59.9],[146.4,60.3],[145.8,60.2],[145.5,60.4],[146,60.7],[146.4,60.7],[146.5,60.9],[146.7,61],[146.6,61.6],[146,62],[144.8,62.1],[144,61.7],[143.9,62],[143.6,61.9],[143.6,62],[143.2,62.1],[143,61.9],[142.4,61.9],[142.2,62.1],[141.9,62],[141.3,62.4],[140.7,62.6],[140.6,62.4],[140.3,62.4],[140.3,62.1],[140,62],[139.6,61.5],[138.3,61.1],[138.2,60.9],[138.4,60.7],[138.2,60.2],[138.2,59.7],[138,59.8],[137.6,59.7],[137.2,59.5],[136.7,59.3],[135.8,59.5],[135.2,59.1],[133.5,59.3],[133.1,59.2],[132.8,59.1],[132.8,58.9],[132.6,58.9],[132.5,58.6],[132.2,58.5],[132.2,58.2],[132,58.1],[132.1,58.1],[131.5,58.2],[132,57.7],[131.7,57.6],[131.6,57.3],[131.1,57.2],[131.8,56.7],[131.7,56.5],[131.5,56.5],[131.1,56.4],[130.9,55.9],[130.9,55.7],[129.7,55.7],[129.1,55.7],[129,55.5],[127.7,55.7],[127.5,55.5],[127.2,55.7],[126.1,55.6],[125.8,55.8],[124.5,55.9],[123.9,56.4],[122.6,56.5],[122.2,56.7],[121.7,56.7],[121.4,57],[120.3,57],[119.7,56.8],[119.8,56.6],[120.5,56.3],[120,56.1],[120.2,55.9],[121.2,56],[121.3,55.5],[121.8,55.6],[122,55.5],[121.9,55],[121.7,54.7],[121.9,54.8],[121.9,54.6],[122.1,54.4],[121.7,54.4],[121.6,54.1],[121.9,53.8],[122,53.4],[120.9,53.3],[120,52.8],[120.1,52.6],[120.7,52.5],[120.7,52],[120.1,51.6],[119.1,50.4],[119.4,50.3],[119.3,50.1],[118.6,49.9],[117.9,49.5],[116.2,50],[115.4,49.9],[114.9,50.2],[114.3,50.3],[112.8,49.5],[110.8,49.1],[108.6,49.3],[107.9,49.7],[108,49.9],[107.2,50],[106.7,50.3],[105.3,50.5],[103.7,50.1],[102.9,50.3],[102.3,50.6],[102.2,51.3],[99.9,51.8],[98.9,52.1],[98.7,51.8],[98.1,51.5],[97.8,51],[98.1,50.6],[98.3,50.5],[98.3,50.3],[98.1,50],[97.3,49.7],[96.1,50],[95.5,49.9],[94.6,50],[94.3,50.6],[93.1,50.6],[93,50.8],[92.7,50.7],[92.3,50.8],[89.6,49.9],[89.5,50.2],[89.3,50.2],[89.5,50.5],[89.9,50.5],[89.1,51.1],[89,51.4],[88.7,51.6],[89.6,51.6],[90.1,51.7],[90,52],[90.2,52.1],[90.5,52.2],[90.9,52.6],[91.3,52.6],[91.5,53],[91.5,53.1],[92,53.4],[91.4,53.8],[91.6,54.1],[91.2,54.5],[90.9,54.7],[90.9,54.8],[90.2,55.1],[89.5,55],[88.6,55.5],[89.4,55.9],[89.1,56.3],[88.5,56.6],[88.7,56.7],[88.6,56.8],[88.7,57.1],[88.5,57.1],[89.4,57.6],[89.4,57.9],[88.1,58.1],[87.9,58.5],[88.4,58.9],[88.8,59],[88.6,59.3],[87.9,59.3],[87.5,59.7],[87.2,59.7],[87.1,59.9],[84.5,60],[84.8,60.4],[84.3,60.9],[86,61.5],[84.7,61.8],[84.4,62.2],[85.6,63],[85.5,63.1],[85.7,63.4],[85,63.6],[86,64.1],[85.9,64.8],[84.3,64.9],[84.3,65.1],[84.6,65.3],[84.5,65.5],[84,65.8],[83.6,65.8],[83.3,66.1],[83.5,66.2],[83.1,66.5],[83.1,66.6],[83.3,66.7],[83.2,66.8],[82.1,67.2],[82.4,67.3],[82.2,67.4],[82.4,67.5],[81.7,67.9],[82.4,67.9],[82.4,68.2],[82.7,68.3],[82.7,68.5],[82.5,68.6],[83,68.7],[82.5,68.8],[82.3,69.1],[82.5,69.2],[81.9,69.2],[81.8,69.2],[81.9,69.3],[81.7,69.4],[81.6,69.3],[80.9,69.2],[79.9,69.4],[79.5,69.7],[79,69.7],[79.1,69.7],[78.9,69.9],[79.7,70.2],[80.3,70.5],[80.8,70.4],[80.6,70.5],[80.8,70.7],[80.6,70.7],[80.5,71.1],[79.1,71.4],[79.3,71.6],[80.1,71.7],[80,71.8],[80.3,71.9],[78.7,72.2],[78.4,72.4],[79.5,72.4],[80.8,72.1],[80.6,72.1],[81.7,71.7],[83.3,71.7],[82.9,71.4],[82.3,71.3],[82.4,71.1],[82.2,71],[82.4,70.8],[82.1,70.6],[82.3,70.2],[82.2,70.6],[82.4,70.6],[82.7,70.9],[83.1,70.9],[83,70.4],[82.6,70.2],[83.2,70.1],[83.1,70.2],[83,70.3],[83.5,70.3],[83.7,70.5],[83.2,71.2],[83.6,71.6],[83.4,71.8],[82.2,72.1],[82.3,72.2],[82.2,72.3],[80.7,72.5],[80.8,72.6],[80.6,72.7],[80.8,73],[80.2,73.2],[80.6,73.2],[80.3,73.3],[80.7,73.5],[80.5,73.6],[87,73.9],[85.8,73.5],[85.8,73.3],[86.8,73],[85.8,73.5],[87.2,73.6],[87.7,73.9],[87.3,73.8],[87,74],[87.4,74],[85.9,74.3],[86.5,74.5],[86.9,74.4],[86.7,74.3],[87.1,74.4],[85.8,74.6],[86.1,74.7],[86,74.8],[86.9,74.6],[86.8,74.7],[87.4,74.9],[87.2,75],[87.8,75],[86.9,75.1],[87,75.1],[88,75.1],[89.3,75.5],[89.5,75.4],[90,75.6],[91.6,75.6],[91.7,75.7],[93.3,75.8],[94.2,75.9],[92.9,75.9],[93.2,76.1],[96.2,76.1],[95.6,75.9],[95.7,75.9],[96.5,76],[96.6,76],[96.4,75.9],[97.3,76],[97.4,76],[97.2,75.9],[97.8,76],[97.5,76],[98.7,76.3],[99.3,76.2],[99.1,76.2],[99.8,76],[99.6,75.8],[99.2,75.8],[99.1,75.6],[100.2,75.2],[99.8,75.5],[99.2,75.6],[99.3,75.8],[99.6,75.8],[99.9,75.9],[99.9,76.1],[98.8,76.5],[100.9,76.5],[102.2,76.4],[100.9,76.6],[101.2,76.8],[100.8,76.9],[103.1,77.6],[104.3,77.7]],[[109.7,55.8],[109.8,55.7],[109.5,55.8],[109.2,55.6],[109.1,55.1],[108.2,53.9],[106.9,53.1],[106.6,52.7],[106,52.5],[105.2,51.9],[103.7,51.7],[104.8,51.5],[105.9,51.7],[106.3,52.3],[106.8,52.3],[109,53.4],[108.9,53.6],[108.6,53.5],[108.9,53.9],[109.1,53.8],[109,53.6],[109.2,53.6],[109.6,54.1],[109.5,54.6],[110,55.7],[109.8,55.8],[109.6,55.8],[109.7,55.8]]],[[[107.6,78.2],[107.4,78],[106.5,78.1],[106.9,78.2],[107.6,78.2]]],[[[93.8,78.2],[93.6,78.2],[93.5,78.2],[93.6,78.2],[93.8,78.2]]],[[[106.8,78.3],[106.2,78.2],[106,78.2],[106.5,78.3],[106.8,78.3]]],[[[103,79.3],[103.2,79.3],[102.8,79.2],[102.4,78.8],[102.9,79.1],[103.9,79.1],[104.6,78.8],[105.2,78.8],[105.4,78.6],[104.8,78.3],[101.3,78.2],[99.9,78],[99.3,78],[100,78.3],[100.4,78.7],[101.2,78.8],[100.8,78.9],[100.9,79],[101.6,79],[101,79.1],[101.5,79.3],[103,79.3]]],[[[92.8,79.4],[92.7,79.4],[92.6,79.4],[93,79.4],[92.8,79.4]]],[[[92.5,79.4],[92.2,79.4],[91.8,79.4],[92.3,79.4],[92.5,79.4]]],[[[76.2,79.6],[76.5,79.6],[77.6,79.5],[76.8,79.5],[76,79.6],[76.2,79.6]]],[[[100,79.6],[100.2,79.7],[100.3,79.7],[99.9,79.6],[100,79.6]]],[[[91.7,79.7],[91.4,79.7],[91.1,79.7],[91.9,79.7],[91.7,79.7]]],[[[94.3,80],[94.1,80],[93.9,80],[94,80],[94.3,80]]],[[[91.2,80.1],[92.9,80],[93.8,79.9],[93,79.7],[91.9,79.7],[92.3,79.7],[91.1,79.8],[91.2,80],[90.9,80.1],[91.2,80.1]]],[[[97.6,80.2],[98,80.1],[97.2,79.7],[98.4,79.9],[98.5,80.1],[100,79.8],[99.7,79.6],[99.7,79.3],[99,79.3],[99.9,79],[98.6,78.8],[97.3,78.8],[94.8,79.1],[94.3,79.3],[94.3,79.5],[93.7,79.5],[94,79.5],[93.7,79.5],[93.9,79.6],[93.2,79.4],[93.1,79.5],[93.3,79.5],[92.9,79.6],[94.6,79.8],[94.2,79.9],[94.9,80.1],[97.6,80.2]]],[[[80,81],[80.4,80.9],[79,80.8],[79.2,81],[80,81]]],[[[91.3,81.1],[90.1,81.1],[89.9,81.2],[91.6,81.1],[91.3,81.1]]],[[[96,81.2],[98,80.7],[97.1,80.7],[97,80.5],[97.4,80.3],[97.2,80.2],[95.6,80.2],[93.8,80],[92.1,80.2],[92.9,80.2],[92.1,80.3],[93.2,80.3],[91.4,80.3],[92.6,80.4],[91.9,80.5],[92.8,80.5],[93.3,80.8],[92.5,80.8],[93.2,80.9],[93.1,81],[95.5,81.2],[95.1,81.3],[96,81.2]]]]}},{"type":"Feature","properties":{"code":"RU-NR","name":"Russian Federation (Northern Russia)","country_code":"RU","country":"Russian Federation","region":"Northern Russia","level":"subnational"},"geometry":{"type":"MultiPolygon","coordinates":[[[[40.4,64.7],[40.5,64.6],[40,64.7],[40.3,64.6],[40.1,64.7],[40.3,64.8],[40.4,64.7]]],[[[35.8,65],[35.6,65.1],[35.5,65.2],[35.8,65.2],[35.8,65]]],[[[42.7,66.7],[42.6,66.7],[42.4,66.8],[42.6,66.8],[42.7,66.7]]],[[[50.8,68.4],[51.2,68.5],[51.5,68.5],[51.2,68.4],[50.8,68.4]]],[[[57.9,68.8],[57.9,68.8],[57.2,68.7],[57.4,68.8],[57.9,68.8]]],[[[59.2,69.2],[59.2,69.1],[58.8,69.3],[59.2,69.2],[59.2,69.2]]],[[[34.4,69.3],[34.2,69.3],[34,69.4],[34.2,69.4],[34.4,69.3]]],[[[50.3,69.2],[50.1,69],[50.2,69.1],[48.9,68.7],[48.2,68.9],[48.3,69.3],[48.9,69.5],[50.3,69.2]]],[[[32.6,69.8],[33.1,69.7],[32.9,69.6],[32,69.6],[32.5,69.5],[32.2,69.4],[33,69.5],[32.8,69.3],[33.5,69.4],[33.2,69.3],[33.5,69.2],[33,69.1],[33,69],[33.4,69.1],[33.6,69.2],[33.6,69.3],[35.8,69.2],[37.8,68.7],[38.4,68.3],[39.9,68],[39.8,68.2],[40.5,67.8],[41,67.7],[41.1,67.3],[41.4,67.1],[41.2,66.8],[40.1,66.3],[38.6,66.1],[35.5,66.4],[34.8,66.6],[34.5,66.5],[33.6,66.8],[33.3,66.8],[32.7,67.1],[31.9,67.2],[32.3,67.1],[32.9,66.7],[32.8,66.7],[33.3,66.6],[32.9,66.6],[33.2,66.6],[33.5,66.5],[33.2,66.6],[33,66.5],[33.7,66.4],[33.3,66.3],[34.1,66.2],[34.9,65.9],[35,65.7],[34.7,65.8],[34.7,65.4],[34.4,65.4],[34.9,64.8],[35,64.7],[34.8,64.5],[35.3,64.3],[35.8,64.3],[36.3,64.1],[36.3,64],[37.4,63.8],[38.1,64.1],[37.8,64.4],[37.3,64.4],[36.6,64.7],[36.4,64.9],[36.8,65],[36.9,65.2],[38.4,64.9],[38,64.8],[38,64.6],[38.5,64.8],[40.5,64.5],[40.4,64.9],[39.8,65.3],[39.8,65.6],[40.7,66],[41.4,66.1],[42.2,66.5],[43.3,66.4],[43.7,66.2],[43.3,66.1],[43.4,66],[43.5,66],[43.4,66.1],[43.9,66.2],[44.2,65.9],[44.1,66.2],[44.5,66.7],[44.4,66.8],[44.5,66.9],[43.8,67.3],[44.1,67.7],[44.1,67.9],[44.3,67.9],[44.1,67.9],[44.2,68.3],[43.3,68.7],[45.9,68.5],[46.5,68.1],[46.7,67.8],[45.4,67.7],[44.9,67.4],[45.6,67.2],[46,66.8],[46.6,66.9],[46.4,66.7],[47.7,67],[47.7,67.2],[48,67.5],[47.8,67.6],[48,67.7],[49.1,67.6],[48.6,67.9],[49.2,67.9],[50.8,68.4],[51.1,68.3],[52.1,68.5],[52.4,68.5],[52.1,68.4],[52.3,68.3],[52.7,68.5],[52.5,68.6],[52.6,68.6],[52.3,68.6],[53.8,69],[54.6,69],[53.6,68.9],[54,68.9],[53.7,68.6],[53.9,68.4],[53.2,68.3],[54.5,68.3],[54.8,68.2],[54.9,68.4],[55.3,68.6],[56,68.7],[57.3,68.6],[57.6,68.7],[57.9,68.7],[58.2,68.9],[58.3,68.7],[58.4,68.7],[58.3,68.9],[58.9,69],[59.2,69],[58.9,68.9],[59.4,68.7],[59.1,68.6],[59.1,68.4],[59.8,68.4],[60,68.5],[59.8,68.7],[60.9,68.9],[60.9,69.1],[60.6,69.1],[60.1,69.6],[60.9,69.9],[63.3,69.7],[65,69.3],[64.5,68.9],[65.3,68.8],[65.7,68.6],[65.3,68.2],[65.3,68],[66.1,67.9],[66,67.8],[66.2,67.7],[65.8,67.6],[66.1,67.5],[65.2,67.1],[65.1,66.9],[63.4,66.5],[63.2,66.3],[63.3,66.2],[62.9,66.1],[62.8,65.9],[61.8,65.7],[60.7,64.9],[60.2,65.1],[59.7,64.8],[59.5,64.5],[59.8,64.1],[59.6,63.9],[59.2,63],[59.5,62.9],[59.4,62.7],[59.6,62.5],[59.3,61.7],[58.8,61.5],[56.7,61.5],[56.4,61.4],[56.3,61.2],[55.3,61.1],[55,60.9],[53.9,61],[53.6,60.9],[52.9,61.1],[52.3,60.8],[51.9,60.9],[51.8,60.6],[52.3,60.4],[52.3,60.2],[52,60.3],[51.5,60],[51.1,60.1],[50.8,59.9],[50,59.8],[50.1,59.7],[49.8,59.6],[49.8,59.2],[49.7,59.2],[49.5,59.2],[49.5,59.4],[49,59.5],[49.1,59.7],[48.5,59.7],[48.5,60.2],[48.8,60.4],[48.5,60.4],[48.4,60.9],[47.9,61],[47.2,61.1],[47,60.9],[45.3,61.2],[45.2,60.9],[44.1,61.1],[43.5,60.8],[42.4,60.8],[41.9,60.9],[41.4,60.8],[41.3,60.7],[40.4,60.8],[39.9,60.6],[38.7,60.7],[38.2,60.9],[37.8,61.5],[37,61.6],[36.4,61.4],[35.7,62],[35.8,62.5],[34.5,62.9],[35,62.4],[34.8,62.6],[35.3,62.5],[35.6,62.3],[35.4,62.1],[35,62.3],[35.2,62.1],[35.1,62],[34.9,62.3],[34.5,62.6],[34.8,62.3],[34.4,62.5],[34.7,62],[34.3,62.2],[34.1,62.5],[34,62.5],[34,62.4],[34.6,61.9],[34.3,61.9],[35.6,61.2],[33.6,61.2],[33.4,61.1],[33.9,61.1],[33.8,61],[33.4,61],[32.9,60.7],[32.5,61.1],[30.8,61.8],[30.5,61.5],[30.2,61.5],[30.3,61.3],[29.8,61.3],[30,61.2],[29.3,61.3],[31.3,62.5],[31.6,62.9],[31.2,63.2],[30,63.7],[30.6,64],[30.6,64.2],[30.1,64.4],[30,64.6],[30.2,64.7],[30.1,64.8],[29.6,64.9],[29.6,65.1],[29.9,65.1],[29.6,65.2],[29.8,65.7],[30.1,65.7],[29.9,66.1],[29.1,66.9],[30,67.7],[29.4,68.1],[28.7,68.2],[28.5,68.5],[28.8,68.8],[28.4,68.9],[29.1,69],[29.3,69.3],[30.1,69.5],[30.1,69.7],[30.8,69.5],[31,69.6],[30.9,69.8],[31.8,69.7],[31.8,69.8],[32.1,69.8],[31.9,70],[32.6,69.8]]],[[[59.5,70.3],[60.4,70],[60.5,69.8],[59.6,69.7],[59.4,69.9],[58.7,70],[58.4,70.3],[58.8,70.2],[58.6,70.3],[59,70.5],[59.5,70.3]]],[[[57.2,70.5],[57,70.5],[56.8,70.6],[57.2,70.5],[57.2,70.5]]],[[[52.9,71.4],[53,71.3],[52.7,71.4],[53.1,71.2],[53.2,71.3],[53,71.1],[53.1,71],[52.2,71.3],[52.4,71.4],[52.9,71.4]]],[[[55.3,73.3],[56.6,73.1],[55.6,73],[56.3,73],[56.1,72.8],[55.4,72.8],[55.9,72.7],[55.1,72.5],[55.5,72.4],[55.6,72.2],[55.2,71.9],[55.5,71.9],[56.2,71.2],[57.6,70.7],[57.4,70.6],[56.7,70.7],[57.3,70.6],[56.6,70.6],[56.5,70.7],[56.2,70.7],[56.7,70.6],[56.5,70.5],[55.4,70.7],[55.2,70.6],[54.6,70.8],[54.5,70.7],[54.8,70.7],[53.5,70.8],[53.7,70.9],[53.5,71.1],[54.2,71.1],[53.5,71.3],[53.9,71.5],[53.5,71.3],[53.3,71.4],[53.4,71.6],[52.9,71.4],[52.6,71.6],[51.8,71.5],[51.4,71.7],[51.6,72.1],[52.4,72.1],[52.4,72.2],[52.7,72.3],[52.7,72.4],[53.1,72.6],[52.8,72.6],[53.2,72.6],[52.4,72.7],[53,72.9],[53.4,72.9],[53.1,73],[53.4,73],[53.2,73.2],[54.9,73.4],[55.3,73.3]]],[[[58.8,75.9],[58.7,75.9],[59.3,76],[59.2,75.9],[58.8,75.9]]],[[[60.5,76.2],[60.2,76.1],[59.9,76.1],[60,76.2],[60.5,76.2]]],[[[68.3,77],[68.9,76.8],[68.9,76.5],[68.3,76.3],[63.6,75.7],[61.5,75.2],[61.3,75.3],[60.7,75],[59.9,75],[60.7,74.9],[60.2,74.8],[60.3,74.8],[59.5,74.8],[59.9,74.7],[59.8,74.6],[59.2,74.7],[59.3,74.6],[59.1,74.4],[58.2,74.6],[58.6,74.4],[58.7,74.2],[58.3,74.2],[58.4,74.1],[58.1,74.1],[58.1,74],[57.5,74.2],[57.3,74.1],[57.9,73.9],[57.7,73.7],[57.4,73.8],[56.6,73.9],[57.3,73.8],[57.6,73.7],[57.4,73.5],[56.7,73.7],[57.3,73.5],[56.7,73.2],[55.9,73.4],[55.9,73.3],[55,73.4],[54.5,73.4],[54.2,73.3],[54,73.4],[55.2,73.7],[54.1,73.6],[53.6,73.8],[54.8,74],[54.6,74],[55,74.2],[55.9,74.1],[55.1,74.3],[55.7,74.3],[55.2,74.4],[55.4,74.4],[56.3,74.5],[55.5,74.6],[55.6,74.7],[57,74.7],[55.8,74.8],[56.7,74.9],[55.9,75],[55.7,75.1],[55.8,75.1],[56.4,75.2],[56.5,75.1],[56.9,75.2],[56.7,75.3],[56.9,75.4],[57.7,75.3],[57.5,75.5],[58.2,75.6],[58,75.7],[60.3,76],[60,76],[60.3,76.1],[60.8,76.1],[60.5,76],[60.7,76],[61.2,76.1],[60.9,76.1],[61.1,76.3],[62.5,76.2],[64.1,76.3],[65.5,76.6],[66,76.5],[65.8,76.7],[66.7,76.9],[68.3,77]]],[[[58.7,79.9],[59,79.9],[58.3,79.9],[58.6,80],[58.7,79.9]]],[[[49.6,80.1],[49.7,80],[49.3,80.1],[49.4,80.1],[49.6,80.1]]],[[[51.2,80],[51.5,79.9],[50,80],[51,80.1],[51.2,80]]],[[[59.4,79.9],[59.2,79.9],[58.8,80],[59.8,80.1],[59.4,79.9]]],[[[60.3,80.2],[59.9,80.2],[59.9,80.2],[60.3,80.2],[60.3,80.2]]],[[[50.3,80.1],[50,80.1],[49.5,80.2],[50,80.2],[50.3,80.1]]],[[[54.2,80.2],[54.1,80.3],[54.4,80.3],[54.4,80.2],[54.2,80.2]]],[[[55.2,80.2],[54.9,80.3],[55.5,80.3],[55.5,80.3],[55.2,80.2]]],[[[57.1,80.3],[57.1,80.1],[55.7,80.1],[56,80.2],[56,80.3],[57.1,80.3]]],[[[53.6,80.3],[53.9,80.3],[52.7,80.2],[52.2,80.3],[52.9,80.4],[53.6,80.3]]],[[[56.3,80.4],[56.2,80.4],[55.8,80.4],[55.9,80.4],[56.3,80.4]]],[[[55.4,80.4],[55.2,80.4],[55,80.4],[55.3,80.5],[55.4,80.4]]],[[[54.6,80.4],[54.5,80.4],[54.4,80.4],[54.9,80.5],[54.6,80.4]]],[[[58,80.5],[58.8,80.4],[59.3,80.3],[58.4,80.3],[58.1,80.3],[58.4,80.2],[57.7,80.1],[57.3,80.2],[57.3,80.4],[56.9,80.5],[58,80.5]]],[[[55,80.6],[55.2,80.5],[54.6,80.5],[54.7,80.6],[55,80.6]]],[[[54.3,80.4],[54.2,80.4],[53.8,80.5],[54,80.6],[54.5,80.5],[54.3,80.4]]],[[[58,80.6],[57.9,80.6],[57.2,80.6],[57.4,80.6],[58,80.6]]],[[[58.9,80.6],[58.8,80.6],[58.5,80.6],[58.6,80.6],[58.9,80.6]]],[[[53.4,80.5],[53.2,80.5],[53.3,80.6],[53.1,80.6],[53.4,80.6],[53.5,80.5],[53.4,80.5]]],[[[56.8,80.7],[56.9,80.7],[55.4,80.7],[56.5,80.8],[56.8,80.7]]],[[[47.9,80.8],[48.6,80.8],[48.5,80.7],[48.8,80.6],[47.8,80.8],[47.3,80.7],[47.4,80.6],[46.1,80.4],[46,80.6],[44.9,80.6],[47.9,80.8]]],[[[62.2,80.8],[62,80.7],[62.1,80.6],[61.1,80.4],[59.6,80.4],[59.2,80.6],[59.9,80.8],[62.2,80.8]]],[[[55.4,80.9],[56,80.8],[54,80.8],[55.1,80.9],[55.4,80.9]]],[[[59,80.8],[58.4,80.7],[57.8,80.8],[58.8,80.9],[59,80.8]]],[[[50.1,80.8],[50.8,80.9],[51,80.8],[50.2,80.7],[51.7,80.7],[49.7,80.5],[49.8,80.4],[49.6,80.4],[48.8,80.4],[48.6,80.3],[49.1,80.2],[48.4,80.1],[47.6,80.1],[48.1,80.2],[46.6,80.3],[48.2,80.3],[47.6,80.4],[48.2,80.4],[48.1,80.5],[47.4,80.5],[49.2,80.5],[49.7,80.7],[49,80.7],[49.8,80.9],[50.4,80.9],[50,80.9],[50.1,80.8]]],[[[58.5,81],[58.2,81],[57.8,81],[58.7,81],[58.5,81]]],[[[56.2,81.1],[57.5,81],[58.3,80.9],[57.7,80.8],[56.1,81.1],[56.2,81.1]]],[[[54.7,81.1],[56.1,81],[57.7,80.8],[57,80.7],[56.6,80.8],[55.4,81],[54.4,81],[54.7,81.1]]],[[[61,80.9],[60.4,80.9],[60,81],[61.7,81.1],[61,80.9]]],[[[58.4,81.1],[58.2,81.1],[58.1,81.1],[58.6,81.1],[58.4,81.1]]],[[[50.6,81],[50.3,81.1],[51,81.1],[51,81.1],[50.6,81]]],[[[65.5,81],[65.4,80.9],[64.3,80.7],[63.1,80.7],[62.5,80.8],[64.1,81],[64.6,81.2],[65.5,81]]],[[[59.8,81.2],[59.5,81.2],[59,81.2],[59.8,81.2],[59.8,81.2]]],[[[57.6,81.1],[57.4,81.1],[57,81.2],[58.1,81.2],[57.6,81.1]]],[[[60.6,81.3],[60.4,81.2],[59.7,81.3],[60.1,81.3],[60.6,81.3]]],[[[54.3,81.3],[54.4,81.3],[54.1,81.3],[54.2,81.3],[54.3,81.3]]],[[[57.5,81.3],[57.9,81.3],[56.5,81.2],[55.4,81.3],[57.5,81.3]]],[[[59.1,81.3],[58.6,81.3],[58.5,81.3],[59.4,81.3],[59.1,81.3]]],[[[57.8,81.5],[58.6,81.4],[56.7,81.4],[57,81.5],[57.8,81.5]]],[[[62.1,81.5],[61.9,81.5],[61.7,81.6],[62.2,81.6],[62.1,81.5]]],[[[58.5,81.6],[58.4,81.6],[58.2,81.6],[58.7,81.6],[58.5,81.6]]],[[[62.8,81.7],[63.5,81.7],[63.8,81.7],[62.1,81.7],[62.8,81.7]]],[[[59.3,81.7],[58.1,81.7],[57.9,81.7],[59.4,81.8],[59.3,81.7]]]]}},{"type":"Feature","properties":{"code":"RU-WS","name":"Russian Federation (Western Siberia)","country_code":"RU","country":"Russian Federation","region":"Western Siberia","level":"subnational"},"geometry":{"type":"MultiPolygon","coordinates":[[[[69.3,66.8],[70.1,66.7],[70.1,66.5],[69.8,66.5],[69.1,66.8],[69.3,66.8]]],[[[66.2,69.1],[66.3,69],[66.5,68.9],[66,69.1],[66.2,69.1]]],[[[67.1,69.4],[67,69.4],[66.9,69.4],[67.2,69.4],[67.1,69.4]]],[[[67.3,69.4],[67,69.5],[67,69.5],[67.3,69.6],[67.3,69.4]]],[[[77.8,72.3],[77.1,72.3],[76.9,72.3],[77.6,72.6],[78.4,72.5],[77.8,72.3]]],[[[69.6,72.9],[71.5,72.9],[72.8,72.7],[72.7,72.6],[72.9,72.3],[72.3,71.8],[72.4,71.7],[71.8,71.5],[72.6,71.2],[72.8,70.9],[72.7,70.6],[72.8,70.4],[72.4,70.3],[72.6,70.2],[72.5,70],[72.7,69.8],[72.5,69.6],[72.6,69],[73.7,68.5],[73.1,68.2],[73.2,67.9],[73,67.7],[72.6,67.6],[72.4,67.3],[72,67.3],[72.2,67.2],[71.8,66.9],[71.4,67],[71.6,66.6],[70.7,66.5],[70.3,66.6],[70.7,66.7],[70.7,66.8],[69,66.8],[69.4,66.5],[70.4,66.3],[72,66.2],[72.3,66.3],[72.5,66.6],[73.9,67],[73.9,67.3],[74.8,67.8],[74.7,68.1],[74.3,68.4],[74.5,68.7],[75.5,68.9],[76.6,69],[76.6,68.8],[77.3,68.5],[77.2,68.3],[77.4,68.2],[77.2,68],[77.3,67.9],[77.1,67.8],[77.8,67.6],[79,67.6],[77.5,67.8],[77.6,68.1],[78.2,68.3],[77.8,68.5],[77.6,68.9],[76,69.2],[74.7,69.1],[73.7,69.2],[73.9,69.4],[73.5,69.7],[73.7,70.1],[74.3,70.5],[74.3,70.7],[73.5,71.3],[73,71.4],[73.5,71.7],[73.5,71.8],[75,72.1],[75.1,72.4],[74.8,72.8],[75.4,72.8],[75.7,72.6],[75.6,72.5],[75.7,72.3],[75.2,71.8],[75.5,71.7],[75.5,71.5],[75.2,71.4],[75.4,71.3],[76.8,71.2],[76.9,71.1],[77,71.2],[77.7,71.2],[78,71],[79,70.9],[79.1,71],[78.5,71],[78.5,71.1],[78.2,71.1],[78.3,71.3],[77.9,71.3],[78,71.4],[77.5,71.3],[76.3,71.6],[76.1,71.9],[76.9,72.1],[77.6,71.8],[78.1,71.9],[78.2,72],[78,72.1],[77.4,72.1],[78.4,72.4],[78.7,72.2],[80.3,71.9],[80,71.8],[80.1,71.7],[79.3,71.6],[79.1,71.4],[80.5,71.1],[80.6,70.7],[80.8,70.7],[80.6,70.5],[80.8,70.4],[80.3,70.5],[78.9,69.9],[79.9,69.4],[80.9,69.2],[81.6,69.3],[81.7,69.4],[81.9,69.3],[81.8,69.2],[81.9,69.2],[82.5,69.2],[82.3,69.1],[82.5,68.8],[83,68.7],[82.5,68.6],[82.7,68.5],[82.7,68.3],[82.4,68.2],[82.4,67.9],[81.7,67.9],[82.4,67.5],[82.2,67.4],[82.4,67.3],[82.1,67.2],[83.2,66.8],[83.3,66.7],[83.1,66.6],[83.1,66.5],[83.5,66.2],[83.3,66.1],[83.6,65.8],[84,65.8],[84.5,65.5],[84.6,65.3],[84.3,65.1],[84.3,64.9],[85.9,64.8],[86,64.1],[85,63.6],[85.7,63.4],[85.5,63.1],[85.6,63],[84.4,62.2],[84.7,61.8],[86,61.5],[84.3,60.9],[84.8,60.4],[84.5,60],[87.1,59.9],[87.2,59.7],[87.5,59.7],[87.9,59.3],[88.6,59.3],[88.8,59],[88.4,58.9],[87.9,58.5],[88.1,58.1],[89.4,57.9],[89.4,57.6],[88.5,57.1],[88.7,57.1],[88.6,56.8],[88.7,56.7],[88.5,56.6],[89.1,56.3],[89.4,55.9],[88.6,55.5],[89.5,55],[90.2,55.1],[90.9,54.8],[90.9,54.7],[91.2,54.5],[91.6,54.1],[91.4,53.8],[92,53.4],[91.5,53.1],[91.5,53],[91.3,52.6],[90.9,52.6],[90.5,52.2],[90.2,52.1],[90,52],[90.1,51.7],[89.6,51.6],[88.7,51.6],[89,51.4],[89.1,51.1],[89.9,50.5],[89.5,50.5],[89.3,50.2],[89.5,50.2],[89.7,49.7],[89,49.5],[88.2,49.5],[88,49.2],[87.4,49.1],[86.6,49.6],[86.8,49.8],[86.2,49.5],[85.3,49.6],[85,49.9],[85,50.1],[84.3,50.3],[84,50.8],[83.5,51],[82.8,50.9],[82.5,50.7],[81.5,50.7],[81.4,51],[81.1,51],[81.2,51.2],[80.7,51.3],[80.4,51.2],[80.5,51],[80.1,50.8],[77.9,53.3],[76.5,54],[76.4,54.2],[76.7,54.2],[76.8,54.4],[74.8,53.8],[74.5,53.7],[74.4,53.5],[73.9,53.7],[73.4,53.4],[73.2,53.6],[73.4,53.9],[73.7,53.9],[73.8,54.1],[73.3,54],[72.6,54.1],[72.5,54.1],[72.7,54],[72.4,53.9],[72.5,54.1],[72,54.4],[72.2,54.1],[71.8,54.3],[71.7,54.1],[71.3,54.2],[71.2,54.1],[71,54.3],[71.2,54.3],[71.3,54.7],[71,54.8],[70.8,55.3],[70.2,55.1],[68.9,55.4],[69,55.3],[68.7,55.4],[68.6,55.2],[68.2,55.2],[68.3,55.1],[68.2,55],[65.5,54.6],[65.2,54.5],[65.2,54.3],[64.9,54.4],[63.2,54.2],[62.6,54.1],[62.5,53.9],[62.4,54],[61.3,54.1],[61,53.9],[61.2,53.8],[60.9,53.6],[61.5,53.6],[61.4,53.4],[61.2,53.5],[61.2,53.3],[62.1,53.1],[62.1,53],[61.1,53],[60.7,52.7],[61.1,52.3],[60.2,52],[59.9,52.1],[60.1,52.4],[59.3,52.5],[59.2,52.3],[58.8,52.5],[58.7,52.9],[59,53],[58.8,53.2],[58.9,53.9],[59.3,54.2],[59.7,54.1],[59.7,54.5],[60,54.8],[59.6,54.9],[59.2,54.6],[58,54.4],[57.2,54.8],[57.1,55.1],[57.4,55.3],[58.1,55.2],[58,54.9],[58.3,55.2],[58.6,54.9],[58.8,55],[58.6,55.1],[58.7,55.3],[59.6,55.6],[59.2,55.6],[59.3,55.8],[59.2,55.8],[59.2,56],[59.3,56.1],[57.5,56.1],[57.3,56.5],[57.4,56.6],[57.2,56.9],[58.1,57],[58,57.5],[58.2,57.7],[58.5,57.6],[58.9,57.7],[58.6,58],[58.7,58.1],[59.4,58.5],[59.4,58.7],[59.1,58.8],[59.2,59.2],[58.3,59.5],[58.4,59.7],[59,59.9],[59.5,60.8],[59.3,61.3],[59.4,61.4],[59.4,62.1],[59.6,62.5],[59.4,62.7],[59.5,62.9],[59.2,63],[59.6,63.9],[59.9,64.1],[59.6,64.2],[59.5,64.5],[60.1,65],[60.4,65.1],[60.6,64.9],[61.8,65.7],[62.8,65.9],[62.9,66.1],[63.3,66.2],[63.2,66.3],[63.4,66.5],[65.1,66.9],[65.2,67.1],[66.1,67.5],[65.8,67.6],[66.2,67.7],[66,67.8],[66.1,67.9],[65.3,68],[65.3,68.2],[65.7,68.6],[65.3,68.8],[64.5,68.9],[64.9,69.3],[65.9,69.1],[65.7,69.1],[66.6,68.9],[67.1,68.9],[68.2,68.4],[68.3,68.2],[68.5,68.3],[69.1,68.9],[69,68.9],[69.2,69],[68.5,69],[68.1,69.3],[68.1,69.5],[67,69.7],[66.9,69.5],[66.8,69.6],[66.9,70],[67.3,70.1],[67.1,70.2],[67.3,70.8],[66.7,70.8],[66.6,70.9],[66.9,71.1],[66.6,71],[66.9,71.3],[68.3,71.7],[69,72.7],[69.3,72.9],[69.8,73],[69.6,72.9]]],[[[74.9,73.1],[75,73.1],[74.7,73.1],[74.7,72.9],[74.1,73],[74.9,73.1]]],[[[76.5,73.2],[76.7,73.2],[76.1,73.2],[76.2,73.2],[76.5,73.2]]],[[[71.3,73.3],[71.2,73.3],[71.1,73.3],[71.3,73.4],[71.3,73.3]]],[[[71,73.5],[71.3,73.4],[71,73.3],[71.2,73.3],[71.5,73.3],[71.7,73.2],[69.9,73],[70.1,73.2],[70,73.4],[71,73.5]]],[[[76.4,73.5],[76.7,73.5],[76.8,73.4],[76.1,73.5],[76.4,73.5]]],[[[76.1,73.6],[75.9,73.5],[75.3,73.4],[75.6,73.5],[76.1,73.6]]]]}},{"type":"Feature","properties":{"code":"RU-CR","name":"Russian Federation (Central Russia)","country_code":"RU","country":"Russian Federation","region":"Central Russia","level":"subnational"},"geometry":{"type":"MultiPolygon","coordinates":[[[[19.7,54.5],[19.6,54.5],[19.8,54.6],[19.8,54.6],[19.7,54.5]]],[[[20.5,55],[21.2,54.9],[21.2,55.1],[21.4,55.3],[22.1,55],[22.6,55],[22.9,54.8],[22.7,54.7],[22.8,54.4],[19.8,54.4],[20.4,54.7],[19.9,54.6],[19.9,54.9],[20.4,54.9],[21,55.3],[20.5,55]]],[[[59.4,61.6],[59.3,61.3],[59.5,60.9],[59.4,60.6],[59,59.9],[58.4,59.7],[58.3,59.5],[59.2,59.2],[59.1,58.8],[59.4,58.7],[59.4,58.5],[58.7,58.1],[58.6,58],[58.9,57.7],[58.5,57.6],[58.2,57.7],[58,57.5],[58.1,57],[57.2,56.9],[57.4,56.6],[57.3,56.5],[57.5,56.1],[59.3,56.1],[59.2,56],[59.2,55.8],[59.3,55.8],[59.2,55.6],[59.6,55.6],[58.7,55.3],[58.6,55.1],[58.8,55],[58.6,54.9],[58.3,55.2],[58,54.9],[58.1,55.2],[57.4,55.3],[57.2,55.2],[57.2,54.9],[58,54.4],[59.2,54.6],[59.6,54.9],[60,54.8],[59.7,54.5],[59.7,54.1],[59.3,54.2],[58.9,53.9],[58.8,53.2],[59,53],[58.7,52.9],[58.9,52.3],[58.6,52.2],[58.6,51.8],[57.7,51.8],[57.2,51.6],[56.8,51.8],[56.9,51.6],[56.7,51.6],[56.6,52.1],[56.2,52.1],[56.5,52.3],[56.4,52.5],[56.1,52.6],[55.9,52.4],[55.5,52.4],[55.5,52.6],[55.3,52.6],[55.4,52.8],[55.2,52.8],[54.9,53.2],[54.1,53.4],[53.5,54],[53.1,54.1],[53,54.2],[53.1,54.3],[51.2,54.7],[50.9,54.4],[50.5,54.3],[50.1,54.5],[50.3,54.3],[50,53.8],[48.5,53.8],[48.3,53.7],[48.4,53.5],[47.9,53.4],[48.2,53],[48.6,52.9],[48.4,52.8],[47.4,52.6],[46.3,52.7],[46,52.4],[45.6,52.5],[45.1,52.3],[44.5,52.5],[44.4,52.3],[43.2,52.5],[42.8,52.2],[42.5,51.6],[41.1,51.7],[40.9,51.9],[39.7,51.9],[39.3,52.1],[38,51.9],[37.8,52],[37.4,51.9],[36.3,52.4],[35.7,52.2],[35.5,52.4],[34.9,52.4],[34.7,52.1],[34.4,52],[34.4,51.8],[33.8,52.4],[32.4,52.3],[32.3,52.1],[31.9,52.1],[31.6,52.3],[31.6,52.8],[31.3,53],[31.4,53.2],[32.2,53.1],[32.7,53.5],[32.4,53.6],[32.5,53.7],[31.8,53.8],[31.8,54.1],[31.3,54.2],[31.1,54.6],[30.8,54.8],[31,55],[30.8,55.3],[30.9,55.6],[30.2,55.9],[29.5,55.7],[29.4,56],[28.2,56.1],[27.9,56.8],[27.7,56.9],[27.9,57.3],[27.3,57.6],[27.8,57.9],[27.5,58.2],[27.4,58.8],[27.9,59.3],[28.2,59.3],[28,59.8],[28.4,59.7],[28.5,59.9],[28.8,59.8],[29.2,60],[30.2,59.9],[29.8,60.2],[29,60.2],[28.6,60.4],[28.4,60.5],[28.7,60.5],[28.6,60.6],[28.7,60.7],[27.8,60.5],[29.3,61.3],[30.4,61],[30.5,60.6],[31.1,60.1],[31,59.9],[31.4,59.9],[31.7,60.2],[32.6,60.2],[32.7,60.4],[32.6,60.5],[32.8,60.5],[32.9,60.7],[33.4,61],[33.8,60.9],[33.9,61.1],[33.6,61.1],[33.5,61.2],[34.4,61.1],[34.8,61.3],[35.6,61.2],[35.5,61],[35.3,61.1],[35.2,61],[35,61.1],[35.3,61.2],[35.1,61.2],[34.8,61.2],[34.8,61.1],[35.9,60.9],[35.9,60.9],[35.8,60.9],[36.4,61.1],[36.6,61.5],[37,61.6],[37.8,61.5],[38.2,60.9],[39.2,60.7],[40.4,60.8],[41.3,60.7],[41.4,60.8],[41.9,60.9],[42.4,60.8],[43.5,60.8],[44.1,61.1],[45.2,60.9],[45.3,61.2],[47,60.9],[47.2,61.1],[47.6,61.1],[48.4,60.9],[48.5,60.4],[48.8,60.4],[48.5,60.2],[48.5,59.7],[49.1,59.7],[49,59.5],[49.5,59.4],[49.5,59.2],[49.7,59.2],[50,59.8],[50.8,59.9],[51.1,60.1],[51.5,60],[52,60.3],[52.3,60.2],[52.3,60.4],[51.8,60.6],[51.9,60.9],[52.3,60.8],[52.9,61.1],[53.6,60.9],[53.9,61],[55,60.9],[55.3,61.1],[56.3,61.2],[56.4,61.4],[56.7,61.5],[58.8,61.5],[59.3,61.7],[59.4,61.6]]]]}},{"type":"Feature","properties":{"code":"RU-SR","name":"Russian Federation (Southern Russia)","country_code":"RU","country":"Russian Federation","region":"Southern Russia","level":"subnational"},"geometry":{"type":"Polygon","coordinates":[[[58.8,52.4],[59.2,52.3],[59.3,52.5],[60.1,52.4],[59.9,52.1],[60.1,51.9],[61.7,51.3],[61.4,50.8],[60.7,50.7],[60.1,50.9],[59.8,50.5],[59.5,50.5],[59.5,50.6],[58.7,50.8],[58.6,51],[58.3,51.2],[57.8,51.1],[57.7,50.9],[57.5,50.9],[57.1,51.1],[56.5,51.1],[55.7,50.5],[54.6,51],[54.5,50.9],[54.7,50.6],[54.5,50.5],[54.4,50.6],[54.5,50.9],[53.4,51.5],[52.6,51.5],[52.3,51.8],[51.9,51.7],[51.7,51.5],[51.3,51.5],[51.4,51.6],[50.8,51.8],[50.8,51.6],[50.6,51.6],[50.4,51.3],[49.5,51.1],[49.4,50.9],[48.7,50.6],[48.9,50],[48.8,49.9],[48.2,49.9],[47.6,50.5],[47.3,50.3],[47.3,50.1],[46.9,49.9],[46.8,49.4],[47.1,49.1],[46.5,48.4],[47.1,48.3],[47.3,47.8],[47.4,47.7],[47.4,47.8],[48.2,47.7],[49,46.8],[48.5,46.7],[49.2,46.3],[48.7,46.1],[48.7,45.8],[48.6,46],[47.8,45.7],[47.6,45.8],[47.6,45.6],[47.5,45.7],[47.4,45.7],[47.6,45.6],[47.1,44.8],[46.7,44.5],[47.4,44],[47.5,43.8],[47.4,43.5],[47.6,43.9],[47.7,43.9],[47.5,43],[48.6,41.8],[47.8,41.2],[47.3,41.3],[46.8,41.9],[45.7,42.2],[45.7,42.5],[44.9,42.8],[43.8,42.6],[43.8,42.7],[42.9,43.2],[41.6,43.2],[40.7,43.5],[40.1,43.6],[40,43.4],[38.8,44.3],[38.2,44.4],[37.8,44.7],[37.5,44.7],[37.2,45],[36.6,45.1],[37,45.3],[36.7,45.3],[36.8,45.4],[37.1,45.2],[37.7,45.3],[37.6,45.6],[37.9,46],[38.1,45.9],[38.2,46.1],[38.6,46],[37.9,46.4],[37.7,46.7],[38.6,46.7],[38.4,46.7],[38.4,46.8],[39.3,47],[39.3,47.3],[38.2,47.1],[38.2,47.3],[38.4,47.6],[38.8,47.7],[38.9,47.9],[39.8,47.8],[40,48.3],[39.7,48.6],[40.1,48.9],[39.7,49],[40.2,49.3],[40.1,49.5],[40.1,49.6],[39.8,49.6],[39.2,49.9],[38.9,49.8],[38.3,50.1],[38,49.9],[37.5,50.4],[36.6,50.2],[36.1,50.4],[35.6,50.4],[35.4,50.5],[35.4,51],[35.1,51.2],[34.4,51.3],[34.1,51.6],[34.4,51.7],[34.3,51.9],[34.9,52.4],[35.5,52.4],[35.7,52.2],[36.3,52.4],[37.4,51.9],[37.8,52],[38,51.9],[39.3,52.1],[39.7,51.9],[40.9,51.9],[41.1,51.7],[42.5,51.6],[42.8,52.2],[43.2,52.5],[44.4,52.3],[44.5,52.5],[45.1,52.3],[45.6,52.5],[46,52.4],[46.3,52.7],[47.4,52.6],[48.4,52.8],[48.6,52.9],[48.2,53],[47.9,53.4],[48.4,53.5],[48.3,53.7],[48.5,53.8],[50,53.8],[50.3,54.3],[50.1,54.5],[50.5,54.3],[50.9,54.4],[51.2,54.7],[53.1,54.3],[53,54.2],[53.1,54.1],[53.5,54],[54.1,53.4],[54.9,53.2],[55.2,52.8],[55.4,52.8],[55.3,52.6],[55.5,52.6],[55.5,52.4],[55.9,52.4],[56.1,52.6],[56.4,52.5],[56.5,52.3],[56.2,52.1],[56.6,52.1],[56.6,51.8],[56.8,51.6],[56.9,51.6],[56.8,51.8],[57.2,51.6],[57.7,51.8],[58.5,51.8],[58.7,52],[58.6,52.2],[58.9,52.3],[58.8,52.4]]]}},{"type":"Feature","properties":{"code":"RU-FE","name":"Russian Federation (Far East)","country_code":"RU","country":"Russian Federation","region":"Far East","level":"subnational"},"geometry":{"type":"MultiPolygon","coordinates":[[[[131.9,43],[131.8,43],[131.8,43],[131.9,43],[131.9,43]]],[[[146.7,43.7],[146.6,43.8],[146.9,43.8],[146.9,43.8],[146.7,43.7]]],[[[146.1,44.5],[146.6,44.4],[145.9,44.1],[145.6,43.7],[145.4,43.7],[146.1,44.5]]],[[[148.8,45.3],[147.6,45],[147.2,44.5],[146.8,44.4],[147.1,44.7],[147.1,44.8],[147.9,45.2],[147.9,45.4],[148,45.3],[148.3,45.3],[148.8,45.5],[148.8,45.3]]],[[[150.1,45.8],[149.7,45.6],[149.4,45.6],[149.9,46],[150.5,46.2],[150.1,45.8]]],[[[152.2,47.2],[152,46.9],[151.7,46.8],[151.7,46.9],[152.2,47.2]]],[[[154,48.7],[154.1,48.9],[154.2,48.9],[154.2,48.8],[154,48.7]]],[[[154.5,49.2],[154.6,49.1],[154.6,49.1],[154.5,49.1],[154.5,49.2]]],[[[154.7,49.3],[154.6,49.4],[154.9,49.6],[154.8,49.3],[154.7,49.3]]],[[[155.8,50.2],[155.2,50.1],[155.2,50.3],[155.7,50.4],[156.1,50.8],[156.2,50.5],[155.8,50.2]]],[[[156.4,50.7],[156.2,50.7],[156.2,50.7],[156.5,50.9],[156.4,50.7]]],[[[155.6,50.8],[155.5,50.8],[155.4,50.9],[155.6,50.9],[155.6,50.8]]],[[[142.8,54.3],[143,54.1],[142.9,53.8],[143.3,52.9],[143.3,52.5],[143.2,52.3],[143.3,52.6],[143.2,52.4],[143.1,52],[143.3,51.7],[143.2,51.5],[143.4,51.6],[143.4,51.5],[143.4,51.3],[143.5,51.3],[143.8,50.3],[144.7,48.6],[144,49.3],[143.3,49.4],[143.7,49.3],[143,49.2],[142.5,47.8],[143,47.2],[143.2,46.7],[143.5,46.8],[143.6,46.4],[143.4,46],[143.4,46.6],[142.6,46.7],[142.1,45.9],[141.8,46.6],[142.1,47.1],[142,47.6],[142.2,48],[141.9,48.8],[142.1,49.6],[142,50.5],[142.3,51.1],[141.6,51.9],[141.6,52.3],[141.9,53],[141.8,53.4],[142.2,53.5],[142.4,53.4],[142.7,53.5],[142.5,53.7],[142.7,53.6],[142.8,53.8],[142.6,53.7],[142.7,53.9],[142.4,54.2],[142.6,54.3],[142.7,54.4],[142.8,54.3]]],[[[137.8,54.4],[137.7,54.4],[137.9,54.5],[137.9,54.5],[137.8,54.4]]],[[[137.6,54.4],[137.5,54.5],[137.6,54.6],[137.6,54.5],[137.6,54.4]]],[[[137.2,55.1],[137,54.9],[136.7,54.9],[136.8,55],[137.2,55.1]]],[[[138,54.9],[137.7,54.6],[137.5,54.9],[137.2,54.8],[137.6,55.2],[138.2,55.1],[138,54.9]]],[[[141.1,62.4],[141.9,62],[142.2,62.1],[142.4,61.9],[143,61.9],[143.2,62.1],[143.6,62],[143.6,61.9],[143.9,62],[144,61.7],[144.8,62.1],[146.2,61.9],[146.6,61.6],[146.7,61],[146.5,60.9],[146.4,60.7],[146,60.7],[145.5,60.4],[145.8,60.2],[146.4,60.3],[146.8,59.9],[147,59.9],[147.1,59.4],[146.5,59.5],[146.3,59.4],[146.3,59.2],[146,59.1],[145.8,59.3],[145.9,59.4],[145.7,59.4],[143.2,59.4],[142.3,59.1],[141.6,58.6],[140.8,58.3],[140.5,57.8],[138.7,57],[137.7,56.2],[135.2,54.9],[135.3,54.7],[135.7,54.6],[136.8,54.7],[136.8,54.1],[136.7,53.9],[136.8,53.8],[137.2,53.8],[137.3,54],[137.1,54.1],[137.2,54.2],[137.7,54.3],[137.3,54.1],[137.9,54],[137.2,53.6],[137.3,53.5],[137.9,53.6],[138.6,54],[138.6,53.8],[138.2,53.6],[138.4,53.5],[138.8,54],[138.7,54.3],[139.3,54.2],[139.8,54.3],[140.2,54],[140.3,53.9],[140.6,53.6],[141.4,53.3],[141.4,53.2],[141.2,53],[140.7,53.1],[141.2,52.8],[141.3,52.7],[141.1,52.4],[141.5,52.2],[141.3,52],[141.4,51.9],[140.7,51.3],[140.7,50.9],[140.5,50.7],[140.5,50.2],[140.7,50.1],[140.4,49.9],[140.6,49.6],[140.3,49.3],[140.4,49],[140.2,48.5],[139.3,47.8],[138.6,47],[138.1,46.2],[135.9,44.4],[135.1,43.5],[133.9,42.9],[133.2,42.7],[132.5,42.9],[132.3,42.8],[132.4,43.3],[131.9,43.1],[131.8,43.1],[132.1,43.3],[131.8,43.3],[131.2,42.6],[130.7,42.7],[130.9,42.5],[130.7,42.3],[130.4,42.7],[131.1,42.9],[131.3,43.4],[131.2,43.5],[131.3,44.1],[131,44.8],[131.5,45],[131.9,45.3],[132.9,45],[133.1,45.1],[133.1,45.5],[133.5,45.6],[133.5,45.8],[133.9,46.3],[133.8,46.5],[134.2,47.1],[134.2,47.3],[134.8,47.7],[134.6,48],[134.7,48.3],[134.4,48.4],[133.5,48.1],[133.1,48.1],[132.5,47.7],[131,47.7],[130.7,48.1],[130.8,48.3],[130.5,48.6],[130.7,48.9],[130.2,48.9],[129.5,49.4],[129.1,49.3],[128.7,49.6],[127.8,49.6],[127.5,49.8],[127.6,50.2],[127.3,50.3],[127.3,50.7],[126.9,51.1],[127,51.3],[126.8,51.3],[126.9,51.4],[126.4,52],[126.6,52.1],[126,52.6],[126.1,52.8],[125.2,53.2],[124.5,53.2],[123.6,53.5],[122,53.4],[121.9,53.8],[121.6,54.1],[121.7,54.4],[122.1,54.4],[121.9,54.6],[121.9,54.8],[121.7,54.7],[121.9,55],[122,55.5],[121.8,55.6],[121.3,55.5],[121.2,56],[120.2,55.9],[120,56.1],[120.5,56.3],[119.7,56.8],[120.3,57],[121.4,57],[121.7,56.7],[122.2,56.7],[122.6,56.5],[123.9,56.4],[124.5,55.9],[125.8,55.8],[126.1,55.6],[127.2,55.7],[127.5,55.5],[127.7,55.7],[129,55.5],[129.1,55.7],[129.7,55.7],[130.9,55.7],[130.9,55.9],[131.1,56.4],[131.5,56.5],[131.7,56.5],[131.8,56.7],[131.1,57.2],[131.6,57.3],[131.7,57.6],[132,57.7],[131.5,58.2],[132.1,58.1],[132,58.1],[132.2,58.2],[132.2,58.5],[132.5,58.6],[132.6,58.9],[132.8,58.9],[132.8,59.1],[133.5,59.3],[135.2,59.1],[135.8,59.5],[136.7,59.3],[137.2,59.5],[137.6,59.7],[138,59.8],[138.2,59.7],[138.2,60.2],[138.4,60.7],[138.2,60.9],[138.3,61.1],[139.6,61.5],[140,62],[140.3,62.1],[140.3,62.4],[140.6,62.4],[140.7,62.6],[141.1,62.4]]]]}},{"type":"Feature","properties":{"code":"AU-QL","name":"Australia (Queensland)","country_code":"AU","country":"Australia","region":"Queensland","level":"subnational"},"geometry":{"type":"MultiPolygon","coordinates":[[[[153.5,-27.7],[153.4,-27.4],[153.5,-27.4],[153.5,-27.6],[153.5,-27.7]]],[[[153.4,-27.2],[153.4,-27.4],[153.4,-27.1],[153.5,-27],[153.4,-27.2]]],[[[153.1,-25.8],[152.9,-25.6],[153.3,-24.7],[153.4,-25],[153.1,-25.8]]],[[[151.3,-23.8],[151.1,-23.6],[151,-23.5],[151.2,-23.5],[151.3,-23.8]]],[[[146.3,-18.5],[146.2,-18.5],[146.1,-18.3],[146.3,-18.3],[146.3,-18.5]]],[[[139.6,-17.1],[139.4,-17.1],[139.4,-17.1],[139.5,-17],[139.6,-17.1]]],[[[139.7,-16.5],[139.5,-16.5],[139.1,-16.8],[139.3,-16.5],[139.7,-16.5]]],[[[142.5,-10.9],[142.8,-11.1],[142.9,-11.8],[143.2,-12],[143.1,-12.3],[143.4,-12.6],[143.5,-13.8],[143.8,-14.4],[144,-14.5],[144.5,-14.2],[144.7,-14.6],[145.3,-14.9],[145.4,-16.4],[145.8,-16.9],[146,-16.9],[145.9,-17.1],[146.1,-17.7],[146,-18.2],[146.2,-18.5],[146.3,-18.5],[146.3,-18.9],[147.1,-19.4],[147.4,-19.4],[147.4,-19.3],[147.7,-19.8],[147.8,-19.7],[148.4,-20.2],[148.5,-20.1],[148.8,-20.2],[148.9,-20.5],[148.8,-20.5],[148.7,-20.6],[149.2,-21.1],[149.7,-22.5],[149.8,-22.4],[150,-22.6],[149.9,-22.4],[150,-22.1],[150.6,-22.6],[150.6,-22.3],[150.8,-22.7],[150.9,-23.5],[151.5,-24.1],[151.7,-24],[152.1,-24.6],[152.5,-24.8],[152.7,-25.2],[152.9,-25.3],[152.9,-25.7],[153.2,-26],[153.1,-26.3],[153.2,-27.1],[153,-27.2],[153.4,-27.8],[153.4,-28.2],[153.1,-28.4],[152.5,-28.3],[152,-28.6],[152,-28.9],[151.6,-29],[151.4,-29.2],[151,-28.7],[150.3,-28.5],[149.5,-28.6],[149,-29],[141,-29],[141,-26],[138,-26],[138,-16.6],[139,-16.9],[139.3,-17.3],[140,-17.7],[140.8,-17.5],[141.3,-16.5],[141.7,-15],[141.5,-13.8],[141.7,-13.3],[141.6,-13],[141.8,-12.7],[141.9,-12.9],[141.7,-12.5],[141.6,-12.5],[141.8,-12],[142,-12.1],[142.1,-10.9],[142.4,-10.7],[142.6,-10.8],[142.5,-10.9]]],[[[142.2,-10.8],[142.1,-10.7],[142.2,-10.6],[142.3,-10.7],[142.2,-10.8]]],[[[142.3,-10.3],[142.2,-10.2],[142.2,-10.1],[142.3,-10.2],[142.3,-10.3]]]]}},{"type":"Feature","properties":{"code":"AU-NT","name":"Australia (Northern Territory)","country_code":"AU","country":"Australia","region":"Northern Territory","level":"subnational"},"geometry":{"type":"MultiPolygon","coordinates":[[[[137.1,-15.8],[136.9,-15.7],[137,-15.6],[137.1,-15.8],[137.1,-15.8]]],[[[136.5,-15.6],[136.5,-15.5],[136.6,-15.5],[136.6,-15.6],[136.5,-15.6]]],[[[136.3,-13.7],[136.2,-13.8],[136.1,-13.8],[136.2,-13.7],[136.3,-13.7]]],[[[136.7,-13.8],[136.9,-13.8],[136.7,-14.1],[137,-14.2],[136.9,-14.3],[136.4,-14.2],[136.5,-13.8],[136.7,-13.7],[136.7,-13.8]]],[[[136.2,-11.7],[136.3,-11.6],[136.5,-11.5],[136.5,-11.5],[136.2,-11.7]]],[[[130.5,-11.7],[130.6,-11.8],[130,-11.8],[130.3,-11.3],[130.5,-11.7]]],[[[130.6,-11.3],[131.2,-11.3],[131.2,-11.4],[131.3,-11.2],[131.5,-11.5],[131,-11.9],[130.5,-11.6],[130.4,-11.2],[130.6,-11.3]]],[[[132.1,-11.2],[132.2,-11.4],[132.1,-11.1],[132.3,-11.1],[132.7,-11.5],[132.9,-11.3],[133.2,-11.7],[133.5,-11.8],[133.9,-11.7],[133.8,-11.9],[134.1,-11.8],[134.2,-12.1],[134.8,-12],[135.2,-12.3],[135.9,-11.8],[135.7,-12.2],[135.7,-12.3],[136,-12.1],[136,-12.5],[136.3,-12.4],[136.4,-12.2],[136.2,-12.2],[136.6,-11.9],[136.7,-12.3],[136.8,-12.2],[137,-12.4],[136.6,-12.8],[136.5,-12.8],[136.5,-13.3],[136.4,-13.1],[135.9,-13.3],[135.8,-13.6],[136,-13.7],[135.9,-14.1],[135.4,-14.7],[135.5,-15],[136.2,-15.4],[136.3,-15.6],[137.7,-16.3],[138,-16.6],[138,-26],[129,-26],[129,-14.9],[129.2,-15],[129.2,-15.2],[129.2,-14.8],[129.7,-15.2],[129.6,-14.8],[129.8,-14.9],[129.9,-14.8],[129.7,-14.8],[129.6,-14.6],[129.8,-14.5],[129.5,-14.6],[129.4,-14.3],[129.7,-14],[129.8,-13.5],[130.3,-13.3],[130.1,-12.9],[130.5,-12.6],[130.6,-12.7],[130.7,-12.7],[130.6,-12.4],[130.9,-12.6],[130.8,-12.4],[131,-12.4],[131,-12.1],[131.5,-12.3],[132.4,-12.2],[132.4,-12.4],[132.4,-12.2],[132.7,-12.1],[132.6,-12],[132.7,-11.7],[132.5,-11.5],[132.1,-11.5],[131.8,-11.3],[132,-11.1],[132.1,-11.2]]],[[[132.6,-11.3],[132.5,-11.1],[132.6,-11],[132.6,-11.2],[132.6,-11.3]]],[[[136.5,-11.5],[136.5,-11.4],[136.8,-11],[136.7,-11.2],[136.5,-11.5]]]]}},{"type":"Feature","properties":{"code":"AU-WA","name":"Australia (Western Australia)","country_code":"AU","country":"Australia","region":"Western Australia","level":"subnational"},"geometry":{"type":"MultiPolygon","coordinates":[[[[113.2,-26.1],[113,-25.8],[113,-25.5],[113,-25.5],[113.2,-26.1]]],[[[115.5,-20.8],[115.4,-20.9],[115.3,-20.9],[115.4,-20.7],[115.5,-20.8]]],[[[124.6,-15.4],[124.5,-15.4],[124.5,-15.3],[124.6,-15.3],[124.6,-15.4]]],[[[125.1,-14.6],[125.1,-14.5],[125.2,-14.4],[125.2,-14.5],[125.1,-14.6]]],[[[127.1,-13.9],[127.4,-14],[128.2,-14.7],[128,-15.5],[128.1,-15.2],[128.3,-15.4],[128.2,-15.1],[128.3,-14.9],[128.4,-15],[128.4,-14.8],[129,-14.9],[129,-31.7],[127.3,-32.3],[126,-32.3],[124.7,-32.9],[124.3,-33],[123.7,-33.8],[123.2,-34],[123,-33.9],[122.1,-34],[122,-33.8],[121.4,-33.8],[119.8,-34],[119.3,-34.4],[118.9,-34.5],[118.3,-34.9],[117.8,-35],[117.9,-35.1],[116.5,-35],[116,-34.8],[115.5,-34.4],[115.1,-34.4],[115,-33.5],[115.4,-33.6],[115.7,-33.3],[115.6,-32.7],[115.6,-32.6],[115.7,-32.5],[115.7,-32.8],[115.7,-31.7],[115,-30.5],[114.9,-29.2],[114.2,-28.1],[113.9,-27.2],[113.2,-26.2],[113.3,-26],[113.6,-26.7],[113.9,-26.5],[113.4,-25.7],[113.5,-25.5],[113.7,-25.9],[113.7,-26.2],[113.9,-26],[114.1,-26.5],[114.2,-26.3],[114.3,-25.8],[113.4,-24.4],[113.5,-23.8],[113.8,-23.5],[113.8,-22.9],[113.7,-22.6],[113.9,-22],[114.2,-21.8],[114.2,-22.5],[114.4,-22.4],[114.7,-21.8],[115.5,-21.5],[116.7,-20.6],[117.7,-20.7],[118.2,-20.3],[118.8,-20.3],[119.1,-20],[119.6,-20.1],[121,-19.6],[121.5,-19.1],[121.8,-18.5],[122.3,-18.1],[122.2,-17.2],[122.8,-16.8],[122.9,-16.4],[123.1,-16.5],[123,-16.6],[123.6,-17.6],[123.6,-17],[123.7,-17],[123.9,-17.2],[123.9,-17.2],[123.8,-17],[123.9,-16.9],[123.4,-16.5],[123.7,-16.4],[123.6,-16.2],[123.7,-16.1],[123.9,-16.4],[124,-16.2],[124.2,-16.4],[124.9,-16.4],[124.4,-16.3],[124.7,-15.8],[124.4,-15.9],[124.5,-15.5],[124.7,-15.5],[124.7,-15.3],[125.2,-15.5],[125.1,-15.3],[124.9,-15.3],[125,-15.2],[124.8,-15.2],[125.1,-15],[125.2,-15.2],[125.2,-15],[125.3,-15.2],[125.4,-15.1],[125.1,-14.7],[125.3,-14.5],[125.6,-14.5],[125.6,-14.2],[125.7,-14.3],[125.6,-14.6],[125.7,-14.4],[125.9,-14.6],[126,-14.5],[126.1,-14.1],[126,-13.9],[126.2,-14],[126.3,-14.2],[126.5,-14],[126.6,-14.2],[126.7,-13.8],[127,-13.7],[127.1,-13.9]]]]}},{"type":"Feature","properties":{"code":"AU-NW","name":"Australia (New South Wales)","country_code":"AU","country":"Australia","region":"New South Wales","level":"subnational"},"geometry":{"type":"Polygon","coordinates":[[[150,-37.5],[148.1,-36.8],[148.2,-36.6],[147.9,-36],[146.9,-36.1],[145.8,-36],[145.5,-35.8],[145,-35.9],[144.9,-36.1],[144.7,-36.1],[143.6,-35.4],[143.4,-35.1],[143.3,-34.8],[142.8,-34.6],[142.6,-34.8],[142.2,-34.2],[142,-34.1],[141.5,-34.2],[141,-34],[141,-29],[149,-29],[149.5,-28.6],[150.3,-28.5],[151,-28.7],[151.4,-29.2],[151.6,-29],[152,-28.9],[152,-28.6],[152.5,-28.3],[153.1,-28.4],[153.6,-28.2],[153.6,-28.9],[153.3,-29.3],[152.8,-31.7],[152.5,-32.1],[152.5,-32.4],[151.5,-33.3],[151.3,-34],[150.9,-34.3],[150.7,-34.9],[150.8,-35.1],[150.7,-35],[150.2,-35.9],[149.9,-36.9],[150,-37.5]],[[149.4,-35.3],[149.1,-35.2],[148.8,-35.3],[148.8,-35.7],[148.9,-35.9],[149.1,-35.9],[149.2,-35.4],[149.4,-35.3]]]}},{"type":"Feature","properties":{"code":"AU-AS01","name":"Australia (Australian Capital Territory)","country_code":"AU","country":"Australia","region":"Australian Capital Territory","level":"subnational"},"geometry":{"type":"Polygon","coordinates":[[[149.4,-35.3],[149.2,-35.4],[149.1,-35.9],[148.9,-35.9],[148.8,-35.7],[148.8,-35.3],[149.1,-35.2],[149.4,-35.3]]]}},{"type":"Feature","properties":{"code":"AU-SA","name":"Australia (South Australia)","country_code":"AU","country":"Australia","region":"South Australia","level":"subnational"},"geometry":{"type":"MultiPolygon","coordinates":[[[[137.6,-35.7],[138.1,-35.9],[137.8,-35.9],[137.5,-36.1],[136.7,-36.1],[136.5,-35.9],[136.6,-35.8],[137.6,-35.7]]],[[[141,-26],[141,-38.1],[140.5,-38],[139.8,-37.2],[139.8,-36.6],[139.1,-35.7],[139.7,-36.2],[139.1,-35.6],[139.2,-35.5],[139.3,-35.7],[139.4,-35.4],[139.2,-35.3],[139,-35.4],[139,-35.6],[138.5,-35.7],[138.1,-35.6],[138.4,-35.3],[138.5,-35],[138.5,-34.7],[138.1,-34.1],[137.7,-35.1],[136.8,-35.3],[137,-34.9],[137.4,-34.9],[137.5,-34.2],[137.9,-33.6],[137.8,-33.3],[138,-33.1],[137.8,-32.5],[137.8,-33],[137.5,-33.1],[137.2,-33.7],[136.4,-34],[135.9,-34.5],[135.8,-34.8],[136,-34.7],[136,-35],[135.1,-34.6],[135.2,-34.4],[135.3,-34.6],[135.5,-34.6],[135.3,-34],[134.8,-33.6],[134.7,-33.2],[134.3,-33.1],[134.1,-32.7],[134.2,-32.8],[134.3,-32.6],[134.1,-32.5],[133.9,-32.5],[134,-32.4],[133.7,-32.1],[133.2,-32.2],[132.6,-31.9],[132.2,-32],[131.1,-31.5],[129,-31.7],[129,-26],[141,-26]]]]}},{"type":"Feature","properties":{"code":"AU-VI","name":"Australia (Victoria)","country_code":"AU","country":"Australia","region":"Victoria","level":"subnational"},"geometry":{"type":"MultiPolygon","coordinates":[[[[145.3,-38.5],[145.4,-38.6],[145.1,-38.5],[145.2,-38.5],[145.3,-38.5]]],[[[145.5,-38.4],[145.4,-38.4],[145.3,-38.4],[145.3,-38.3],[145.5,-38.4]]],[[[141,-34.1],[141.5,-34.2],[142,-34.1],[142.2,-34.2],[142.6,-34.8],[142.8,-34.6],[143.3,-34.8],[143.4,-35.1],[143.6,-35.4],[144.7,-36.1],[144.9,-36.1],[145,-35.9],[145.5,-35.8],[145.8,-36],[146.9,-36.1],[147.9,-36],[148.2,-36.6],[148.1,-36.8],[150,-37.5],[149.5,-37.8],[147.8,-38],[146.9,-38.7],[146.2,-38.7],[146.3,-38.9],[146.5,-38.8],[146.4,-39.1],[146.1,-38.8],[145.9,-38.9],[145.8,-38.7],[145.4,-38.5],[145.6,-38.4],[145.4,-38.2],[145.3,-38.2],[144.9,-38.5],[144.8,-38.4],[145.1,-38.1],[144.9,-37.9],[144.4,-38.1],[144.7,-38.1],[144.7,-38.3],[144.4,-38.3],[143.5,-38.9],[142.4,-38.4],[141.8,-38.3],[141.5,-38.4],[141,-38.1],[141,-34.1]]]]}},{"type":"Feature","properties":{"code":"AU-TA","name":"Australia (Tasmania)","country_code":"AU","country":"Australia","region":"Tasmania","level":"subnational"},"geometry":{"type":"MultiPolygon","coordinates":[[[[158.9,-54.7],[158.8,-54.8],[159,-54.5],[158.9,-54.6],[158.9,-54.7]]],[[[147.4,-43.4],[147.3,-43.5],[147.1,-43.4],[147.3,-43.3],[147.4,-43.4]]],[[[147.4,-43.3],[147.3,-43.2],[147.4,-43.1],[147.4,-43.1],[147.4,-43.3]]],[[[148.2,-42.7],[148.1,-42.7],[148,-42.8],[148,-42.6],[148.2,-42.7]]],[[[145.1,-40.8],[146.6,-41.2],[148,-40.7],[148.2,-40.8],[148.4,-42.2],[148.2,-41.9],[147.8,-42.9],[148,-42.9],[148,-43.2],[147.8,-43.2],[147.6,-43.1],[147.7,-42.9],[147.9,-43],[147.8,-42.9],[147.6,-42.8],[147.4,-43],[147.3,-42.8],[147.2,-43.3],[147,-43.1],[147.1,-43.3],[146.9,-43.6],[146,-43.5],[145.9,-43.4],[146.2,-43.3],[145.8,-43.3],[145.5,-42.9],[145.2,-42.3],[145.5,-42.5],[145.6,-42.4],[145.3,-42.2],[144.7,-41.2],[144.7,-40.8],[145.1,-40.8]]],[[[144.9,-40.7],[144.9,-40.7],[144.9,-40.6],[145,-40.7],[144.9,-40.7]]],[[[148.4,-40.3],[148.5,-40.4],[148.3,-40.5],[148,-40.4],[148.4,-40.3]]],[[[148.2,-40.3],[147.8,-39.9],[147.9,-39.8],[148.3,-40],[148.3,-40.2],[148.2,-40.3]]],[[[144,-40.1],[143.8,-39.9],[144,-39.6],[144.1,-39.9],[144,-40.1]]]]}},{"type":"Feature","properties":{"code":"US-AK","name":"United States (Alaska)","country_code":"US","country":"United States","region":"Alaska","level":"subnational"},"geometry":{"type":"MultiPolygon","coordinates":[[[[179,51.6],[179.3,51.4],[179.5,51.4],[179.3,51.3],[178.6,51.6],[179,51.6]]],[[[-176.3,51.7],[-176.4,51.7],[-176.4,51.9],[-176.3,51.9],[-176.3,51.7]]],[[[-176,51.8],[-176.1,51.8],[-176.2,51.8],[-176.2,51.9],[-176,51.8]]],[[[-177.8,51.7],[-177.9,51.6],[-178.1,51.7],[-178,51.8],[-178.2,51.9],[-177.9,51.9],[-177.8,51.7]]],[[[-177.1,51.8],[-177.3,51.7],[-177.7,51.7],[-177.2,51.9],[-177.1,51.8]]],[[[-176.5,51.9],[-176.6,51.9],[-176.4,51.7],[-177,51.6],[-176.8,51.9],[-176.5,51.9]]],[[[178.5,51.9],[178.5,51.9],[178.5,52],[178.6,51.9],[178.5,51.9]]],[[[179.7,51.9],[179.5,51.9],[179.5,52],[179.7,52],[179.7,51.9]]],[[[-176,52],[-176.2,52],[-176.2,52.1],[-176,52.1],[-176,52]]],[[[177.7,52.1],[177.6,51.9],[177.2,51.9],[177.6,52.1],[177.7,52.1]]],[[[-173.5,52.1],[-173.5,52.1],[-173,52.1],[-173.5,52],[-174.1,52.1],[-173.5,52.1]]],[[[-172.5,52.3],[-172.6,52.3],[-172.3,52.3],[-172.3,52.3],[-172.5,52.3]]],[[[-174,52.3],[-174.4,52],[-175.3,52],[-174.3,52.2],[-174.4,52.3],[-174.2,52.4],[-174,52.3]]],[[[173.8,52.5],[173.7,52.4],[173.4,52.4],[173.6,52.5],[173.8,52.5]]],[[[-170.6,52.6],[-170.8,52.5],[-170.8,52.6],[-170.7,52.7],[-170.6,52.6]]],[[[-169.7,52.8],[-169.7,52.8],[-170,52.8],[-169.8,52.9],[-169.7,52.8]]],[[[173.3,52.9],[173.4,52.8],[172.9,52.7],[172.5,52.9],[172.8,53],[173.3,52.9]]],[[[-168.2,53.3],[-168.5,53],[-169.1,52.8],[-168.6,53.3],[-168.4,53.3],[-168.4,53.5],[-167.8,53.5],[-168.2,53.3]]],[[[-166.2,53.7],[-166.3,53.8],[-166.1,53.8],[-166.1,53.8],[-166.2,53.7]]],[[[-166.6,53.9],[-166.2,53.9],[-166.6,53.7],[-166.3,53.7],[-166.8,53.4],[-167.8,53.3],[-167.2,53.5],[-167,53.7],[-166.8,53.6],[-167.2,53.8],[-167,54],[-166.7,54],[-166.6,53.9]]],[[[-164.9,54.1],[-165.1,54.1],[-165.2,54.1],[-165.1,54.1],[-164.9,54.1]]],[[[-165.7,54.1],[-166,54],[-166.1,54.1],[-165.9,54.2],[-165.7,54.1]]],[[[-165.6,54.1],[-165.7,54.2],[-165.6,54.3],[-165.5,54.3],[-165.6,54.1]]],[[[-162.5,54.4],[-162.8,54.4],[-162.8,54.5],[-162.6,54.5],[-162.5,54.4]]],[[[-132.6,54.8],[-132.8,54.9],[-132.8,54.9],[-132.6,54.9],[-132.6,54.8]]],[[[-162.3,54.8],[-162.4,54.9],[-162.4,54.9],[-162.2,55],[-162.3,54.8]]],[[[-131.2,54.9],[-131.3,54.9],[-131.5,54.9],[-131.3,55],[-131.2,54.9]]],[[[-163.4,54.9],[-163.4,54.8],[-163.1,54.7],[-164.1,54.6],[-164.7,54.4],[-165,54.6],[-164.4,54.9],[-163.8,55.1],[-163.4,54.9]]],[[[-159.4,54.9],[-159.5,55],[-159.4,55.1],[-159.3,55],[-159.4,54.9]]],[[[-161.6,55.1],[-161.8,55.1],[-161.9,55.2],[-161.7,55.2],[-161.6,55.1]]],[[[-132.7,55],[-132.9,55],[-132.9,55.2],[-132.7,55.1],[-132.7,55]]],[[[-159.5,55.1],[-159.7,55.1],[-159.5,55.2],[-159.5,55.2],[-159.5,55.1]]],[[[-132.7,54.7],[-133.1,54.9],[-133.2,55.2],[-133.1,55.2],[-132.7,54.7]]],[[[-131.4,55.2],[-131.4,55],[-131.6,55],[-131.6,55.3],[-131.4,55.2]]],[[[-159.8,55.1],[-160.2,54.9],[-160.2,54.9],[-160.2,55.1],[-159.9,55.3],[-159.8,55.1]]],[[[-133.2,55.2],[-133.4,55.2],[-133.4,55.3],[-133.3,55.3],[-133.2,55.2]]],[[[-160.3,55.3],[-160.3,55.2],[-160.5,55.3],[-160.3,55.4],[-160.3,55.3]]],[[[-160.7,55.4],[-160.5,55.4],[-160.6,55.2],[-160.5,55.2],[-160.8,55.1],[-160.8,55.3],[-160.7,55.4]]],[[[-131.7,55.1],[-131.8,55.2],[-131.8,55.4],[-131.6,55.3],[-131.7,55.1]]],[[[-133.6,55.2],[-133.7,55.4],[-133.4,55.4],[-133.4,55.4],[-133.6,55.2]]],[[[-160.2,55.4],[-160.3,55.4],[-160.3,55.4],[-160.2,55.5],[-160.2,55.4]]],[[[-133.5,55.4],[-133.6,55.4],[-133.4,55.5],[-133.4,55.4],[-133.5,55.4]]],[[[-133.6,55.5],[-133.6,55.4],[-133.8,55.5],[-133.7,55.6],[-133.6,55.5]]],[[[-133.3,55.5],[-133.3,55.4],[-133.4,55.5],[-133.3,55.6],[-133.3,55.5]]],[[[-133.5,55.7],[-133.7,55.8],[-133.3,55.8],[-133.3,55.8],[-133.5,55.7]]],[[[-158.9,55.8],[-158.8,55.9],[-158.7,55.8],[-158.7,55.8],[-158.9,55.8]]],[[[-133.2,55.8],[-133.3,55.8],[-133.3,55.9],[-133.2,55.9],[-133.2,55.8]]],[[[-155.6,55.8],[-155.7,55.8],[-155.7,55.8],[-155.6,55.9],[-155.6,55.8]]],[[[-134.2,55.8],[-134.3,55.9],[-134.1,55.9],[-134.1,55.9],[-134.2,55.8]]],[[[-131.1,55.8],[-130.9,55.6],[-131.1,55.2],[-131.3,55.2],[-131.2,55.4],[-131.5,55.3],[-131.3,55.4],[-131.3,55.6],[-131.3,55.4],[-131.5,55.3],[-131.4,55.5],[-131.5,55.5],[-131.5,55.3],[-131.8,55.5],[-131.7,55.8],[-131.3,56],[-131.1,55.8]]],[[[-133.6,55.9],[-133.8,55.9],[-133.3,56.1],[-133.4,56],[-133.6,55.9]]],[[[-133.5,56.3],[-133.2,56.3],[-133.1,56.1],[-132.6,55.9],[-132.1,55.5],[-132.6,55.6],[-132.1,55.3],[-132.2,55.2],[-132,55.3],[-132.2,55],[-132,55],[-132,54.7],[-132.6,54.9],[-132.5,55.1],[-132.7,55.2],[-132.7,55.1],[-133.2,55.3],[-133.2,55.4],[-132.9,55.4],[-133.1,55.5],[-132.9,55.6],[-133.4,55.6],[-133.1,55.9],[-133.3,56.2],[-133.6,56.2],[-133.5,56.3]]],[[[-132.1,56.1],[-132.1,55.9],[-132.3,55.9],[-132.7,56.2],[-132.4,56.4],[-132.4,56.2],[-132.1,56.1]]],[[[-132.8,56.2],[-133.1,56.3],[-132.6,56.4],[-132.6,56.3],[-132.8,56.2]]],[[[-132.1,56.3],[-131.9,56.2],[-132.1,56.1],[-132.3,56.3],[-132.4,56.5],[-132.1,56.3]]],[[[-154,56.5],[-154.1,56.5],[-154.1,56.5],[-153.9,56.6],[-154,56.5]]],[[[-157,56.6],[-157,56.5],[-157.3,56.5],[-157.3,56.6],[-157,56.6]]],[[[-154.5,56.6],[-154.4,56.6],[-154.4,56.5],[-154.8,56.4],[-154.5,56.6]]],[[[-154.2,56.5],[-154.4,56.5],[-154.1,56.6],[-154.1,56.5],[-154.2,56.5]]],[[[-169.7,56.6],[-169.5,56.6],[-169.5,56.6],[-169.8,56.6],[-169.7,56.6]]],[[[-132.8,56.5],[-132.9,56.5],[-132.9,56.8],[-132.5,56.6],[-132.8,56.5]]],[[[-134,56.9],[-133.9,56.7],[-134,56.6],[-133.8,56.8],[-133.7,56.6],[-133.9,56.6],[-133.8,56.3],[-134,56.4],[-134,56.1],[-134.1,56.3],[-134.1,56],[-134.3,56.3],[-134,56.4],[-134.1,56.5],[-134.3,56.6],[-134.4,56.8],[-134,56.9]]],[[[-133.4,57],[-133,56.9],[-132.9,56.6],[-133.3,56.8],[-133.1,56.5],[-133.6,56.4],[-133.7,56.8],[-133.9,56.9],[-133.7,56.9],[-134,57],[-133.4,57]]],[[[-153.2,57],[-153.4,57.1],[-153.3,57.2],[-152.9,57.1],[-153.2,57]]],[[[-170.2,57.2],[-170.3,57.1],[-170.4,57.2],[-170.2,57.2],[-170.2,57.2]]],[[[-135.8,57],[-135.7,57.2],[-135.8,57.3],[-135.7,57.3],[-135.5,57.1],[-135.8,57]]],[[[-134.8,57.3],[-134.9,57.3],[-135,57.4],[-134.8,57.4],[-134.8,57.3]]],[[[-134.9,57.4],[-134.6,56.7],[-134.7,56.2],[-135,56.5],[-134.8,56.7],[-135.1,56.6],[-135.1,56.8],[-135.4,56.8],[-135.3,57.2],[-135.7,57.3],[-135.4,57.6],[-134.9,57.4]]],[[[-153.2,57.8],[-153.5,57.9],[-153.5,58],[-153.3,57.9],[-153.2,57.8]]],[[[-153.1,57.9],[-152.8,57.9],[-152.9,57.8],[-152.9,57.7],[-152.5,57.9],[-152.3,57.8],[-152.6,57.7],[-152.2,57.6],[-152.4,57.4],[-152.7,57.5],[-153,57.5],[-152.6,57.4],[-153.2,57.3],[-153,57.3],[-153.3,57.2],[-153.5,57.1],[-153.7,57.1],[-153.6,57],[-154,56.7],[-154.1,56.7],[-153.7,57.1],[-154.1,57],[-154,57.1],[-154.1,57.1],[-154.5,57.1],[-154.1,57.1],[-154.3,56.8],[-154.6,57.3],[-154.8,57.3],[-154.2,57.7],[-154,57.6],[-153.9,57.4],[-153.8,57.3],[-153.6,57.3],[-153.9,57.6],[-153.6,57.6],[-153.9,57.8],[-153.6,57.9],[-153.5,57.6],[-153.3,57.7],[-153.5,57.8],[-153.2,57.8],[-153.1,57.8],[-153.3,58],[-153.1,57.9]]],[[[-136.4,57.9],[-136.5,58],[-136.5,58.1],[-136.3,58],[-136.4,57.9]]],[[[-153.2,58.1],[-153.1,58],[-152.9,58],[-153.4,58.1],[-153.2,58.1]]],[[[-135.7,58.3],[-135.5,58.2],[-135.7,58],[-135.4,58.1],[-134.9,58],[-135,57.9],[-135.2,57.9],[-135,57.8],[-135.1,57.8],[-135.9,58],[-135.3,57.7],[-134.9,57.8],[-134.9,57.5],[-135.8,57.8],[-135.5,57.5],[-135.8,57.4],[-136.1,57.6],[-136,57.6],[-136.4,57.8],[-136.3,58],[-136,57.8],[-136.4,58.1],[-136.3,58.2],[-136.2,58.1],[-136.1,58.2],[-135.7,58.3]]],[[[-134.5,58.3],[-134.3,58.2],[-134.7,58.3],[-134.6,58.3],[-134.5,58.3]]],[[[-134.7,58.2],[-134.2,58.2],[-133.9,57.7],[-134.3,58.1],[-134.3,57.9],[-133.9,57.5],[-134.1,57.5],[-133.9,57.4],[-134.2,57.4],[-134.1,57.3],[-134.5,57],[-134.6,57.2],[-134.3,57.3],[-134.6,57.5],[-134.4,57.5],[-134.7,57.6],[-135,58.4],[-134.7,58.2]]],[[[-152.5,58.5],[-152,58.2],[-152.3,58.3],[-152.3,58.1],[-152.8,58],[-153.2,58.2],[-152.9,58.2],[-153.1,58.3],[-152.5,58.5]]],[[[-152.5,58.5],[-152.7,58.5],[-152.3,58.6],[-152.3,58.6],[-152.5,58.5]]],[[[-161,58.6],[-161.1,58.7],[-160.7,58.8],[-160.9,58.6],[-161,58.6]]],[[[-150.7,59.3],[-150.8,59.3],[-150.6,59.4],[-150.6,59.4],[-150.7,59.3]]],[[[-153.4,59.3],[-153.5,59.3],[-153.6,59.4],[-153.4,59.4],[-153.4,59.3]]],[[[-144.6,59.8],[-144.6,59.8],[-144.4,59.9],[-144.2,60],[-144.6,59.8]]],[[[-148,59.9],[-147.9,60.1],[-147.8,60.1],[-147.9,60],[-148,59.9]]],[[[-147.9,60.1],[-148.1,60],[-148.1,60],[-148,60.2],[-147.9,60.1]]],[[[-148.2,60],[-148.3,60.1],[-148,60.2],[-148.1,60.1],[-148.2,60]]],[[[-147.8,59.8],[-147.2,60.4],[-146.9,60.3],[-147.5,59.9],[-147.8,59.8]]],[[[-148.1,60.3],[-148.1,60.3],[-148,60.4],[-148,60.3],[-148.1,60.3]]],[[[-145.1,60.3],[-145.2,60.3],[-145.3,60.3],[-145.1,60.4],[-145.1,60.3]]],[[[-166.1,60.4],[-165.7,60.3],[-165.6,59.9],[-166.2,59.9],[-166.2,59.8],[-167.4,60.2],[-166.1,60.4]]],[[[-146.4,60.4],[-146.1,60.4],[-146.6,60.2],[-146.5,60.4],[-146.7,60.4],[-146.4,60.4]]],[[[-147.7,60.4],[-147.6,60.4],[-147.8,60.2],[-147.9,60.2],[-147.8,60.5],[-147.6,60.5],[-147.7,60.4]]],[[[-172.5,60.4],[-172.2,60.3],[-173.1,60.5],[-172.9,60.6],[-172.5,60.4]]],[[[-146.2,60.5],[-146.3,60.5],[-145.8,60.6],[-146.1,60.5],[-146.2,60.5]]],[[[-148.1,60.7],[-148.2,60.7],[-148.2,60.8],[-148.1,60.7],[-148.1,60.7]]],[[[-147.9,60.8],[-148.1,60.8],[-148.1,60.8],[-148,60.9],[-147.9,60.8]]],[[[-162.4,63.5],[-162.6,63.5],[-162.7,63.6],[-162.4,63.6],[-162.4,63.5]]],[[[-171.5,63.6],[-170.3,63.7],[-169.5,63.4],[-168.7,63.3],[-168.9,63.2],[-169.3,63.2],[-169.7,62.9],[-169.8,63.1],[-170.6,63.4],[-171,63.4],[-170.8,63.4],[-170.6,63.4],[-170.5,63.4],[-170.5,63.3],[-170.4,63.3],[-170.4,63.3],[-170.3,63.3],[-170.3,63.3],[-170.3,63.2],[-171,63.4],[-171.5,63.3],[-171.9,63.5],[-171.7,63.8],[-171.5,63.6]]],[[[-166.6,66.1],[-166.7,66.1],[-166.2,66.2],[-166.6,66.1],[-166.6,66.1]]],[[[-165.4,66.4],[-165.5,66.4],[-164.8,66.5],[-164.9,66.5],[-165.4,66.4]]],[[[-156.5,71.3],[-155.6,71.2],[-156.2,70.9],[-156,70.9],[-156,70.8],[-155.1,71.1],[-155.1,71],[-154.8,71.1],[-154.6,71],[-154.6,70.8],[-154.2,70.8],[-153.2,70.9],[-152.3,70.8],[-152.5,70.6],[-152.1,70.6],[-152.6,70.6],[-151.7,70.6],[-152,70.4],[-149.2,70.5],[-145,70],[-143.2,70.1],[-141,69.6],[-141,60.3],[-140,60.2],[-139.1,60.3],[-139.2,60.1],[-137.6,59.2],[-137.5,58.9],[-136.8,59.2],[-136.6,59.2],[-136.5,59.5],[-136.2,59.5],[-136.3,59.6],[-135.5,59.8],[-135,59.6],[-135.1,59.4],[-135,59.3],[-133.4,58.5],[-132.2,57.2],[-132.3,57.1],[-132,57],[-132.1,56.9],[-131.9,56.8],[-131.8,56.6],[-130.1,56.1],[-130,55.9],[-130.2,55.8],[-130,55.3],[-130.5,54.8],[-130.7,54.8],[-130.7,55],[-130.9,54.8],[-131,55.1],[-130.7,55.1],[-130.5,55.3],[-130.7,55.1],[-131.1,55.1],[-130.9,55.3],[-130.6,55.3],[-130.9,55.3],[-130.9,55.7],[-131.2,55.9],[-131,56.1],[-131.9,55.9],[-131.8,55.8],[-132,55.5],[-132.2,55.6],[-132.2,55.7],[-131.9,56],[-132,56.2],[-131.8,56.2],[-132.3,56.5],[-132.3,56.6],[-132.6,56.6],[-132.4,56.8],[-132.8,56.8],[-132.8,57.1],[-133.5,57.2],[-133.1,57.3],[-133.4,57.4],[-133.5,57.5],[-133.3,57.6],[-133.6,57.6],[-133.6,57.7],[-133,57.5],[-133.5,57.7],[-133.5,57.9],[-133.1,57.9],[-133.6,57.9],[-133.7,57.8],[-133.8,58],[-133.7,58.1],[-133.9,58],[-134.1,58.1],[-134,58.4],[-133.8,58.5],[-134,58.5],[-134.1,58.2],[-134.5,58.4],[-134.8,58.4],[-135,58.8],[-135.1,58.8],[-135.3,59.5],[-135.5,59.3],[-135.3,59.1],[-135.5,59.2],[-135.1,58.2],[-135.3,58.2],[-135.5,58.5],[-135.9,58.4],[-135.8,58.5],[-136.1,58.8],[-135.8,58.9],[-136.2,59],[-136.1,58.9],[-136.2,58.8],[-137.1,59.1],[-137,59],[-137.1,58.8],[-136.6,58.8],[-136.3,58.7],[-136.5,58.6],[-136.3,58.6],[-136,58.4],[-136.5,58.4],[-136.4,58.3],[-136.6,58.3],[-136.7,58.2],[-138.6,59.1],[-138.4,59.2],[-139.7,59.5],[-139.5,60],[-139.3,59.9],[-139.3,59.6],[-139.3,59.8],[-138.9,59.8],[-139.5,60],[-140.4,59.7],[-141.4,59.9],[-141.3,60],[-141.4,60.1],[-141.7,60],[-142.7,60.1],[-143.9,60],[-144.9,60.3],[-144.6,60.7],[-145.3,60.4],[-145.9,60.5],[-145.6,60.7],[-146.3,60.7],[-146,60.8],[-146.6,60.7],[-146.1,60.8],[-146.8,61],[-146.3,61.1],[-147.4,60.9],[-147.5,60.9],[-147.6,61.2],[-147.7,60.9],[-148.1,60.9],[-147.7,61.3],[-148.1,61],[-148.2,61.1],[-148.4,61.1],[-148.2,61.1],[-148.3,60.8],[-148.5,60.8],[-148.7,60.8],[-148.5,60.8],[-148.6,60.8],[-148.7,60.7],[-148.2,60.8],[-148.3,60.7],[-148.2,60.6],[-148.5,60.6],[-148.7,60.5],[-148.1,60.6],[-147.9,60.5],[-148.4,60.2],[-148.1,60.2],[-148.3,60.2],[-148.4,59.9],[-149.1,60.1],[-149.3,59.9],[-149.4,60.1],[-149.6,59.8],[-149.5,59.7],[-149.7,59.8],[-149.7,60],[-149.8,59.7],[-150,59.8],[-149.9,59.7],[-150,59.6],[-150.3,59.5],[-150.2,59.7],[-150.5,59.5],[-150.5,59.6],[-150.9,59.2],[-151.7,59.2],[-152,59.3],[-151,59.8],[-151.5,59.6],[-151.9,59.8],[-151.3,60.4],[-151.4,60.7],[-150.4,61],[-149,60.9],[-150.1,61.2],[-149.3,61.5],[-149.4,61.5],[-150,61.3],[-150.6,61.3],[-151.6,61],[-151.8,60.9],[-151.7,60.7],[-152.2,60.6],[-152.4,60.3],[-153.1,60.3],[-152.6,60],[-153.3,59.8],[-153,59.8],[-153,59.7],[-153.3,59.6],[-153.4,59.8],[-153.7,59.4],[-154.1,59.4],[-154,59.4],[-154.3,59.1],[-153.3,58.9],[-154.1,58.5],[-154,58.4],[-154.4,58.3],[-154.1,58.3],[-154.2,58.1],[-155,58],[-155.3,57.7],[-155.6,57.8],[-155.7,57.6],[-156.5,57.3],[-156.3,57.2],[-156.6,57],[-156.9,57],[-157.2,56.8],[-157.4,56.9],[-157.6,56.7],[-157.5,56.6],[-157.8,56.7],[-158.1,56.6],[-157.9,56.5],[-158.4,56.4],[-158.6,56.3],[-158.1,56.2],[-158.5,56],[-158.6,56.1],[-158.5,56.2],[-158.6,56.2],[-158.7,56],[-159.4,55.9],[-159.7,55.6],[-159.6,55.8],[-159.8,55.9],[-160.5,55.5],[-160.6,55.6],[-161.2,55.3],[-161.5,55.4],[-161.5,55.5],[-161.1,55.5],[-161.6,55.6],[-162,55.2],[-162,55.1],[-162.4,55],[-162.6,55.3],[-162.6,55],[-162.9,54.9],[-163.2,55.1],[-163.1,54.9],[-163.4,54.8],[-163.3,55.1],[-162.5,55.3],[-161.8,55.9],[-161.1,55.9],[-160.7,55.7],[-160.8,55.9],[-160.3,55.8],[-160.6,56],[-160.3,56.3],[-159,56.8],[-158.6,56.8],[-158.7,57],[-158.3,57.3],[-157.7,57.6],[-157.6,57.5],[-157.4,57.5],[-157.7,57.6],[-157.6,58.1],[-157.1,58.2],[-157.5,58.3],[-157.6,58.4],[-157.1,58.7],[-156.8,59.2],[-157.1,58.9],[-158.2,58.6],[-158.6,58.8],[-158.5,59],[-158,58.9],[-158.5,59.2],[-158.6,58.9],[-158.8,59],[-158.8,58.8],[-158.9,58.7],[-158.7,58.5],[-158.9,58.4],[-159.6,58.9],[-159.9,58.8],[-160.3,59.1],[-161.6,58.6],[-162.2,58.7],[-161.7,58.8],[-161.8,59],[-161.6,59.1],[-162,59.1],[-162,59.4],[-161.7,59.5],[-162.2,60.1],[-162.2,60.2],[-162.4,60.2],[-162.2,60.6],[-161.9,60.7],[-162.3,60.6],[-162.6,60.3],[-162.4,60.2],[-162.5,60],[-164.1,59.8],[-164.2,60],[-164.1,60],[-165.1,60.4],[-165,60.5],[-165.4,60.6],[-164.7,60.9],[-164.7,60.8],[-164.3,60.8],[-164.4,60.6],[-164,60.8],[-163.7,60.6],[-163.4,60.8],[-163.9,60.9],[-163.6,60.9],[-165.2,60.9],[-164.8,61.1],[-165.4,61.2],[-164.7,61.6],[-165.2,61.4],[-165.4,61.2],[-165.4,61.1],[-165.9,61.3],[-165.8,61.5],[-166.2,61.6],[-166.1,61.7],[-165.8,61.7],[-166.1,61.8],[-165.6,61.8],[-165.7,62.1],[-165.2,62.4],[-165,62.5],[-164.6,62.4],[-164.8,62.6],[-164.5,62.7],[-164.8,62.7],[-164.9,62.8],[-164.7,63],[-164.3,63],[-164.6,63.1],[-164.4,63.2],[-163.1,63.1],[-162.3,63.5],[-162,63.5],[-162.1,63.4],[-161.2,63.5],[-160.8,63.9],[-161.2,64.4],[-161.5,64.4],[-161,64.5],[-160.8,64.7],[-161.2,64.9],[-161.4,64.8],[-162.1,64.7],[-162.8,64.3],[-163.2,64.7],[-163.4,64.6],[-163,64.5],[-163.1,64.4],[-163.8,64.6],[-165,64.4],[-166.1,64.6],[-166.5,64.7],[-166.4,64.9],[-166.7,65],[-166.7,65.1],[-166.8,65.1],[-166.9,65.1],[-167,65.2],[-166.1,65.3],[-167.5,65.4],[-168.1,65.7],[-166.3,66.2],[-165.5,66.2],[-165.9,66.2],[-164.4,66.6],[-163.9,66.6],[-163.6,66.6],[-163.9,66.6],[-163.8,66.5],[-163.9,66.3],[-164.2,66.2],[-163.7,66.1],[-161.8,66],[-161.5,66.3],[-161,66.2],[-161.5,66.4],[-161.9,66.3],[-161.9,66.5],[-162.6,66.9],[-162.3,67],[-161.6,66.5],[-161.2,66.5],[-160.8,66.4],[-160.2,66.4],[-160.2,66.6],[-161.7,66.6],[-161.9,66.7],[-161.7,67],[-161.5,67],[-161.7,67],[-162.5,67],[-162.4,67.1],[-162.4,67.2],[-162.6,67],[-163.7,67.1],[-164.1,67.6],[-166.8,68.3],[-166.4,68.4],[-166.2,68.9],[-164.3,68.9],[-163.6,69.1],[-163.1,69.4],[-163,69.8],[-161.9,70.3],[-161.8,70.3],[-162.1,70.2],[-159.9,70.6],[-160.2,70.5],[-159.8,70.3],[-159.8,70.5],[-159.3,70.5],[-160.1,70.6],[-159.7,70.8],[-159.3,70.9],[-159.2,70.9],[-159.4,70.8],[-158,70.8],[-156.5,71.3]]]]}},{"type":"Feature","properties":{"code":"US-MN","name":"United States (Minnesota)","country_code":"US","country":"United States","region":"Minnesota","level":"subnational"},"geometry":{"type":"Polygon","coordinates":[[[-89.6,48],[-90.8,47.6],[-92.3,46.7],[-92.3,46.1],[-92.9,45.7],[-92.7,45.4],[-92.8,44.7],[-91.4,44],[-91.2,43.5],[-96.5,43.5],[-96.5,45.3],[-96.9,45.6],[-96.6,45.8],[-96.6,46.2],[-96.8,46.7],[-96.9,47.6],[-97.1,48.2],[-97.2,49],[-95.2,49],[-95.2,49.4],[-94.9,49.4],[-94.7,48.8],[-94.5,48.7],[-93.7,48.5],[-93,48.6],[-92.4,48.2],[-92,48.3],[-91.4,48],[-90.9,48.2],[-90.7,48.1],[-89.6,48]]]}},{"type":"Feature","properties":{"code":"US-ID","name":"United States (Idaho)","country_code":"US","country":"United States","region":"Idaho","level":"subnational"},"geometry":{"type":"Polygon","coordinates":[[[-116,49],[-116,48],[-115.6,47.4],[-114.9,46.8],[-114.3,46.7],[-114.5,45.6],[-114.3,45.5],[-114,45.7],[-113.8,45.6],[-113.4,44.9],[-113.1,44.8],[-112.9,44.4],[-111.5,44.6],[-111.4,44.8],[-111.1,44.5],[-111.1,42],[-117,42],[-117,43.8],[-116.9,44.2],[-117.2,44.3],[-117.2,44.5],[-116.5,45.6],[-116.8,45.9],[-117,46.4],[-117,49],[-116,49]]]}},{"type":"Feature","properties":{"code":"US-MT","name":"United States (Montana)","country_code":"US","country":"United States","region":"Montana","level":"subnational"},"geometry":{"type":"Polygon","coordinates":[[[-104,49],[-104,45],[-111.1,45],[-111.1,44.5],[-111.4,44.8],[-111.5,44.6],[-112.9,44.4],[-113.1,44.8],[-113.4,44.9],[-113.8,45.6],[-114,45.7],[-114.3,45.5],[-114.5,45.6],[-114.3,46.7],[-114.9,46.8],[-115.6,47.4],[-116,48],[-116,49],[-104,49]]]}},{"type":"Feature","properties":{"code":"US-WA","name":"United States (Washington)","country_code":"US","country":"United States","region":"Washington","level":"subnational"},"geometry":{"type":"MultiPolygon","coordinates":[[[[-122.5,47.3],[-122.5,47.4],[-122.4,47.5],[-122.4,47.4],[-122.5,47.3]]],[[[-122.5,48.3],[-122.7,48.2],[-122.4,47.9],[-122.8,48.2],[-122.6,48.4],[-122.5,48.3]]],[[[-122.8,48.4],[-122.9,48.5],[-122.9,48.5],[-122.9,48.6],[-122.8,48.4]]],[[[-123,48.5],[-123.1,48.5],[-123.2,48.6],[-123.1,48.6],[-123,48.5]]],[[[-122.9,48.6],[-123,48.6],[-123,48.6],[-122.7,48.7],[-122.9,48.6]]],[[[-123,49],[-123.1,49],[-123.1,49],[-123,49],[-123,49]]],[[[-117,49],[-117,46.6],[-116.9,46],[-119,46],[-120.9,45.7],[-122.7,45.6],[-122.9,46.1],[-124,46.3],[-124,46.7],[-123.9,46.4],[-123.9,46.6],[-123.8,46.7],[-124.1,46.9],[-123.8,47],[-124.1,47.1],[-124.2,46.9],[-124.7,48.4],[-123.9,48.2],[-122.7,48.2],[-122.6,47.9],[-122.7,47.8],[-122.8,47.8],[-123.1,47.4],[-123,47.4],[-122.8,47.4],[-123.1,47.4],[-122.6,47.9],[-122.5,47.8],[-122.7,47.6],[-122.5,47.6],[-122.5,47.3],[-122.6,47.4],[-122.7,47.2],[-122.8,47.4],[-123.1,47.2],[-122.9,47.1],[-122.3,47.4],[-122.4,47.7],[-122.3,48.1],[-122.5,48.2],[-122.4,48.3],[-122.7,48.5],[-122.5,48.5],[-122.4,48.6],[-122.8,49],[-117,49]]]]}},{"type":"Feature","properties":{"code":"US-WI","name":"United States (Wisconsin)","country_code":"US","country":"United States","region":"Wisconsin","level":"subnational"},"geometry":{"type":"MultiPolygon","coordinates":[[[[-87,45.2],[-87.2,44.9],[-87.4,44.8],[-87.2,45.2],[-87,45.2]]],[[[-90.8,46.9],[-90.9,46.6],[-90.7,46.7],[-90,46.3],[-88.2,46],[-87.8,45.7],[-87.9,45.4],[-87.7,45.3],[-87.6,45],[-88,44.6],[-87.6,44.9],[-87.3,44.8],[-87.9,43.2],[-87.8,42.5],[-90.6,42.5],[-91.1,42.8],[-91.2,43.1],[-91.1,43.3],[-91.3,43.9],[-92.8,44.7],[-92.7,45.4],[-92.9,45.7],[-92.3,46.1],[-92.3,46.7],[-90.8,46.9]]]]}},{"type":"Feature","properties":{"code":"US-OR","name":"United States (Oregon)","country_code":"US","country":"United States","region":"Oregon","level":"subnational"},"geometry":{"type":"Polygon","coordinates":[[[-123.2,46.2],[-122.9,46.1],[-122.7,45.6],[-122.3,45.6],[-121.8,45.7],[-120.4,45.7],[-119,46],[-116.9,46],[-116.5,45.6],[-117.2,44.5],[-117.2,44.3],[-116.9,44.2],[-117,43.8],[-117,42],[-124.2,42],[-124.5,42.9],[-124.4,43.3],[-124.1,43.4],[-124.3,43.4],[-124.1,43.7],[-123.9,45.5],[-124,46.2],[-123.2,46.2]]]}},{"type":"Feature","properties":{"code":"US-SD","name":"United States (South Dakota)","country_code":"US","country":"United States","region":"South Dakota","level":"subnational"},"geometry":{"type":"Polygon","coordinates":[[[-96.6,45.9],[-96.9,45.6],[-96.5,45.3],[-96.5,43.5],[-96.6,43.5],[-96.5,43.1],[-96.6,42.7],[-96.5,42.5],[-97.3,42.9],[-98,42.8],[-98.5,43],[-104,43],[-104,45.9],[-96.6,45.9]]]}},{"type":"Feature","properties":{"code":"US-NH","name":"United States (New Hampshire)","country_code":"US","country":"United States","region":"New Hampshire","level":"subnational"},"geometry":{"type":"Polygon","coordinates":[[[-70.7,43.1],[-70.8,42.9],[-71.3,42.7],[-72.5,42.7],[-72.6,42.9],[-72,44.3],[-71.6,44.5],[-71.6,44.8],[-71.3,45.3],[-71.1,45.3],[-71,43.4],[-70.7,43.1]]]}},{"type":"Feature","properties":{"code":"US-VT","name":"United States (Vermont)","country_code":"US","country":"United States","region":"Vermont","level":"subnational"},"geometry":{"type":"Polygon","coordinates":[[[-71.5,45],[-71.6,44.5],[-72,44.3],[-72.4,43.6],[-72.6,42.9],[-72.5,42.7],[-73.3,42.8],[-73.2,43.5],[-73.4,43.6],[-73.4,45],[-71.5,45]]]}},{"type":"Feature","properties":{"code":"US-NY","name":"United States (New York)","country_code":"US","country":"United States","region":"New York","level":"subnational"},"geometry":{"type":"MultiPolygon","coordinates":[[[[-74.1,40.5],[-74.2,40.5],[-74.1,40.6],[-74.1,40.6],[-74.1,40.5]]],[[[-72.4,41.1],[-72.6,40.9],[-71.9,41.1],[-73.6,40.6],[-74,40.6],[-73.6,40.9],[-72.6,41],[-72.2,41.2],[-72.4,41.1]]],[[[-74.8,45],[-73.3,44.9],[-73.4,43.6],[-73.2,43.5],[-73.3,42.8],[-73.5,42.1],[-73.5,41.2],[-73.7,41.1],[-73.6,41],[-73.8,40.8],[-73.9,40.8],[-73.9,41.1],[-74,41.3],[-73.9,41],[-75,41.5],[-75.1,41.8],[-75.3,42],[-79.8,42],[-79.8,42.3],[-78.9,42.8],[-79.1,43.3],[-78.3,43.4],[-77,43.3],[-76.3,43.5],[-76.1,44],[-76.4,44.1],[-75.3,44.8],[-74.8,45]]]]}},{"type":"Feature","properties":{"code":"US-WY","name":"United States (Wyoming)","country_code":"US","country":"United States","region":"Wyoming","level":"subnational"},"geometry":{"type":"Polygon","coordinates":[[[-104,43],[-104,41],[-111,41],[-111.1,45],[-104,45],[-104,43]]]}},{"type":"Feature","properties":{"code":"US-ME","name":"United States (Maine)","country_code":"US","country":"United States","region":"Maine","level":"subnational"},"geometry":{"type":"MultiPolygon","coordinates":[[[[-68.6,44.2],[-68.7,44.2],[-68.7,44.3],[-68.6,44.3],[-68.6,44.2]]],[[[-68.2,44.3],[-68.3,44.2],[-68.4,44.3],[-68.3,44.5],[-68.2,44.3]]],[[[-69,47.2],[-68.3,47.4],[-67.8,47.1],[-67.8,45.7],[-67.4,45.6],[-67.5,45.3],[-67.2,45.2],[-67,45],[-67.2,44.9],[-67,44.8],[-68.1,44.4],[-68.1,44.5],[-68.3,44.5],[-68.8,44.3],[-68.8,44.6],[-69,44.4],[-69.1,44.1],[-69.2,43.9],[-69.4,44],[-69.5,43.9],[-69.6,44],[-69.7,43.8],[-69.8,44.1],[-69.8,43.7],[-69.9,43.9],[-70.2,43.8],[-70.2,43.6],[-70.7,43.1],[-71,43.4],[-71.1,45.3],[-70.9,45.2],[-70.3,45.9],[-70.3,46.2],[-70,46.7],[-69.2,47.5],[-69,47.4],[-69,47.2]]]]}},{"type":"Feature","properties":{"code":"US-IA","name":"United States (Iowa)","country_code":"US","country":"United States","region":"Iowa","level":"subnational"},"geometry":{"type":"Polygon","coordinates":[[[-90.6,42.5],[-90.2,42.1],[-90.2,41.9],[-90.4,41.5],[-91,41.4],[-91.1,41.2],[-90.9,41],[-91.4,40.6],[-91.4,40.4],[-91.8,40.6],[-95.8,40.6],[-95.9,41.5],[-96.6,42.7],[-96.5,43.1],[-96.6,43.5],[-91.2,43.5],[-91.1,42.8],[-90.6,42.5]]]}},{"type":"Feature","properties":{"code":"US-NE","name":"United States (Nebraska)","country_code":"US","country":"United States","region":"Nebraska","level":"subnational"},"geometry":{"type":"Polygon","coordinates":[[[-96.5,42.5],[-95.9,41.5],[-95.8,40.5],[-95.3,40],[-102,40],[-102,41],[-104,41],[-104,43],[-98.5,43],[-98,42.8],[-97.3,42.9],[-96.5,42.5]]]}},{"type":"Feature","properties":{"code":"US-PA","name":"United States (Pennsylvania)","country_code":"US","country":"United States","region":"Pennsylvania","level":"subnational"},"geometry":{"type":"Polygon","coordinates":[[[-74.7,41.4],[-75.1,41],[-75.2,40.7],[-74.7,40.1],[-75.4,39.8],[-80.5,39.7],[-80.5,42],[-79.8,42.3],[-79.8,42],[-75.3,42],[-75.1,41.8],[-75,41.5],[-74.7,41.4]]]}},{"type":"Feature","properties":{"code":"US-IL","name":"United States (Illinois)","country_code":"US","country":"United States","region":"Illinois","level":"subnational"},"geometry":{"type":"Polygon","coordinates":[[[-87.8,42.5],[-87.5,41.7],[-87.5,39.4],[-87.7,39.1],[-87.5,38.7],[-88,38.2],[-88.1,37.5],[-88.5,37.4],[-88.5,37.1],[-89,37.2],[-89.1,37],[-89.3,37],[-89.5,37.3],[-89.5,37.7],[-90.4,38.2],[-90.1,38.8],[-90.6,38.9],[-90.8,39.3],[-91.4,39.7],[-91.5,40.3],[-91.4,40.6],[-90.9,41],[-91.1,41.2],[-91,41.4],[-90.4,41.5],[-90.2,41.9],[-90.2,42.1],[-90.6,42.5],[-87.8,42.5]]]}},{"type":"Feature","properties":{"code":"US-OH","name":"United States (Ohio)","country_code":"US","country":"United States","region":"Ohio","level":"subnational"},"geometry":{"type":"Polygon","coordinates":[[[-80.5,40.6],[-80.9,39.6],[-81.7,39.3],[-81.8,38.9],[-82,39],[-82.3,38.4],[-82.6,38.4],[-82.9,38.7],[-83.7,38.6],[-84.2,38.8],[-84.4,39.1],[-84.8,39.1],[-84.8,41.7],[-83.5,41.7],[-82.7,41.5],[-82.9,41.4],[-82.5,41.4],[-81.7,41.5],[-80.5,42],[-80.5,40.6]]]}},{"type":"Feature","properties":{"code":"US-CT","name":"United States (Connecticut)","country_code":"US","country":"United States","region":"Connecticut","level":"subnational"},"geometry":{"type":"Polygon","coordinates":[[[-71.8,42],[-71.8,41.3],[-72.9,41.3],[-73.6,41],[-73.7,41.1],[-73.5,41.2],[-73.5,42.1],[-71.8,42]]]}},{"type":"Feature","properties":{"code":"US-NV","name":"United States (Nevada)","country_code":"US","country":"United States","region":"Nevada","level":"subnational"},"geometry":{"type":"Polygon","coordinates":[[[-114,42],[-114,36.2],[-114.2,36],[-114.4,36.1],[-114.7,36.1],[-114.6,35],[-120,39],[-120,42],[-114,42]]]}},{"type":"Feature","properties":{"code":"US-UT","name":"United States (Utah)","country_code":"US","country":"United States","region":"Utah","level":"subnational"},"geometry":{"type":"Polygon","coordinates":[[[-111.1,42],[-111,41],[-109,41],[-109,37],[-114,37],[-114,42],[-111.1,42]],[[-112.5,41.2],[-112.8,41.7],[-112.9,41.7],[-112.8,41],[-112.6,41.1],[-112.3,40.7],[-112.2,40.8],[-112.2,41.1],[-112.1,40.9],[-112,40.9],[-112.5,41.2]]]}},{"type":"Feature","properties":{"code":"US-IN","name":"United States (Indiana)","country_code":"US","country":"United States","region":"Indiana","level":"subnational"},"geometry":{"type":"Polygon","coordinates":[[[-84.8,41.7],[-84.8,38.8],[-85.4,38.7],[-85.4,38.5],[-86,38],[-86.4,38.2],[-86.6,37.8],[-86.8,38],[-87.1,37.8],[-87.4,37.9],[-88.1,37.8],[-88,38.2],[-87.5,38.7],[-87.7,39.1],[-87.5,39.4],[-87.5,41.7],[-84.8,41.7]]]}},{"type":"Feature","properties":{"code":"US-RI","name":"United States (Rhode Island)","country_code":"US","country":"United States","region":"Rhode Island","level":"subnational"},"geometry":{"type":"MultiPolygon","coordinates":[[[[-71.3,41.5],[-71.4,41.5],[-71.2,41.7],[-71.2,41.5],[-71.3,41.5]]],[[[-71.1,41.5],[-71.2,41.5],[-71.2,41.7],[-71.1,41.6],[-71.1,41.5]]],[[[-71.4,41.9],[-71.2,41.7],[-71.4,41.8],[-71.5,41.4],[-71.8,41.3],[-71.8,42],[-71.4,42],[-71.4,41.9]]]]}},{"type":"Feature","properties":{"code":"US-MA","name":"United States (Massachusetts)","country_code":"US","country":"United States","region":"Massachusetts","level":"subnational"},"geometry":{"type":"MultiPolygon","coordinates":[[[[-70,41.2],[-70.1,41.2],[-70.2,41.3],[-70,41.4],[-70,41.2]]],[[[-70.5,41.4],[-70.8,41.3],[-70.8,41.4],[-70.6,41.5],[-70.5,41.4]]],[[[-70.9,42.9],[-70.7,42.7],[-70.6,42.7],[-71,42.3],[-70.7,42.2],[-70.7,42],[-70.3,41.7],[-70,41.8],[-70.2,42.1],[-70.1,42.1],[-69.9,41.7],[-70.6,41.5],[-70.7,41.7],[-71.1,41.5],[-71.1,41.8],[-71.3,41.8],[-71.4,42],[-73.5,42.1],[-73.3,42.8],[-71.3,42.7],[-70.9,42.9]]]]}},{"type":"Feature","properties":{"code":"US-NJ","name":"United States (New Jersey)","country_code":"US","country":"United States","region":"New Jersey","level":"subnational"},"geometry":{"type":"Polygon","coordinates":[[[-73.9,41],[-74.3,40.5],[-74,40.4],[-74.1,39.8],[-74,40.1],[-74.4,39.4],[-74.9,38.9],[-74.9,39.2],[-75.4,39.4],[-75.6,39.6],[-74.7,40.2],[-75.2,40.6],[-75.1,41],[-74.7,41.4],[-73.9,41]]]}},{"type":"Feature","properties":{"code":"US-CO","name":"United States (Colorado)","country_code":"US","country":"United States","region":"Colorado","level":"subnational"},"geometry":{"type":"Polygon","coordinates":[[[-102,40],[-102,37],[-109,37],[-109,41],[-102,41],[-102,40]]]}},{"type":"Feature","properties":{"code":"US-WV","name":"United States (West Virginia)","country_code":"US","country":"United States","region":"West Virginia","level":"subnational"},"geometry":{"type":"Polygon","coordinates":[[[-79.5,39.7],[-79.5,39.2],[-79.1,39.5],[-78.2,39.7],[-77.9,39.6],[-77.7,39.3],[-77.8,39.1],[-78.3,39.5],[-78.6,39],[-78.9,38.8],[-79,38.8],[-79.3,38.4],[-79.6,38.6],[-80.3,37.5],[-81,37.3],[-81.8,37.3],[-82.6,38.2],[-82.6,38.4],[-82.2,38.6],[-82,39],[-81.8,38.9],[-81.7,39.3],[-80.9,39.6],[-80.6,40.6],[-80.5,39.7],[-79.5,39.7]]]}},{"type":"Feature","properties":{"code":"US-MO","name":"United States (Missouri)","country_code":"US","country":"United States","region":"Missouri","level":"subnational"},"geometry":{"type":"Polygon","coordinates":[[[-91.4,40.4],[-91.5,40.1],[-91.4,39.7],[-90.8,39.3],[-90.6,38.9],[-90.1,38.8],[-90.4,38.2],[-89.5,37.7],[-89.5,37.3],[-89.1,37],[-89.2,36.6],[-89.4,36.6],[-89.5,36.5],[-89.6,36.6],[-89.7,36],[-90.4,36],[-90.1,36.3],[-90.2,36.5],[-94.6,36.5],[-94.6,39.1],[-95.1,39.6],[-94.9,39.8],[-95.4,40],[-95.8,40.6],[-91.8,40.6],[-91.4,40.4]]]}},{"type":"Feature","properties":{"code":"US-KS","name":"United States (Kansas)","country_code":"US","country":"United States","region":"Kansas","level":"subnational"},"geometry":{"type":"Polygon","coordinates":[[[-95.3,40],[-94.9,39.8],[-95.1,39.6],[-94.6,39.1],[-94.6,37],[-102,37],[-102,40],[-95.3,40]]]}},{"type":"Feature","properties":{"code":"US-DE","name":"United States (Delaware)","country_code":"US","country":"United States","region":"Delaware","level":"subnational"},"geometry":{"type":"Polygon","coordinates":[[[-75.4,39.8],[-75.6,39.5],[-75,38.5],[-75.7,38.5],[-75.8,39.7],[-75.4,39.8]]]}},{"type":"Feature","properties":{"code":"US-DC","name":"United States (District of Columbia)","country_code":"US","country":"United States","region":"District of Columbia","level":"subnational"},"geometry":{"type":"Polygon","coordinates":[[[-77,38.8],[-77.1,38.9],[-77,39],[-76.9,38.9],[-77,38.8]]]}},{"type":"Feature","properties":{"code":"US-MD","name":"United States (Maryland)","country_code":"US","country":"United States","region":"Maryland","level":"subnational"},"geometry":{"type":"MultiPolygon","coordinates":[[[[-75.1,38.4],[-75.1,38.3],[-75.1,38.5],[-75,38.4],[-75.1,38.4]]],[[[-75.8,39.7],[-75.7,38.5],[-75.1,38.4],[-75.4,38],[-75.9,37.9],[-75.8,38.4],[-76,38.2],[-76.3,38.5],[-76.2,38.6],[-76.3,38.6],[-76,38.6],[-76,38.7],[-76.3,38.7],[-76.3,38.8],[-76.1,38.8],[-76.2,39],[-76.4,38.9],[-76.1,39.1],[-76.2,39.1],[-76.2,39.3],[-75.8,39.6],[-76.4,39.4],[-76.4,39.2],[-76.6,39.3],[-76.4,39],[-76.5,38.7],[-76.4,38.4],[-76.7,38.7],[-76.7,38.5],[-76.4,38.3],[-76.3,38],[-77,38.4],[-77.2,38.4],[-76.9,38.9],[-77.5,39.1],[-77.5,39.2],[-78.1,39.7],[-79,39.5],[-79.5,39.2],[-79.5,39.7],[-75.8,39.7]]]]}},{"type":"Feature","properties":{"code":"US-AZ","name":"United States (Arizona)","country_code":"US","country":"United States","region":"Arizona","level":"subnational"},"geometry":{"type":"Polygon","coordinates":[[[-109,37],[-109,31.3],[-111,31.3],[-114.8,32.5],[-114.5,32.9],[-114.7,33.3],[-114.5,33.6],[-114.5,33.9],[-114.1,34.3],[-114.6,34.9],[-114.7,36.1],[-114.1,36.1],[-114,37],[-109,37]]]}},{"type":"Feature","properties":{"code":"US-NM","name":"United States (New Mexico)","country_code":"US","country":"United States","region":"New Mexico","level":"subnational"},"geometry":{"type":"Polygon","coordinates":[[[-103,37],[-103.1,32],[-106.6,32],[-106.5,31.8],[-108.2,31.8],[-108.2,31.3],[-109,31.3],[-109,37],[-103,37]]]}},{"type":"Feature","properties":{"code":"US-OK","name":"United States (Oklahoma)","country_code":"US","country":"United States","region":"Oklahoma","level":"subnational"},"geometry":{"type":"Polygon","coordinates":[[[-94.6,37],[-94.4,35.4],[-94.5,33.6],[-95.2,34],[-96.3,33.7],[-96.9,34],[-97.1,33.7],[-97.2,33.9],[-97.4,33.8],[-97.6,34],[-97.9,33.9],[-98.2,34.1],[-98.5,34.1],[-99.2,34.2],[-99.3,34.4],[-99.7,34.4],[-100,34.6],[-100,36.5],[-103,36.5],[-103,37],[-94.6,37]]]}},{"type":"Feature","properties":{"code":"US-TN","name":"United States (Tennessee)","country_code":"US","country":"United States","region":"Tennessee","level":"subnational"},"geometry":{"type":"Polygon","coordinates":[[[-83.7,36.6],[-81.7,36.6],[-82,36.1],[-82.6,36],[-82.6,36.1],[-83.5,35.6],[-83.9,35.5],[-84.3,35.2],[-84.3,35],[-90.3,35],[-90.1,35.2],[-90.2,35.4],[-89.7,35.8],[-89.6,36.5],[-88,36.5],[-88.1,36.7],[-83.7,36.6]]]}},{"type":"Feature","properties":{"code":"US-NC","name":"United States (North Carolina)","country_code":"US","country":"United States","region":"North Carolina","level":"subnational"},"geometry":{"type":"MultiPolygon","coordinates":[[[[-75.5,35.2],[-75.7,35.2],[-75.5,35.3],[-75.5,35.8],[-75.4,35.6],[-75.5,35.2]]],[[[-75.6,35.9],[-75.7,36.1],[-75.9,36.5],[-75.7,36.1],[-75.6,35.9]]],[[[-75.9,36.5],[-75.9,36.5],[-76,36.5],[-75.9,36.5],[-75.9,36.5]]],[[[-80.6,36.6],[-76,36.5],[-75.8,36.1],[-76,36.3],[-75.9,36.2],[-76.2,36.3],[-76.1,36.1],[-76.7,36],[-76.7,36.2],[-76.7,35.9],[-76.1,36],[-76.1,35.7],[-76,35.7],[-75.9,36],[-75.7,35.7],[-76.1,35.3],[-76.5,35.4],[-76.6,35.6],[-76.7,35.4],[-77,35.5],[-76.5,35.3],[-76.8,35],[-77.1,35.1],[-76.9,35],[-76.8,34.9],[-76.5,35.1],[-76.5,34.9],[-76.3,35],[-76.5,34.7],[-77.3,34.6],[-77.4,34.7],[-77.4,34.5],[-77.7,34.3],[-77.9,33.9],[-77.9,34.1],[-78,34.1],[-78,33.9],[-78.6,33.9],[-79.7,34.8],[-80.8,34.8],[-81.1,35.2],[-82.4,35.2],[-83.1,35],[-84.3,35],[-84.3,35.2],[-83.9,35.5],[-83.5,35.6],[-82.6,36.1],[-82.6,36],[-82,36.1],[-81.7,36.6],[-80.6,36.6]]]]}},{"type":"Feature","properties":{"code":"US-VA","name":"United States (Virginia)","country_code":"US","country":"United States","region":"Virginia","level":"subnational"},"geometry":{"type":"MultiPolygon","coordinates":[[[[-75.9,36.5],[-75.9,36.5],[-75.9,36.6],[-75.9,36.5]]],[[[-75.6,37.6],[-75.7,37.5],[-76,37.2],[-75.9,37.6],[-75.6,38],[-75.4,38],[-75.6,37.6]]],[[[-78,39.2],[-77.5,39.2],[-77.5,39.1],[-77,38.8],[-77.3,38.3],[-77.1,38.4],[-76.2,37.9],[-76.4,37.6],[-76.9,38.1],[-77.1,38.2],[-76.3,37.6],[-76.2,37.4],[-76.4,37.3],[-76.7,37.4],[-76.3,37],[-76.7,37.2],[-77,37.3],[-77.2,37.3],[-76.3,36.8],[-76.3,37],[-76,36.9],[-75.9,36.5],[-75.9,36.7],[-76,36.5],[-83.7,36.6],[-82.9,36.9],[-82,37.5],[-81.6,37.2],[-80.5,37.4],[-79.6,38.6],[-79.3,38.4],[-79,38.8],[-78.9,38.8],[-78.6,39],[-78.3,39.5],[-78,39.2]]]]}},{"type":"Feature","properties":{"code":"US-KY","name":"United States (Kentucky)","country_code":"US","country":"United States","region":"Kentucky","level":"subnational"},"geometry":{"type":"MultiPolygon","coordinates":[[[[-89.6,36.5],[-89.6,36.6],[-89.5,36.6],[-89.5,36.5],[-89.6,36.5]]],[[[-84.6,39.1],[-83.7,38.6],[-82.9,38.7],[-82.6,38.4],[-82.6,38.2],[-82.4,37.8],[-82,37.5],[-82.9,36.9],[-83.7,36.6],[-88.1,36.7],[-88,36.5],[-89.4,36.5],[-89.2,36.7],[-89.1,37.2],[-88.5,37.1],[-88.5,37.4],[-88.1,37.5],[-88,37.8],[-87.4,37.9],[-87.1,37.8],[-86.8,38],[-86.6,37.8],[-86.4,38.2],[-86,38],[-85.4,38.5],[-85.4,38.7],[-84.8,38.8],[-84.9,39.1],[-84.6,39.1]]]]}},{"type":"Feature","properties":{"code":"US-AR","name":"United States (Arkansas)","country_code":"US","country":"United States","region":"Arkansas","level":"subnational"},"geometry":{"type":"Polygon","coordinates":[[[-89.7,36],[-89.7,35.8],[-90.2,35.4],[-90.1,35.1],[-90.6,34.8],[-90.6,34.4],[-91.1,34],[-91.2,33],[-94,33],[-94,33.6],[-94.5,33.6],[-94.4,35.4],[-94.6,36.5],[-90.2,36.5],[-90.1,36.3],[-90.4,36],[-89.7,36]]]}},{"type":"Feature","properties":{"code":"US-SC","name":"United States (South Carolina)","country_code":"US","country":"United States","region":"South Carolina","level":"subnational"},"geometry":{"type":"Polygon","coordinates":[[[-78.6,33.9],[-79.2,33.3],[-79.3,33.4],[-79.2,33.2],[-79.4,33],[-79.8,32.8],[-79.9,32.9],[-79.9,32.7],[-80.3,32.5],[-80.7,32.5],[-80.5,32.3],[-80.6,32.3],[-80.8,32.5],[-80.7,32.2],[-80.9,32],[-81.1,32.1],[-81.5,33],[-82.6,34],[-82.9,34.5],[-83.4,34.7],[-83.1,35],[-82.4,35.2],[-81.1,35.2],[-80.8,34.8],[-79.7,34.8],[-78.6,33.9]]]}},{"type":"Feature","properties":{"code":"US-AL","name":"United States (Alabama)","country_code":"US","country":"United States","region":"Alabama","level":"subnational"},"geometry":{"type":"Polygon","coordinates":[[[-85.6,35],[-85.2,32.9],[-84.9,32.3],[-85.1,31.8],[-85,31],[-87.6,31],[-87.4,30.7],[-87.5,30.4],[-87.7,30.3],[-88,30.2],[-87.8,30.3],[-88,30.7],[-88.1,30.3],[-88.4,30.4],[-88.5,31.9],[-88.1,34.8],[-88.2,35],[-85.6,35]]]}},{"type":"Feature","properties":{"code":"US-MS","name":"United States (Mississippi)","country_code":"US","country":"United States","region":"Mississippi","level":"subnational"},"geometry":{"type":"Polygon","coordinates":[[[-88.2,35],[-88.1,34.8],[-88.5,31.9],[-88.4,30.4],[-89,30.4],[-89.6,30.2],[-89.8,30.7],[-89.7,31],[-91.6,31],[-91.4,31.8],[-91,32.1],[-91.2,32.2],[-90.9,32.3],[-91.2,32.7],[-91.1,33],[-91.2,32.9],[-91.1,33.3],[-91.2,33.5],[-91.1,34],[-90.6,34.4],[-90.6,34.8],[-90.3,34.9],[-90.3,35],[-88.2,35]]]}},{"type":"Feature","properties":{"code":"US-GA","name":"United States (Georgia)","country_code":"US","country":"United States","region":"Georgia","level":"subnational"},"geometry":{"type":"Polygon","coordinates":[[[-80.9,32],[-81.2,31.6],[-81.3,31.6],[-81.2,31.5],[-81.5,31.1],[-81.5,30.7],[-82,30.8],[-82,30.4],[-82.2,30.4],[-82.2,30.6],[-84.9,30.7],[-85.1,31.2],[-85.1,31.8],[-84.9,32.3],[-85.2,32.9],[-85.6,35],[-83.1,35],[-83.4,34.7],[-82.9,34.5],[-82.6,34],[-81.5,33],[-81.1,32.1],[-80.9,32]]]}},{"type":"Feature","properties":{"code":"US-CA","name":"United States (California)","country_code":"US","country":"United States","region":"California","level":"subnational"},"geometry":{"type":"MultiPolygon","coordinates":[[[[-118.4,32.8],[-118.5,32.9],[-118.6,33],[-118.6,33],[-118.4,32.8]]],[[[-118.3,33.3],[-118.4,33.3],[-118.6,33.5],[-118.4,33.4],[-118.3,33.3]]],[[[-120,34],[-120.1,33.9],[-120.2,34],[-120.1,34],[-120,34]]],[[[-119.9,34.1],[-119.7,34],[-119.5,34],[-119.8,34],[-119.9,34.1]]],[[[-120,42],[-120,39],[-114.6,35],[-114.1,34.3],[-114.5,34],[-114.5,33.6],[-114.7,33.4],[-114.7,33.1],[-114.5,33],[-114.5,32.7],[-117.1,32.5],[-117.5,33.3],[-118.1,33.8],[-118.4,33.7],[-118.5,34],[-119.1,34.1],[-119.5,34.4],[-120.6,34.6],[-120.6,35.1],[-121.9,36.3],[-121.9,36.6],[-121.8,36.9],[-122.4,37.2],[-122.5,37.5],[-122.4,37.8],[-122.4,37.6],[-122.1,37.5],[-122,37.5],[-122.4,38],[-122.2,38.1],[-121.4,38],[-122.4,38.2],[-122.5,37.8],[-123,38.1],[-122.8,38.1],[-123.7,38.9],[-123.8,39.7],[-124.4,40.4],[-124.1,40.8],[-124,41.4],[-124.2,42],[-120,42]]]]}},{"type":"Feature","properties":{"code":"US-LA","name":"United States (Louisiana)","country_code":"US","country":"United States","region":"Louisiana","level":"subnational"},"geometry":{"type":"MultiPolygon","coordinates":[[[[-91.8,29.5],[-91.8,29.5],[-92,29.6],[-91.9,29.6],[-91.8,29.5]]],[[[-91.2,33],[-91.2,32.6],[-90.9,32.3],[-91.2,32.2],[-91,32.1],[-91.4,31.8],[-91.6,31],[-89.7,31],[-89.8,30.7],[-89.5,30.2],[-90.2,30.4],[-90.4,30.1],[-90.1,30],[-89.7,30.2],[-89.8,30],[-89.7,29.9],[-89.4,30.1],[-89.4,29.8],[-89.8,29.6],[-89,29.2],[-89.2,29],[-89.4,28.9],[-89.3,29.1],[-89.4,29.1],[-90.2,29.6],[-90,29.4],[-90.1,29.1],[-90.4,29.3],[-90.9,29.1],[-91.3,29.3],[-91.1,29.3],[-91.8,29.8],[-92.1,29.8],[-92.1,29.6],[-92.3,29.5],[-93.2,29.8],[-93.9,29.7],[-93.5,31.2],[-94,32],[-94,33],[-91.2,33]]]]}},{"type":"Feature","properties":{"code":"US-FL","name":"United States (Florida)","country_code":"US","country":"United States","region":"Florida","level":"subnational"},"geometry":{"type":"MultiPolygon","coordinates":[[[[-80.6,24.9],[-80.6,25],[-80.5,25.1],[-80.3,25.3],[-80.4,25.1],[-80.6,24.9]]],[[[-80.2,27.2],[-80.3,27.4],[-80.4,27.9],[-80.4,27.7],[-80.2,27.2]]],[[[-80.7,28.3],[-80.7,28.5],[-80.6,28.6],[-80.6,28.5],[-80.7,28.3]]],[[[-86.6,30.4],[-86.5,30.4],[-87.3,30.3],[-87.3,30.3],[-86.6,30.4]]],[[[-85,31],[-84.9,30.7],[-82.2,30.6],[-82.2,30.4],[-82,30.4],[-82,30.8],[-81.5,30.7],[-81.2,29.6],[-80.6,28.5],[-80.4,27.9],[-80.6,28.6],[-80.8,28.8],[-80.8,28.4],[-80,26.8],[-80.4,25.2],[-81.1,25.1],[-81.1,25.3],[-80.9,25.2],[-81.3,25.8],[-81.7,26],[-82,26.5],[-81.8,26.7],[-82.1,26.6],[-82,27],[-82.2,26.9],[-82.2,26.8],[-82.3,26.8],[-82.7,27.5],[-82.4,27.9],[-82.7,28],[-82.6,27.8],[-82.7,27.7],[-82.9,27.9],[-82.6,28.9],[-83.7,29.9],[-84.2,30.1],[-84.5,30],[-84.3,29.9],[-85.4,29.7],[-85.4,29.8],[-85.4,29.9],[-85.3,29.7],[-85.3,29.8],[-85.6,30.1],[-85.5,30],[-85.4,30],[-85.7,30.3],[-85.8,30.2],[-85.7,30.1],[-86.3,30.4],[-86.1,30.4],[-86.3,30.5],[-87.1,30.4],[-86.9,30.4],[-87.2,30.5],[-87.3,30.3],[-87.5,30.3],[-87.3,30.4],[-87.6,30.9],[-87.6,31],[-85,31]]]]}},{"type":"Feature","properties":{"code":"US-HI","name":"United States (Hawaii)","country_code":"US","country":"United States","region":"Hawaii","level":"subnational"},"geometry":{"type":"MultiPolygon","coordinates":[[[[-155,19.3],[-155.3,19.3],[-155.7,18.9],[-155.9,19],[-156,19.7],[-155.8,20],[-155.9,20.3],[-155.2,20],[-154.8,19.5],[-155,19.3]]],[[[-156.9,20.7],[-157,20.7],[-157.1,20.9],[-156.8,20.8],[-156.9,20.7]]],[[[-156.5,20.9],[-156.2,20.9],[-156,20.8],[-156.4,20.6],[-156.7,20.9],[-156.6,21.1],[-156.5,20.9]]],[[[-156.9,21.2],[-156.7,21.2],[-157.3,21.1],[-157.2,21.2],[-156.9,21.2]]],[[[-157.7,21.4],[-157.7,21.3],[-158.1,21.3],[-158.3,21.6],[-158,21.7],[-157.7,21.4]]],[[[-160.1,21.9],[-160.2,21.8],[-160.2,21.8],[-160.1,22],[-160.1,21.9]]],[[[-159.4,21.9],[-159.8,22],[-159.8,22.1],[-159.3,22.2],[-159.4,21.9]]]]}},{"type":"Feature","properties":{"code":"US-US","name":"United States (Guantanamo Bay)","country_code":"US","country":"United States","region":"Guantanamo Bay","level":"subnational"},"geometry":{"type":"MultiPolygon","coordinates":[[[[-75.2,19.9],[-75.2,19.9],[-75.2,20],[-75.2,19.9]]],[[[-75.1,19.9],[-75.1,20],[-75.1,20],[-75.1,19.9],[-75.1,19.9]]]]}},{"type":"Feature","properties":{"code":"US-ND","name":"United States (North Dakota)","country_code":"US","country":"United States","region":"North Dakota","level":"subnational"},"geometry":{"type":"Polygon","coordinates":[[[-97.2,49],[-96.6,45.9],[-104,45.9],[-104,49],[-97.2,49]]]}},{"type":"Feature","properties":{"code":"US-MI","name":"United States (Michigan)","country_code":"US","country":"United States","region":"Michigan","level":"subnational"},"geometry":{"type":"MultiPolygon","coordinates":[[[[-84.7,45.8],[-83.4,45.3],[-83.3,45],[-83.5,45],[-83.3,44.8],[-83.3,44.3],[-83.9,44],[-83.9,43.7],[-83.7,43.6],[-83.3,44],[-82.8,44],[-82.4,43],[-82.5,42.6],[-82.8,42.6],[-83.5,41.7],[-86.8,41.8],[-86.2,42.6],[-86.2,43],[-86.5,43.6],[-86.3,44.7],[-85.6,45.2],[-85.7,44.9],[-85.5,45],[-85.5,44.8],[-85.4,45.3],[-84.9,45.4],[-85.1,45.5],[-85,45.8],[-84.7,45.8]]],[[[-88.5,47],[-88.5,46.8],[-88.1,47],[-88.3,46.8],[-87.8,46.9],[-87.4,46.5],[-86.6,46.4],[-86.1,46.7],[-85,46.8],[-85,46.5],[-84.3,46.5],[-83.9,46],[-84.7,46.1],[-84.8,45.9],[-85.5,46.1],[-86.3,45.9],[-86.6,45.6],[-86.7,45.7],[-86.6,45.9],[-87,45.7],[-87,45.9],[-87.6,45.1],[-87.9,45.4],[-87.8,45.7],[-88.1,45.9],[-90,46.3],[-90.4,46.6],[-88.7,47.2],[-88.6,47.1],[-88.5,47.1],[-88.5,47]]],[[[-87.7,47.4],[-88,47.4],[-88.4,47],[-88.4,47.2],[-88.6,47.2],[-88.2,47.5],[-87.7,47.4]]],[[[-89.1,47.8],[-89.2,47.9],[-88.5,48.2],[-88.6,48],[-89.1,47.8]]]]}},{"type":"Feature","properties":{"code":"US-TX","name":"United States (Texas)","country_code":"US","country":"United States","region":"Texas","level":"subnational"},"geometry":{"type":"MultiPolygon","coordinates":[[[[-97.2,26.1],[-97.4,26.8],[-97.4,27.1],[-97.4,27.2],[-97.2,26.1]]],[[[-97.4,27.2],[-97.3,27.5],[-97,27.8],[-97.3,27.5],[-97.4,27.2]]],[[[-96.9,28],[-97,27.9],[-97,27.9],[-96.9,28.1],[-96.9,28]]],[[[-96.6,28.3],[-96.7,28.2],[-96.8,28.1],[-96.8,28.2],[-96.4,28.4],[-96.6,28.3]]],[[[-94.9,29.2],[-95.1,29.1],[-94.8,29.3],[-94.9,29.2]]],[[[-100,36.5],[-100,34.6],[-99.7,34.4],[-99.3,34.4],[-99.2,34.2],[-98.5,34.1],[-98.2,34.1],[-97.9,33.9],[-97.6,34],[-97.4,33.8],[-97.2,33.9],[-97.1,33.7],[-96.9,34],[-96.3,33.7],[-95.2,34],[-94.4,33.6],[-94,33.6],[-94,32],[-93.5,31.2],[-93.7,30.1],[-94,29.8],[-93.9,29.7],[-94.8,29.4],[-94.5,29.6],[-94.8,29.6],[-94.8,29.8],[-95.1,29.7],[-94.9,29.3],[-95.3,28.9],[-96.2,28.5],[-96,28.7],[-96.6,28.7],[-96.4,28.4],[-96.7,28.3],[-96.8,28.5],[-96.9,28.1],[-97.2,28.2],[-97,28],[-97.2,27.8],[-97.5,27.9],[-97.3,27.7],[-97.4,27.3],[-97.8,27.4],[-97.6,27.3],[-97.4,27.3],[-97.6,26.8],[-97.1,26],[-97.4,25.8],[-99.1,26.4],[-99.5,27],[-99.5,27.6],[-100.3,28.3],[-100.7,29.1],[-101.4,29.8],[-102.3,29.9],[-102.7,29.7],[-103.2,29],[-103.4,29],[-104.5,29.7],[-104.9,30.6],[-106.2,31.5],[-106.7,32],[-103.1,32],[-103,36.5],[-100,36.5]]]]}},{"type":"Feature","properties":{"code":"CA-NT","name":"Canada (Northwest Territories)","country_code":"CA","country":"Canada","region":"Northwest Territories","level":"subnational"},"geometry":{"type":"MultiPolygon","coordinates":[[[[-135.3,69.3],[-135.5,69.4],[-135.6,69.4],[-135.3,69.4],[-135.3,69.3]]],[[[-134.2,69.6],[-133.7,69.5],[-134.4,69.1],[-134.6,69.1],[-134.7,69],[-134.7,69],[-134.2,68.7],[-134.8,69],[-136,68.9],[-135.5,69],[-135.9,69.1],[-135.9,69.3],[-135.7,69.1],[-135.5,69.1],[-135.8,69.3],[-135.2,69.3],[-135.3,69.4],[-135.2,69.5],[-134.5,69.4],[-134.5,69.7],[-134.2,69.6]]],[[[-111.9,70.3],[-112.1,70.3],[-112.3,70.4],[-111.7,70.3],[-111.9,70.3]]],[[[-116.3,70.6],[-116.1,70.5],[-116.5,70.5],[-116.5,70.5],[-116.3,70.6]]],[[[-127.5,70.4],[-126.7,69.7],[-125.4,69.3],[-125.1,69.4],[-125.6,69.4],[-125.1,69.5],[-125.4,69.7],[-124.8,69.7],[-125.3,69.8],[-124.8,70],[-125.2,70],[-124.4,70.1],[-124.7,70.1],[-124.4,70.1],[-124.5,69.7],[-124,69.7],[-124.4,69.4],[-123.5,69.4],[-123.2,69.5],[-123,69.8],[-120.8,69.6],[-120.7,69.5],[-120.7,68],[-112.5,65.5],[-110.7,65.5],[-109.3,64.8],[-102,64.2],[-102,60],[-124,60],[-124.2,60.4],[-124.6,60.7],[-124.5,60.8],[-124.6,61],[-125.3,60.8],[-125.9,60.9],[-126.8,60.8],[-127.1,61.5],[-128,61.7],[-128.6,62.1],[-129.3,62.2],[-129.2,62.5],[-129.8,62.9],[-129.6,63.1],[-130.1,63.3],[-129.8,63.5],[-129.9,63.6],[-130.8,64],[-131.1,64.4],[-131.8,64.4],[-131.7,64.5],[-132.6,64.8],[-132.4,65.1],[-132.8,65.2],[-132.2,65.6],[-132.6,65.9],[-132.3,66],[-133.6,66],[-133.7,66.1],[-133.6,66.3],[-133.8,66.3],[-133.7,66.5],[-133.8,66.8],[-134.1,67],[-133.8,67],[-136.2,67.1],[-136.1,67.3],[-136.4,67.7],[-136.4,68.9],[-135.2,68.7],[-135.6,68.9],[-134.8,68.9],[-134.3,68.7],[-134.2,68.7],[-134.6,69],[-134.6,69.1],[-134.3,69.1],[-133.7,69.4],[-133.1,69.4],[-132.9,69.7],[-132.1,69.7],[-131.4,70],[-131.2,69.8],[-130.9,70.1],[-130.5,70.2],[-130,70.1],[-129.7,70.3],[-129.4,70.1],[-130.9,69.6],[-131.1,69.6],[-132,69.5],[-132.1,69.4],[-132.8,69.3],[-132.9,69],[-133.5,68.8],[-133.2,68.7],[-132.9,68.7],[-133.4,68.8],[-132.5,68.8],[-132.8,68.9],[-132.9,69.1],[-132.3,69.2],[-132.2,69.1],[-131.6,69.5],[-131.4,69.4],[-131.5,69.3],[-131.2,69.5],[-131.3,69.3],[-131.2,69.4],[-131.2,69.6],[-131.1,69.4],[-131.1,69.6],[-131.1,69.3],[-130.9,69.5],[-131,69.3],[-130.9,69.4],[-131,69.2],[-130.9,69.1],[-130.9,69.3],[-130.4,69.7],[-128.9,70],[-129.2,69.8],[-129.2,69.7],[-128.9,69.7],[-128.3,70],[-128.3,70.1],[-127.5,70.2],[-128,70.3],[-127.9,70.4],[-128.2,70.4],[-128.1,70.5],[-127.5,70.4]],[[-119.9,67],[-124,66.3],[-125,66.3],[-125.1,66.1],[-124.8,65.9],[-124.7,66],[-124.6,66],[-124.6,66.2],[-123.1,66.1],[-123,66.3],[-121.3,66.1],[-121.5,65.9],[-122.6,66],[-122.1,65.8],[-122.8,65.6],[-122.7,65.3],[-122.9,65.3],[-123.5,65.2],[-122,64.9],[-121.6,65.1],[-121.5,65.4],[-120.4,65.6],[-120.4,65.4],[-121,65],[-121.5,64.9],[-121.2,64.8],[-119.8,65.3],[-119.5,65.3],[-120.1,65.6],[-119.6,65.7],[-119.7,65.8],[-118.9,65.8],[-118.7,65.6],[-118.5,65.6],[-117.8,65.7],[-118.3,65.9],[-118.1,66],[-117.8,66],[-118,66.1],[-117.7,66.2],[-117.7,66.3],[-117.5,66.5],[-117.9,66.4],[-117.6,66.7],[-118.6,66.3],[-120.5,66.4],[-120.3,66.5],[-119,66.9],[-119.9,67]],[[-111.2,62.8],[-112.4,62.1],[-113.3,62],[-114.3,62.4],[-114.6,62.4],[-116,62.8],[-115.7,62.5],[-115.3,62.5],[-115.3,62.2],[-114.6,61.9],[-115.5,61.7],[-115.7,61.4],[-116.1,61.4],[-115.8,61.3],[-116,61.2],[-116.8,61.3],[-117.1,61.1],[-117.6,61.3],[-117.7,61.3],[-117.2,61.1],[-116,60.8],[-113.8,61],[-113.6,61.1],[-113.7,61.3],[-112.3,61.6],[-111,62.4],[-110.3,62.4],[-110.5,62.4],[-109.9,62.6],[-110.7,62.4],[-110.3,62.5],[-110.6,62.5],[-110.8,62.5],[-109.7,62.7],[-110.4,62.8],[-111.3,62.6],[-111.7,62.4],[-111.4,62.6],[-110.7,62.8],[-110,62.8],[-109.2,62.7],[-109.3,62.6],[-108.9,62.8],[-110.4,63],[-111.2,62.8]]],[[[-116.9,70.6],[-117.2,70.5],[-117.3,70.6],[-117.2,70.6],[-116.9,70.6]]],[[[-128.1,70.6],[-128.1,70.6],[-128.3,70.5],[-128.2,70.7],[-128.1,70.6]]],[[[-110,72.5],[-110,72.5],[-110.2,72.6],[-110.1,72.6],[-110,72.5]]],[[[-110,72.7],[-110,72.6],[-110.3,72.7],[-110.2,72.7],[-110,72.7]]],[[[-110,73],[-110,72.7],[-110.7,73],[-110.5,73],[-110,73]]],[[[-114,72.8],[-114.6,72.6],[-113.5,72.7],[-113.7,72.6],[-113.4,72.7],[-113.6,72.8],[-113,73],[-111.2,72.7],[-111.3,72.6],[-111.9,72.4],[-111.7,72.3],[-111.3,72.5],[-111.1,72.3],[-110.7,72.6],[-110,72.5],[-110,70],[-112.5,70],[-112.9,69.8],[-112.9,70],[-117.1,70],[-117.1,69.9],[-116.7,69.6],[-116.9,69.7],[-117.2,69.8],[-117.4,70],[-114.5,70.3],[-111.5,70.3],[-113.9,70.7],[-117.6,70.6],[-118.4,71],[-115.1,71.5],[-118.1,71.4],[-118.3,71.5],[-117.7,71.6],[-117.9,71.6],[-117.7,71.7],[-118.9,71.6],[-119.1,71.8],[-118.7,72.1],[-118.1,72.2],[-118.6,72.4],[-118.5,72.5],[-117.4,72.9],[-114.6,73.4],[-114,73.1],[-114,72.8]]],[[[-124.3,73.6],[-124.4,73.6],[-124.1,73.6],[-124.1,73.6],[-124.3,73.6]]],[[[-120.1,74.3],[-119.6,74.2],[-119.8,74],[-119.5,74.2],[-119.1,74.2],[-119.2,74],[-118.7,74.2],[-117.4,74.2],[-115.3,73.5],[-119.1,72.6],[-119.4,72.3],[-120.2,72.3],[-120.1,72.1],[-120.4,71.9],[-120.4,71.7],[-120.5,71.5],[-121.7,71.5],[-122.8,71.1],[-123.3,71.1],[-124,71.7],[-125.2,71.9],[-125,72],[-125.8,72],[-125.9,72],[-126,72],[-125,72.6],[-125,72.8],[-124.5,72.9],[-124.9,73.1],[-123.8,73.8],[-124.2,73.9],[-124.8,74.3],[-121.6,74.6],[-120.1,74.3]]],[[[-110,75.9],[-110,75.9],[-110.1,75.9],[-110,75.9]]],[[[-122.3,75.9],[-122.4,75.9],[-122.7,75.9],[-122.4,75.9],[-122.3,75.9]]],[[[-121.1,75.7],[-121.3,75.8],[-120.9,75.9],[-120.9,75.8],[-121.1,75.7]]],[[[-118.3,75.6],[-118.6,75.5],[-119.4,75.6],[-118.6,75.9],[-117.5,76.1],[-118.3,75.6]]],[[[-110,76.5],[-110,76.2],[-110.4,76.3],[-110.4,76.4],[-110,76.5]]],[[[-114.7,76.5],[-114.1,76.4],[-114,76.2],[-112.5,76.2],[-112.4,76],[-111.7,75.9],[-112.2,75.8],[-111.4,75.8],[-111.3,75.5],[-110,75.5],[-110,74.8],[-111.7,74.5],[-113.3,74.4],[-114.4,74.7],[-112.9,75],[-111.5,75],[-110.9,75.2],[-112.4,75.1],[-112.3,75.2],[-112.7,75.3],[-112.8,75.1],[-113.9,75.1],[-113.8,75.3],[-113.3,75.4],[-114.1,75.5],[-114.2,75.2],[-114.5,75.3],[-114.6,75.3],[-114.3,75.2],[-114.4,75.1],[-115.1,75],[-115.2,75.2],[-115.6,75.1],[-115.5,75],[-115.7,75],[-116.2,75],[-116.3,75.2],[-116.7,75.1],[-117.7,75.2],[-117.2,75.5],[-116,75.5],[-115,75.7],[-117.2,75.6],[-116.9,75.8],[-114.8,75.9],[-116.7,75.9],[-116.5,76],[-116.6,76.1],[-116.3,76.2],[-114.7,76.2],[-115.9,76.3],[-114.7,76.5]]],[[[-113.5,76.8],[-114.1,76.7],[-114.9,76.8],[-113.9,76.9],[-113.5,76.8]]],[[[-113.8,77.1],[-113.9,77.1],[-113.9,77.1],[-113.7,77.1],[-113.8,77.1]]],[[[-116.4,77.5],[-115.4,77.3],[-116.3,77.2],[-116.2,77],[-115.7,76.9],[-116.4,76.9],[-115.9,76.7],[-117,76.5],[-116.9,76.3],[-117.1,76.3],[-118.1,76.4],[-117.7,76.8],[-117.8,76.8],[-118.5,76.7],[-118.3,76.6],[-118.5,76.5],[-118.9,76.5],[-118.6,76.3],[-119.1,76.1],[-119.7,76.3],[-119.6,76.2],[-119.8,76.1],[-119.5,76],[-119.9,75.9],[-120.5,75.8],[-120.4,76],[-120.9,76.2],[-121,76.1],[-120.9,76],[-121,75.9],[-122.1,76],[-122.5,75.9],[-122.7,76],[-122.5,76.1],[-122.7,76.1],[-122.6,76.2],[-123,76.1],[-122.6,76.4],[-121.5,76.4],[-121.2,76.6],[-120.4,76.8],[-119.2,77.3],[-117,77.3],[-117.2,77.3],[-116.7,77.4],[-117.1,77.5],[-116.4,77.5]]],[[[-114.1,78],[-113.6,77.8],[-114.3,77.7],[-115.1,78],[-114.1,78]]],[[[-110,78.1],[-110,77.9],[-110.9,77.9],[-110.1,77.8],[-110.1,77.6],[-110.9,77.4],[-112.4,77.4],[-113.2,77.5],[-113.3,77.8],[-112.3,78],[-110,78.1]]],[[[-110,78.7],[-110,78.3],[-110.3,78.3],[-113.3,78.3],[-111,78.7],[-110,78.7]]]]}},{"type":"Feature","properties":{"code":"CA-YU","name":"Canada (Yukon Territory)","country_code":"CA","country":"Canada","region":"Yukon Territory","level":"subnational"},"geometry":{"type":"MultiPolygon","coordinates":[[[[-140.5,69.6],[-139.1,69.5],[-138,69.1],[-136.4,68.9],[-136.4,67.7],[-136.2,67.5],[-136.2,67],[-133.8,67],[-134.1,67],[-133.8,66.8],[-133.7,66.5],[-133.8,66.3],[-133.6,66.3],[-133.7,66.1],[-133.6,66],[-132.3,66],[-132.6,65.9],[-132.2,65.6],[-132.8,65.2],[-132.4,65.1],[-132.6,64.8],[-131.7,64.5],[-131.8,64.4],[-131.1,64.4],[-130.8,64],[-129.9,63.6],[-129.8,63.5],[-130.1,63.3],[-129.6,63.1],[-129.8,62.9],[-129.2,62.5],[-129.3,62.2],[-128.6,62.1],[-128,61.7],[-127.1,61.5],[-126.8,60.8],[-125.9,60.9],[-125.3,60.8],[-124.6,61],[-124.5,60.8],[-124.6,60.7],[-124.2,60.4],[-124,60],[-123.8,60],[-139,60],[-139.2,60.1],[-139.1,60.3],[-140,60.2],[-141,60.3],[-141,69.6],[-140.5,69.6]]],[[[-138.9,69.6],[-139.1,69.5],[-139.3,69.6],[-139.1,69.6],[-138.9,69.6]]]]}},{"type":"Feature","properties":{"code":"CA-NF","name":"Canada (Newfoundland)","country_code":"CA","country":"Canada","region":"Newfoundland","level":"subnational"},"geometry":{"type":"MultiPolygon","coordinates":[[[[-54.3,47.4],[-54.4,47.4],[-54.1,47.7],[-54.2,47.5],[-54.3,47.4]]],[[[-55.9,47.6],[-56,47.6],[-56.1,47.6],[-55.9,47.7],[-55.9,47.6]]],[[[-53.7,48.1],[-53.5,48.2],[-53.6,48.1],[-53.9,48.2],[-53.7,48.1]]],[[[-54.6,49.6],[-54.9,49.5],[-54.9,49.6],[-54.5,49.7],[-54.6,49.6]]],[[[-54,49.6],[-54.3,49.6],[-54.3,49.6],[-54.1,49.8],[-54,49.6]]],[[[-55.6,50.7],[-55.6,50.8],[-55.5,50.8],[-55.5,50.7],[-55.6,50.7]]],[[[-55.9,51.5],[-55.4,51.6],[-55.6,51.3],[-56.1,51.4],[-55.7,51.1],[-56.1,50.7],[-56.1,50.9],[-56.2,50.6],[-56.9,49.7],[-56.8,49.7],[-56.8,49.5],[-56.1,50.2],[-55.8,49.9],[-55.5,50],[-56,49.7],[-56.1,49.6],[-55.8,49.7],[-56.1,49.4],[-55.8,49.5],[-55.7,49.4],[-55.5,49.5],[-55.6,49.4],[-55.4,49.5],[-55.3,49.3],[-55.3,49.5],[-55.1,49.5],[-55.4,49],[-55.1,49.4],[-54.8,49.3],[-54.5,49.5],[-54.5,49.3],[-54,49.5],[-53.5,49.3],[-53.6,49],[-54.1,48.8],[-53.8,48.8],[-53.9,48.7],[-53.9,48.6],[-53.6,48.7],[-54,48.5],[-53.6,48.4],[-53.4,48.6],[-53,48.6],[-53.2,48.3],[-53.7,48.2],[-53.9,48.2],[-53.9,48.2],[-53.7,48.1],[-53.9,48],[-53.6,48],[-53.9,47.8],[-53.6,47.5],[-53.3,48],[-52.9,48.2],[-52.8,48.1],[-53.3,47.6],[-53.1,47.4],[-52.8,47.8],[-52.6,47.5],[-53.1,46.6],[-53.6,46.6],[-53.6,47.2],[-54.2,46.8],[-53.9,47.4],[-54,47.8],[-54.2,47.8],[-54.5,47.4],[-54.6,47.4],[-54.4,47.6],[-55.4,46.9],[-56,46.9],[-54.8,47.6],[-55,47.6],[-54.9,47.8],[-55.1,47.6],[-55.4,47.7],[-55.4,47.5],[-55.6,47.4],[-55.9,47.4],[-55.7,47.6],[-56.2,47.5],[-55.6,47.7],[-55.9,47.7],[-55.8,48],[-56.2,47.6],[-56.8,47.5],[-58,47.7],[-59.3,47.6],[-59.4,47.9],[-58.4,48.5],[-59.2,48.5],[-58.8,48.8],[-59,48.6],[-58.7,48.6],[-58.4,49.1],[-58.4,49.1],[-58,49],[-57.9,49],[-58.1,49.1],[-57.9,49.1],[-58.1,49.2],[-57.9,49.2],[-58.2,49.2],[-58.2,49.4],[-58,49.6],[-57.7,49.5],[-57.9,49.7],[-57.4,50.6],[-57.2,50.6],[-57.4,50.7],[-56.9,50.9],[-56.7,51.3],[-55.8,51.6],[-55.9,51.5]]],[[[-55.8,53.4],[-56,53.4],[-56,53.5],[-55.7,53.5],[-55.8,53.4]]],[[[-58,54.8],[-57.8,54.8],[-58.1,54.8],[-58.2,54.9],[-57.9,54.9],[-58,54.8]]],[[[-60.9,55.9],[-60.9,56],[-60.7,55.9],[-60.8,55.9],[-60.9,55.9]]],[[[-60.9,56],[-61.1,56],[-61.2,56.1],[-61.1,56.2],[-60.9,56]]],[[[-61.6,56.4],[-61.5,56.4],[-61.4,56.3],[-61.8,56.4],[-61.6,56.4]]],[[[-61.4,56.5],[-61.2,56.5],[-61.1,56.4],[-61.6,56.5],[-61.4,56.5]]],[[[-61.2,56.6],[-61.2,56.7],[-61.1,56.7],[-61.1,56.6],[-61.2,56.6]]],[[[-61.4,56.9],[-61.4,56.9],[-61.6,56.8],[-61.4,56.8],[-61.4,56.6],[-61.6,56.7],[-61.4,56.9]]],[[[-61.6,57.3],[-61.7,57.3],[-61.8,57.3],[-61.7,57.4],[-61.6,57.3]]],[[[-61.7,57.4],[-61.8,57.4],[-61.9,57.4],[-61.6,57.5],[-61.7,57.4]]],[[[-61.9,57.5],[-62,57.5],[-62,57.5],[-61.8,57.5],[-61.9,57.5]]],[[[-61.7,57.7],[-61.8,57.7],[-61.9,57.8],[-61.7,57.8],[-61.7,57.7]]],[[[-61.9,57.8],[-62.1,57.8],[-62.1,57.8],[-61.9,57.9],[-61.9,57.8]]],[[[-64,59.7],[-64.1,59.7],[-64.2,59.7],[-64.1,59.9],[-64,59.7]]],[[[-64.5,60.3],[-64.4,60.3],[-64.6,60.3],[-64.7,60.2],[-64.4,60.2],[-64.8,60],[-64.4,60.1],[-64.5,59.9],[-64.2,60],[-64.3,59.8],[-64.1,59.6],[-64.1,59.5],[-64,59.6],[-63.7,59.5],[-64.1,59.4],[-63.4,59.2],[-64,59],[-63.1,59],[-63.3,59],[-63.2,58.9],[-63.3,58.9],[-63,58.9],[-62.8,58.7],[-63.6,58.3],[-63.2,58.5],[-62.6,58.5],[-62.8,58.3],[-62.6,58.2],[-63,58.2],[-63.3,58],[-62.5,58.2],[-62.5,58.1],[-62.5,58.1],[-62.3,58],[-62.5,58],[-62.7,57.9],[-62.1,58],[-62.1,57.8],[-61.9,57.6],[-62.5,57.5],[-61.9,57.4],[-61.8,57.4],[-62,57.2],[-61.4,57.1],[-61.7,56.8],[-61.9,56.8],[-61.7,56.6],[-62.5,56.8],[-62.1,56.8],[-62.6,56.8],[-61.7,56.6],[-62.1,56.5],[-61.7,56.3],[-62.1,56.3],[-61.3,56.2],[-61.5,56.1],[-61.2,56],[-61.5,56],[-61.1,56],[-61.1,55.8],[-60.7,55.8],[-60.9,55.7],[-60.6,55.8],[-60.7,55.6],[-60.5,55.8],[-60.3,55.8],[-60.5,55.6],[-60.3,55.6],[-60.5,55.3],[-60.3,55.5],[-60.2,55.4],[-60.7,55],[-60.1,55.2],[-60.3,55],[-59.8,55.3],[-59.7,55.2],[-60,55.1],[-59.4,55.1],[-59.8,54.9],[-59.9,54.7],[-59.2,55.2],[-59.4,55],[-59,55.2],[-58.9,54.8],[-57.3,54.6],[-57.7,54.5],[-57.4,54.5],[-57.6,54.4],[-59.6,54],[-58.4,54.2],[-58.6,54],[-60.1,53.8],[-60.1,53.5],[-60.4,53.7],[-60.9,53.8],[-60.1,53.5],[-60.4,53.3],[-59.1,53.7],[-58.6,54],[-57.8,54.1],[-58.4,54.2],[-57.5,54.2],[-57.1,53.8],[-57.5,53.6],[-57.3,53.6],[-57.3,53.4],[-57,53.7],[-56.5,53.8],[-56.7,53.7],[-56,53.6],[-56.3,53.5],[-55.8,53.3],[-55.8,53.1],[-56.2,53],[-55.8,52.9],[-56.1,52.8],[-55.8,52.6],[-56.5,52.6],[-55.6,52.4],[-56.2,52.4],[-55.7,52.2],[-55.7,52.1],[-57.1,51.4],[-57.1,52],[-63.8,52],[-64.1,52.5],[-63.4,52.7],[-63.8,53.1],[-64.2,52.8],[-64.1,52.2],[-64.3,51.7],[-64.6,51.6],[-64.7,51.8],[-64.6,51.8],[-65.1,52.2],[-65.8,52],[-66.2,52.3],[-66.4,52.2],[-66.4,52.7],[-66.3,52.9],[-66.5,53],[-66.7,52.7],[-67.1,52.7],[-66.9,53.3],[-67.5,53.6],[-67.4,53.8],[-67.8,54],[-67.5,54.2],[-67.6,54.6],[-67,54.6],[-67.4,55.1],[-66.7,54.7],[-66.6,54.8],[-66.8,55.3],[-65.7,54.7],[-64.4,54.8],[-63.7,54.6],[-63.4,55],[-63.5,55.2],[-63.1,55.3],[-63.1,55.5],[-63.7,55.9],[-63.5,56],[-64,56.1],[-63.9,56.2],[-64.1,56.3],[-63.9,56.5],[-64.1,56.7],[-63.8,57.1],[-63.8,57.6],[-63.6,57.7],[-64,57.8],[-64.4,58.1],[-63.8,58.5],[-64.1,58.6],[-64,58.7],[-63.5,58.8],[-64.9,58.9],[-64.7,59.1],[-64.3,59],[-64.5,59.2],[-64.3,59.5],[-64.8,59.5],[-64.7,59.9],[-64.9,60],[-64.9,60.1],[-64.6,60.1],[-64.8,60.3],[-64.5,60.3]]],[[[-64.4,60.3],[-64.4,60.3],[-64.5,60.3],[-64.4,60.4],[-64.4,60.3]]]]}},{"type":"Feature","properties":{"code":"CA-PE","name":"Canada (Prince Edward Island)","country_code":"CA","country":"Canada","region":"Prince Edward Island","level":"subnational"},"geometry":{"type":"Polygon","coordinates":[[[-64.1,46.8],[-63.8,46.4],[-63.7,46.6],[-63.2,46.4],[-62,46.5],[-62.4,46.4],[-62.6,46.2],[-62.5,46],[-62.8,46],[-63.1,46.2],[-63,46.3],[-63.2,46.1],[-63.6,46.2],[-63.8,46.4],[-64.1,46.4],[-64.1,46.6],[-64.4,46.7],[-64,47],[-64.1,46.8]]]}},{"type":"Feature","properties":{"code":"CA-NS","name":"Canada (Nova Scotia)","country_code":"CA","country":"Canada","region":"Nova Scotia","level":"subnational"},"geometry":{"type":"MultiPolygon","coordinates":[[[[-61,45.5],[-61,45.5],[-61.1,45.5],[-60.9,45.6],[-61,45.5]]],[[[-63.7,45.8],[-62.7,45.8],[-62.5,45.6],[-61.9,45.9],[-61.9,45.7],[-61.5,45.7],[-61.3,45.5],[-61.5,45.3],[-61,45.3],[-63.4,44.6],[-63.7,44.7],[-63.5,44.5],[-63.6,44.4],[-63.9,44.5],[-63.9,44.7],[-64.1,44.5],[-64.2,44.6],[-64.3,44.4],[-64.3,44.3],[-65.5,43.5],[-65.7,43.5],[-65.9,43.8],[-66.1,43.8],[-66.2,44.2],[-65.9,44.6],[-66.2,44.4],[-66,44.6],[-65.7,44.6],[-65.5,44.7],[-65.7,44.8],[-64.4,45.3],[-64.5,45.3],[-64.3,45.3],[-64.4,45.1],[-64.2,45],[-64.2,45.2],[-63.4,45.4],[-64.9,45.3],[-64.1,46],[-63.7,45.8]]],[[[-60.4,46.9],[-60.3,46.7],[-60.6,46.2],[-60.4,46.3],[-61.1,46],[-60.7,46.1],[-61.1,45.7],[-60.5,45.9],[-60.8,45.9],[-60.3,46.3],[-59.9,46.2],[-59.8,45.9],[-60.4,45.6],[-61.3,45.6],[-61.5,46],[-61.5,46.1],[-60.6,47],[-60.5,47],[-60.4,46.9]]]]}},{"type":"Feature","properties":{"code":"CA-QB","name":"Canada (Quebec)","country_code":"CA","country":"Canada","region":"Quebec","level":"subnational"},"geometry":{"type":"MultiPolygon","coordinates":[[[[-71.1,46.9],[-71.1,46.9],[-70.8,47],[-70.9,46.9],[-71.1,46.9]]],[[[-61.4,47.6],[-62,47.3],[-61.8,47.2],[-62,47.2],[-61.9,47.4],[-61.4,47.6]]],[[[-62.2,49.4],[-61.7,49.1],[-62.2,49.1],[-63.1,49.2],[-64.5,49.9],[-64.1,49.9],[-63.1,49.8],[-62.2,49.4]]],[[[-64.5,60.4],[-64.5,60.3],[-64.9,60.5],[-64.6,60.5],[-64.5,60.4]]],[[[-76.3,62.4],[-75.7,62.3],[-75.9,62.2],[-75.3,62.3],[-74.6,62.1],[-74.8,62.2],[-73.7,62.5],[-72.6,62.1],[-72.7,61.9],[-72.2,61.9],[-72,61.7],[-72.3,61.6],[-72,61.6],[-71.9,61.7],[-71.6,61.6],[-71.9,61.4],[-71.4,61.1],[-70.1,61.1],[-69.9,60.8],[-69.5,61.1],[-69.4,60.8],[-69.8,60.5],[-69.6,60.1],[-70.9,60.1],[-69.7,60],[-69.6,59.8],[-69.5,59.7],[-69.8,59.5],[-69.6,59.4],[-69.7,59.3],[-69.2,59.2],[-69.5,59.2],[-69.3,59.1],[-69.6,58.8],[-69.9,59.1],[-69.8,58.8],[-70.2,58.8],[-69.8,58.6],[-69.3,58.9],[-68.4,58.8],[-68.2,58.4],[-68.3,58.1],[-69.1,57.9],[-69.4,57.8],[-68.4,58],[-68,58.6],[-67.9,58.3],[-68.1,58.1],[-67.7,58.5],[-67.7,57.9],[-67.6,58.2],[-66.6,58.5],[-66.4,58.9],[-65.9,58.6],[-66.1,58.4],[-66.1,58.3],[-65.9,58.6],[-66.1,58.8],[-65.8,58.9],[-66,58.9],[-65.3,59],[-65.7,59.2],[-65.6,59.4],[-65.4,59.3],[-65.5,59.5],[-65,59.4],[-65.4,59.5],[-65.5,59.7],[-65.3,59.8],[-65.2,59.8],[-65,59.8],[-65.2,59.9],[-64.8,60.4],[-64.5,60.3],[-64.8,60.3],[-64.6,60.1],[-64.9,60.1],[-64.7,59.9],[-64.8,59.5],[-64.3,59.5],[-64.5,59.2],[-64.3,59],[-64.7,59.1],[-64.9,58.9],[-63.5,58.8],[-64,58.7],[-64.1,58.6],[-63.8,58.5],[-64.4,58.1],[-64,57.8],[-63.6,57.7],[-63.8,57.6],[-63.8,57.1],[-64.1,56.7],[-63.9,56.5],[-64.1,56.3],[-63.9,56.2],[-64,56.1],[-63.5,56],[-63.7,55.9],[-63.1,55.5],[-63.1,55.3],[-63.5,55.2],[-63.4,55],[-63.7,54.6],[-64.4,54.8],[-65.7,54.7],[-66.8,55.3],[-66.6,54.8],[-66.7,54.7],[-67.4,55.1],[-67,54.6],[-67.6,54.6],[-67.5,54.2],[-67.8,54],[-67.4,53.8],[-67.5,53.6],[-66.9,53.3],[-67.1,52.7],[-66.7,52.7],[-66.5,53],[-66.3,52.9],[-66.4,52.7],[-66.4,52.2],[-66.2,52.3],[-65.8,52],[-65.1,52.2],[-64.6,51.8],[-64.7,51.8],[-64.6,51.6],[-64.3,51.7],[-64.1,52.2],[-64.2,52.8],[-63.8,53.1],[-63.5,53],[-63.6,52.8],[-63.4,52.7],[-64.1,52.5],[-63.8,52],[-57.1,52],[-57.1,51.4],[-57.7,51.5],[-58.6,51.3],[-58.6,51.2],[-59,51],[-59,50.8],[-60.1,50.2],[-61.7,50.1],[-61.6,50.2],[-62.4,50.3],[-66.4,50.3],[-67.1,49.8],[-67.4,49.3],[-68.6,49.1],[-69.7,48.1],[-70,48.3],[-71,48.5],[-69.7,48.1],[-70.2,47.5],[-70.5,47.4],[-71.3,46.7],[-70.5,47],[-68.9,48.3],[-66.7,49.1],[-65,49.2],[-64.4,49],[-64.2,48.8],[-64.5,48.9],[-64.2,48.6],[-64.2,48.5],[-65.3,48],[-65.9,48.2],[-67.4,47.9],[-67.6,48],[-68.4,47.9],[-68.4,47.6],[-69.1,47.3],[-69,47.4],[-69.2,47.5],[-70,46.7],[-70.3,46.2],[-70.3,45.9],[-70.9,45.2],[-71.3,45.3],[-71.5,45],[-74.7,45],[-74.3,45.2],[-74.5,45.3],[-74.4,45.6],[-74.9,45.6],[-75.9,45.4],[-76.1,45.5],[-76.3,45.5],[-76.7,45.6],[-76.8,45.9],[-77.2,45.8],[-77.6,46.2],[-78.7,46.3],[-79.4,47.1],[-79.6,47.4],[-79.5,51],[-79.3,50.8],[-79.5,51],[-79.5,51.5],[-79.2,51.6],[-79.3,51.5],[-79,51.5],[-79,51.2],[-78.8,51.2],[-78.8,51.6],[-79,51.8],[-78.6,52.1],[-78.5,52.5],[-78.8,52.6],[-78.7,52.9],[-78.9,52.9],[-78.9,53.3],[-79.1,53.5],[-78.9,53.6],[-79.1,53.7],[-78.9,53.8],[-79.1,53.9],[-79,54],[-79.1,54.1],[-79.1,54.2],[-79.3,54.2],[-79.5,54.6],[-79.8,54.7],[-77.7,55.3],[-77.1,55.7],[-76.5,56.3],[-76.5,57.1],[-76.9,57.7],[-77.5,58.2],[-78.6,58.6],[-78.6,59],[-78.3,58.9],[-77.7,59.4],[-77.9,59.4],[-77.7,59.5],[-77.8,59.7],[-77.3,59.6],[-77.5,59.8],[-77.3,59.8],[-77.4,59.9],[-77.2,60],[-76.8,60.1],[-76.8,60.2],[-77.6,60.1],[-77.5,60.2],[-77.7,60.4],[-77.4,60.5],[-77.8,60.6],[-77.5,60.8],[-78.2,60.8],[-77.7,61.2],[-77.8,61.4],[-77.5,61.5],[-78,61.7],[-78.2,62.3],[-77.5,62.6],[-76.3,62.4]]]]}},{"type":"Feature","properties":{"code":"CA-NV","name":"Canada (Nunavut)","country_code":"CA","country":"Canada","region":"Nunavut","level":"subnational"},"geometry":{"type":"MultiPolygon","coordinates":[[[[-79.3,52.1],[-79.4,51.9],[-79.7,52],[-79.3,52.1],[-79.3,52.1]]],[[[-79.8,53.1],[-79.9,53.1],[-79.9,53.2],[-79.8,53.2],[-79.8,53.1]]],[[[-80.7,52.7],[-81,52.7],[-82.1,53],[-81.9,53.2],[-81.1,53.2],[-80.7,52.7]]],[[[-79.9,53.3],[-80,53.3],[-80.1,53.4],[-79.9,53.4],[-79.9,53.3]]],[[[-79.1,54.9],[-79.2,54.9],[-79.8,54.8],[-79.5,54.9],[-79,54.9],[-79.1,54.9]]],[[[-79.1,55.8],[-79,56.1],[-79,56.1],[-78.9,56],[-79.1,55.8]]],[[[-78.8,56.1],[-78.8,56.3],[-78.7,56.4],[-78.7,56.2],[-78.8,56.1]]],[[[-79.6,56.4],[-79.7,56.3],[-80.1,56.2],[-79.5,56.5],[-79.6,56.4]]],[[[-79,56.4],[-78.9,56.4],[-78.9,56.3],[-79.2,55.9],[-79,56.4],[-79.1,56.3],[-79.1,56.2],[-79.3,55.9],[-79.2,56.2],[-79.5,55.9],[-79.8,55.8],[-79.5,56.1],[-80,55.9],[-79.5,56.3],[-79.5,56.6],[-79.5,56.2],[-79.3,56.6],[-79,56.4]]],[[[-79.5,56.7],[-79.6,56.7],[-79.6,56.8],[-79.5,56.8],[-79.5,56.7]]],[[[-79.9,56.7],[-80,56.8],[-79.9,56.9],[-79.8,56.8],[-79.9,56.7]]],[[[-79.8,56.9],[-79.8,56.8],[-79.8,56.9],[-79.9,56.9],[-79.8,56.9]]],[[[-79.7,57.5],[-79.8,57.4],[-79.8,57.5],[-79.7,57.6],[-79.7,57.5]]],[[[-69.3,58.9],[-69.4,59.1],[-69.2,59.1],[-69.2,59],[-69.3,58.9]]],[[[-80.3,59.6],[-80.3,59.6],[-80.1,59.7],[-80.2,59.7],[-80.3,59.6]]],[[[-80.1,59.8],[-80.2,59.7],[-79.9,59.9],[-80,59.8],[-80.1,59.8]]],[[[-68.3,60.2],[-68.4,60.3],[-68.1,60.6],[-67.8,60.5],[-68.3,60.2]]],[[[-78.6,60.7],[-78.7,60.7],[-78.2,60.8],[-78.3,60.8],[-78.6,60.7]]],[[[-64.8,61.4],[-65,61.3],[-65.5,61.6],[-64.7,61.7],[-64.8,61.4]]],[[[-65.7,61.8],[-65.8,61.8],[-65.9,61.8],[-65.8,61.9],[-65.7,61.8]]],[[[-93,61.9],[-93.1,61.8],[-93.2,61.9],[-93.1,61.9],[-93,61.9]]],[[[-64.9,61.7],[-65.2,61.8],[-65.3,61.9],[-65,61.9],[-64.9,61.7]]],[[[-92.2,62.4],[-92.3,62.4],[-92.4,62.4],[-92.1,62.4],[-92.2,62.4]]],[[[-79.5,62.4],[-79.3,62.2],[-79.6,61.6],[-79.8,61.6],[-80.3,61.8],[-80.3,62.1],[-80,62.4],[-79.5,62.4]]],[[[-64.7,62.5],[-64.4,62.5],[-64.6,62.4],[-65,62.5],[-64.7,62.5]]],[[[-78,62.6],[-77.9,62.6],[-77.8,62.6],[-78.1,62.6],[-78,62.6]]],[[[-65,62.5],[-65.1,62.5],[-65.1,62.5],[-64.8,62.6],[-65,62.5]]],[[[-74.3,62.7],[-74.1,62.7],[-74,62.6],[-74.6,62.7],[-74.3,62.7]]],[[[-70.7,62.8],[-70.4,62.7],[-70.2,62.6],[-70.7,62.6],[-70.8,62.8],[-71.2,62.9],[-70.7,62.8]]],[[[-81.9,63],[-82,62.7],[-83.1,62.2],[-83.7,62.1],[-83.9,62.4],[-83.3,62.9],[-81.9,63]]],[[[-78.1,63.5],[-77.7,63.4],[-77.5,63.3],[-77.9,63.1],[-78.6,63.4],[-78.1,63.5]]],[[[-90.8,63.5],[-90.8,63.5],[-91,63.5],[-90.7,63.5],[-90.8,63.5]]],[[[-64.8,63.4],[-64.9,63.4],[-65.1,63.6],[-64.9,63.5],[-64.8,63.4]]],[[[-64.1,63.5],[-64.2,63.5],[-64.2,63.6],[-64.1,63.6],[-64.1,63.5]]],[[[-64.1,63.3],[-64.4,63.4],[-64.5,63.6],[-64.3,63.6],[-64.1,63.3]]],[[[-76.8,63.6],[-76.5,63.5],[-77,63.4],[-77.5,63.6],[-76.8,63.6]]],[[[-72.6,63.6],[-72.6,63.6],[-72.8,63.7],[-72.5,63.7],[-72.6,63.6]]],[[[-64,63.7],[-64.2,63.7],[-64.2,63.7],[-64.1,63.8],[-64,63.7]]],[[[-64.2,63.9],[-64.2,63.8],[-64.4,63.8],[-64.4,63.9],[-64.2,63.9]]],[[[-64.6,63.8],[-64.4,63.7],[-64.9,63.8],[-64.6,63.9],[-64.6,63.8]]],[[[-77.7,63.9],[-78,64],[-78,64],[-77.5,64],[-77.7,63.9]]],[[[-64.9,64.2],[-65.1,64.2],[-65.1,64.3],[-65,64.4],[-64.9,64.2]]],[[[-73.7,64.3],[-73.8,64.3],[-73.8,64.4],[-73.7,64.4],[-73.7,64.3]]],[[[-64.8,64.3],[-64.9,64.4],[-64.9,64.4],[-64.8,64.3],[-64.8,64.3]]],[[[-74.3,64.4],[-74.4,64.4],[-74.4,64.5],[-74.2,64.4],[-74.3,64.4]]],[[[-73.6,64.3],[-73.7,64.5],[-73.5,64.6],[-73.5,64.4],[-73.6,64.3]]],[[[-65.5,64.5],[-65.7,64.5],[-65.4,64.7],[-65.2,64.6],[-65.5,64.5]]],[[[-62.3,65.7],[-62.1,65.7],[-62.5,65.7],[-62.3,65.7],[-62.3,65.7]]],[[[-83.3,65.8],[-83.5,65.8],[-83.6,65.9],[-83.4,65.9],[-83.3,65.8]]],[[[-85.5,65.8],[-85.2,65.8],[-85.1,65.6],[-85.3,65.5],[-84.9,65.2],[-84.6,65.5],[-84.1,65.2],[-83.4,65.1],[-83.2,64.9],[-81.8,64.5],[-81.6,64.1],[-82,64],[-80.9,64],[-80.9,64.1],[-80.2,63.8],[-81.1,63.5],[-82.5,63.7],[-82.4,63.9],[-83.1,64],[-83,64.1],[-83.1,64.2],[-83.5,64.1],[-83.7,64],[-83.6,63.8],[-85.3,63.1],[-85.6,63.2],[-85.7,63.7],[-87.2,63.6],[-86.9,63.9],[-86.2,64.1],[-86.4,64.4],[-86.2,64.8],[-86.1,65.5],[-85.8,65.9],[-85.5,65.9],[-85.5,65.8]]],[[[-84.7,65.5],[-85.1,65.8],[-85.2,66],[-84.9,66],[-84.6,65.7],[-84.7,65.5]]],[[[-83.9,66],[-83.7,65.9],[-83.7,65.8],[-83.2,65.7],[-83.8,65.6],[-83.7,65.8],[-84.1,65.8],[-84.1,65.9],[-84.5,66.1],[-83.9,66]]],[[[-62.2,66.2],[-62.2,66.2],[-62.4,66.2],[-62.3,66.3],[-62.2,66.2]]],[[[-83.1,66.3],[-82.9,66.3],[-83.1,66.2],[-83.3,66.3],[-83.1,66.3]]],[[[-66.6,66.3],[-66.7,66.3],[-67,66.4],[-66.6,66.3],[-66.6,66.3]]],[[[-107.9,66.9],[-107.8,67],[-107.8,67],[-107.8,66.9],[-107.9,66.9]]],[[[-62.9,67],[-63,67],[-63.1,67.1],[-63,67.1],[-62.9,67]]],[[[-62.6,67.1],[-62.8,67],[-62.9,67.1],[-62.4,67.2],[-62.6,67.1]]],[[[-107.4,67.1],[-107.5,67.1],[-107.6,67.2],[-107.4,67.1],[-107.4,67.1]]],[[[-95.4,67.2],[-95.4,67.2],[-95.6,67.2],[-95.3,67.3],[-95.4,67.2]]],[[[-63.4,67.3],[-63.5,67.3],[-63.8,67.3],[-63.6,67.4],[-63.4,67.3]]],[[[-107.9,67.3],[-108.1,67.4],[-108.1,67.4],[-107.9,67.5],[-107.9,67.3]]],[[[-108.4,67.5],[-108.5,67.5],[-108.5,67.6],[-108.3,67.6],[-108.4,67.5]]],[[[-108.1,67.5],[-108.3,67.5],[-108.2,67.6],[-108.2,67.5],[-108.1,67.5]]],[[[-63.9,67.5],[-64,67.5],[-64,67.6],[-63.8,67.5],[-63.9,67.5]]],[[[-108.1,67.5],[-108.1,67.5],[-108.1,67.7],[-107.9,67.5],[-108.1,67.5]]],[[[-97.5,67.6],[-97.6,67.7],[-97.3,67.7],[-97.3,67.7],[-97.5,67.6]]],[[[-108.4,67.9],[-108.6,67.9],[-108.7,67.9],[-108.4,67.9],[-108.4,67.9]]],[[[-111.1,67.8],[-111.1,67.9],[-110.8,68],[-110.9,67.9],[-111.1,67.8]]],[[[-108.1,67.9],[-108.3,67.9],[-108.1,68],[-108.1,67.9],[-108.1,67.9]]],[[[-109.2,68],[-109,68],[-108.9,67.9],[-109,67.9],[-109.2,68]]],[[[-109.3,68],[-109.4,68],[-109.5,68],[-109.4,68.1],[-109.3,68]]],[[[-110.2,68],[-110.3,68],[-109.9,68.1],[-109.9,68.1],[-110.2,68]]],[[[-74.2,68.1],[-73.4,68],[-73.3,67.8],[-74.4,67.8],[-74.8,68],[-74.2,68.1]]],[[[-65.6,68.2],[-65.5,68.2],[-65.5,68.1],[-65.7,68.1],[-65.6,68.2]]],[[[-104.5,68.1],[-104.6,68.2],[-104.4,68.2],[-104.4,68.2],[-104.5,68.1]]],[[[-109.8,68.1],[-109.9,68.2],[-109.6,68.2],[-109.7,68.2],[-109.8,68.1]]],[[[-66.3,68.1],[-66.6,68.2],[-66.6,68.2],[-66.2,68.2],[-66.3,68.1]]],[[[-86.4,68.1],[-86.4,67.9],[-86.6,67.7],[-86.9,67.8],[-86.8,68],[-87,68.1],[-86.7,68.3],[-86.4,68.2],[-86.4,68.1]]],[[[-111.7,68.2],[-111.7,68.3],[-111.5,68.3],[-111.6,68.3],[-111.7,68.2]]],[[[-75.6,68.3],[-75,68.1],[-75.2,68],[-75,67.6],[-75.2,67.4],[-76.7,67.2],[-77.1,67.3],[-77.2,67.5],[-77.3,67.8],[-76.7,68.2],[-75.6,68.3]]],[[[-79,68.2],[-79.2,68.3],[-78.8,68.3],[-78.8,68.2],[-79,68.2]]],[[[-82.1,68.3],[-82.3,68.3],[-82.3,68.4],[-82,68.3],[-82.1,68.3]]],[[[-74.2,68.2],[-74.3,68.3],[-74.4,68.4],[-74.1,68.3],[-74.2,68.2]]],[[[-110.9,68.5],[-110.9,68.5],[-111.1,68.5],[-110.7,68.5],[-110.9,68.5]]],[[[-104.5,68.4],[-104.9,68.5],[-105.1,68.5],[-104.7,68.6],[-104.4,68.5],[-104.5,68.4]]],[[[-78.5,68.6],[-78.7,68.4],[-79,68.5],[-78.7,68.6],[-78.9,68.7],[-78.5,68.6]]],[[[-74.6,68.6],[-74.8,68.6],[-74.9,68.6],[-74.7,68.7],[-74.6,68.6]]],[[[-74.8,68.4],[-75,68.3],[-75.4,68.6],[-75,68.7],[-74.8,68.4]]],[[[-68.1,68.8],[-67.7,68.7],[-67.7,68.7],[-68.5,68.8],[-68.1,68.8]]],[[[-101.8,68.6],[-102.2,68.6],[-102.3,68.7],[-102,68.8],[-101.7,68.8],[-101.8,68.6]]],[[[-89.9,68.7],[-90,68.8],[-89.9,68.9],[-89.8,68.8],[-89.9,68.7]]],[[[-89.9,68.9],[-90.1,68.9],[-90.1,69],[-89.9,69],[-89.9,68.9]]],[[[-100.2,68.8],[-100.6,68.8],[-100.6,69],[-100.3,69],[-100.1,68.9],[-100.2,68.8]]],[[[-100,68.9],[-100.2,69],[-100.3,69],[-100.1,69.1],[-100,68.9]]],[[[-101.7,69.1],[-101.7,69.2],[-101.5,69.2],[-101.6,69.1],[-101.7,69.1]]],[[[-90.5,69.2],[-90.8,69.3],[-90.8,69.3],[-90.6,69.4],[-90.5,69.2]]],[[[-78.4,69.4],[-78.2,69.3],[-78.8,68.9],[-79.4,68.9],[-79.2,69.1],[-78.4,69.4]]],[[[-90.3,69.2],[-90.5,69.4],[-90.2,69.4],[-90.2,69.3],[-90.3,69.2]]],[[[-77,69.4],[-76.6,69.3],[-77.1,69.1],[-77.4,69.2],[-77.3,69.4],[-77,69.4]]],[[[-101.1,69.5],[-101.2,69.4],[-101.2,69.5],[-101.4,69.5],[-101.1,69.5]]],[[[-96.7,69.6],[-96.2,69.6],[-96.1,69.5],[-96.2,69.4],[-96.7,69.6]]],[[[-67.3,69.6],[-67.5,69.5],[-67.7,69.5],[-67.5,69.6],[-67.3,69.6]]],[[[-95.5,69.6],[-95.4,69.5],[-95.5,69.3],[-95.7,69.3],[-95.7,69.5],[-95.8,69.6],[-95.9,69.3],[-96,69.4],[-95.9,69.6],[-95.5,69.6]]],[[[-67.9,69.5],[-68.2,69.6],[-68.2,69.6],[-67.9,69.7],[-67.9,69.5]]],[[[-77.9,69.6],[-78.5,69.5],[-78.9,69.5],[-78.2,69.8],[-77.9,69.6]]],[[[-82.5,69.7],[-82.7,69.7],[-82.9,69.8],[-82.5,69.8],[-82.5,69.7]]],[[[-79.4,69.8],[-79.3,69.7],[-79.6,69.6],[-80.1,69.6],[-80,69.5],[-80.8,69.7],[-79.4,69.8]]],[[[-83.7,69.7],[-83.8,69.7],[-83.9,69.8],[-83.5,69.8],[-83.7,69.7]]],[[[-82.4,69.8],[-82.6,69.8],[-82.7,69.9],[-82.5,69.9],[-82.4,69.8]]],[[[-91.5,69.7],[-91.6,69.7],[-91.7,69.8],[-91.4,69.9],[-91.5,69.7]]],[[[-97.4,69.7],[-97.5,69.7],[-96.2,69.3],[-96.2,69],[-96,69.2],[-95.8,68.9],[-95.2,68.9],[-96.5,68.4],[-98.1,68.7],[-98.4,68.9],[-98.5,68.7],[-98.8,68.9],[-99.2,68.8],[-99.6,69],[-98.4,69.3],[-98.6,69.4],[-98.4,69.5],[-98.5,69.6],[-98,69.4],[-98.4,69.6],[-98,69.9],[-97.4,69.7]]],[[[-97.3,69.9],[-97.2,69.9],[-97.5,69.9],[-97.5,69.9],[-97.3,69.9]]],[[[-87.1,70.2],[-86.6,70.1],[-86.5,70],[-87.4,70.1],[-87.1,70.2]]],[[[-100.2,70.5],[-100.7,70.6],[-100.7,70.7],[-100.2,70.6],[-100.2,70.5]]],[[[-71.5,71],[-71.3,71],[-72,70.8],[-72.2,70.9],[-71.9,71.1],[-71.5,71]]],[[[-71.1,71.1],[-71.3,71.1],[-71,71.2],[-71.1,71.1],[-71.1,71.1]]],[[[-96.5,71.2],[-96.6,71.2],[-96.7,71.3],[-96.5,71.3],[-96.5,71.2]]],[[[-73.1,71.5],[-73,71.5],[-72.8,71.4],[-73,71.4],[-73.1,71.3],[-73.4,71.5],[-73.1,71.5]]],[[[-72.8,71.5],[-73,71.6],[-73,71.6],[-72.7,71.7],[-72.8,71.5]]],[[[-73.4,71.6],[-73.5,71.6],[-73.3,71.7],[-73.2,71.7],[-73.4,71.6]]],[[[-95.3,71.7],[-95.4,71.7],[-95.5,71.7],[-95.3,71.8],[-95.3,71.7]]],[[[-94.4,71.9],[-94.6,71.7],[-93.7,71.8],[-93.8,71.6],[-93,71.3],[-92.9,71.2],[-93,70.8],[-92.2,70.6],[-92,70.3],[-91.7,70.4],[-91.5,70.2],[-92.3,70.2],[-92.4,70.1],[-91.9,70],[-92.9,69.7],[-92.3,69.7],[-91.8,69.5],[-91.2,69.7],[-91.1,69.6],[-91.6,69.5],[-90.3,69.4],[-90.7,69.5],[-90.6,69.4],[-90.8,69.4],[-90.9,69.2],[-91.4,69.3],[-90.4,68.9],[-90.6,68.4],[-90.3,68.2],[-89.7,68.7],[-89.7,69],[-89.3,69.2],[-89,69.2],[-88,68.8],[-87.8,68.3],[-87.9,68.2],[-88.2,68.4],[-88.4,68.3],[-88.4,68],[-88.1,67.7],[-87.4,67.3],[-87.5,67.1],[-87,67.2],[-87.1,67.3],[-86.9,67.4],[-86.5,67.4],[-86.5,67.7],[-85.9,68.1],[-85.7,68.7],[-84.8,68.7],[-85.2,68.9],[-84.5,69],[-85.5,69.3],[-85.3,69.4],[-85.5,69.5],[-85.5,69.8],[-85.3,69.8],[-85.6,69.9],[-84.4,69.9],[-83.7,69.7],[-82.3,69.6],[-82.7,69.6],[-82.5,69.5],[-83.2,69.5],[-82.2,69.4],[-82.3,69.2],[-81.3,69.2],[-82,68.9],[-81.4,68.9],[-81.3,68.6],[-82,68.4],[-82.6,68.5],[-82.3,68.3],[-82.3,68.1],[-82,68.2],[-82.2,68],[-82.1,67.9],[-81.2,67.4],[-81.5,67],[-81.9,67],[-82.6,66.6],[-83.4,66.4],[-84,66.6],[-83.9,66.9],[-84.3,66.7],[-84.4,66.8],[-84.4,67],[-84.9,67.1],[-84.6,67],[-85.2,66.9],[-84.6,66.9],[-84.7,66.9],[-84.4,66.7],[-84.1,66.7],[-83.7,66.2],[-83.8,66.2],[-84.5,66.4],[-84.6,66.3],[-84.4,66.2],[-85.2,66.3],[-85.5,66.6],[-86.8,66.5],[-86.6,66.3],[-85.9,66.2],[-87.4,65.3],[-88,65.3],[-88.8,65.6],[-88.5,65.6],[-89.7,65.9],[-90,65.9],[-89.8,65.8],[-90.4,65.9],[-90.3,65.9],[-91.4,66],[-90,65.8],[-89.1,65.3],[-86.9,65.1],[-87.8,64.5],[-88,64.2],[-88.7,64],[-89.3,64.2],[-89,63.9],[-89.6,64.1],[-89.5,63.9],[-89.8,64.1],[-89.8,64.2],[-90.1,64.1],[-89.8,63.9],[-89.9,63.9],[-90,64],[-90.3,64],[-90,63.8],[-90.2,63.6],[-92.1,63.7],[-93.8,64.2],[-93.6,64],[-93.8,64],[-93.5,63.8],[-93.3,63.8],[-93.2,63.8],[-93.4,64],[-92.1,63.7],[-92.5,63.5],[-91.8,63.7],[-90.9,63.4],[-91,63.4],[-90.7,63.4],[-90.6,63.1],[-91.4,62.8],[-92.4,62.8],[-91.9,62.6],[-92.7,62.5],[-92.5,62.2],[-92.7,62.3],[-93.1,62.3],[-92.8,62.2],[-93.4,62],[-93.3,61.9],[-93.6,61.9],[-93.3,61.7],[-94,61.5],[-93.8,61.4],[-94.7,60.5],[-94.8,60],[-102,60],[-102,64.2],[-109.3,64.8],[-110.7,65.5],[-112.5,65.5],[-120.7,68],[-120.7,69.5],[-117.1,68.9],[-116,68.8],[-116.3,69],[-115.6,69],[-114.4,68.7],[-114.1,68.5],[-114,68.2],[-115.2,68.2],[-115.1,68],[-115.5,67.9],[-112.7,67.7],[-111,67.8],[-110.1,68],[-109.7,67.7],[-109.1,67.7],[-108.8,67.4],[-108.7,67.6],[-108.5,67.4],[-108.4,67.4],[-108,67.3],[-107.9,67.1],[-108.6,67.2],[-107.2,66.3],[-107.7,66.9],[-107.6,67.1],[-107.5,66.9],[-107.7,66.9],[-107.6,66.8],[-107.4,66.8],[-107.4,67],[-107.1,66.8],[-107.6,67.4],[-107.6,67.5],[-108,67.7],[-107.7,67.9],[-107.9,68],[-107.9,68.1],[-107.4,68],[-106.6,68.2],[-106.4,68.2],[-106.5,68.3],[-105.7,68.4],[-105.7,68.6],[-106.5,68.5],[-106.6,68.3],[-106.8,68.4],[-107.9,68.3],[-107.6,68.2],[-108.4,68.1],[-108.4,68.3],[-108.8,68.3],[-108.3,68.6],[-106.2,68.9],[-105.5,68.7],[-105.4,68.5],[-105.5,68.4],[-104.9,68.3],[-104.9,68.2],[-104.6,68.2],[-104.5,68],[-103.4,68.2],[-103.4,68],[-102.8,67.8],[-101.5,67.7],[-100.4,67.8],[-99.2,67.7],[-98.4,67.8],[-98.7,68],[-98.6,68.1],[-98.1,67.8],[-97.6,67.6],[-97.1,67.7],[-97.2,67.9],[-97.7,68],[-98.1,67.8],[-98.6,68.1],[-98.3,68.2],[-98.7,68.4],[-97.7,68.4],[-98,68.5],[-97.8,68.5],[-97.3,68.5],[-96.9,68.2],[-96.4,68.3],[-96.8,68],[-96,68.3],[-96.2,67.6],[-96.5,67.5],[-96.1,67.5],[-96.2,67.2],[-96.1,67.2],[-95.6,67.4],[-95.8,67.2],[-95.4,67.2],[-95.3,67],[-96.5,67.1],[-95.7,66.6],[-95.7,66.7],[-96.1,66.9],[-95.2,67],[-95.3,67.2],[-95.2,67.3],[-95.3,67.3],[-95.3,67.5],[-95.7,67.7],[-95.5,68.1],[-94.7,68.1],[-93.6,68.5],[-93.6,69],[-94.5,68.7],[-94.6,68.8],[-94.6,69],[-94.1,69.1],[-94.3,69.2],[-94.3,69.3],[-93.5,69.4],[-93.8,69.2],[-93.4,69.4],[-93.6,69.4],[-93.4,69.5],[-93.5,69.5],[-94.3,69.4],[-94.6,69.7],[-94.9,69.6],[-96,69.8],[-96.6,70.3],[-96.2,70.6],[-95.8,70.5],[-96.1,70.6],[-95.8,70.7],[-96.2,70.6],[-96.6,70.8],[-96.4,71.1],[-96.6,71.1],[-96.1,71.4],[-95.5,71.4],[-95.9,71.6],[-94.6,71.9],[-95.2,71.9],[-94.4,71.9]]],[[[-74.8,72.2],[-74.9,72.2],[-74.9,72.2],[-74.7,72.2],[-74.8,72.2]]],[[[-85.8,72.3],[-85.9,72.2],[-86.1,72.3],[-86.1,72.3],[-85.8,72.3]]],[[[-78.7,72.4],[-79,72.3],[-79.1,72.4],[-79,72.4],[-78.7,72.4]]],[[[-79.5,72.3],[-79.6,72.4],[-79.7,72.4],[-79.4,72.4],[-79.5,72.3]]],[[[-80,72.4],[-80,72.4],[-80.1,72.5],[-79.9,72.5],[-80,72.4]]],[[[-96.8,72.7],[-97,72.7],[-97,72.8],[-96.7,72.9],[-96.8,72.7]]],[[[-96.8,72.9],[-97,72.9],[-97.1,73.1],[-96.8,73.2],[-96.6,73.1],[-96.8,72.9]]],[[[-107.2,73.2],[-106.8,73.3],[-105.9,73.1],[-105.3,72.7],[-105.5,72.8],[-105,72.2],[-105,72.1],[-104.4,71.6],[-104.6,71.1],[-103.6,70.6],[-102.9,70.5],[-103.1,70.6],[-103,70.7],[-101.6,70.3],[-101.6,70.1],[-101,70.2],[-100.9,69.8],[-101.3,69.7],[-101.5,69.9],[-101.7,69.7],[-102.2,69.9],[-102.7,69.8],[-102.5,69.7],[-102.6,69.5],[-103.5,69.7],[-103,69.5],[-103.2,69.1],[-102.8,69.4],[-102.3,69.5],[-101.9,69.4],[-102.2,69.2],[-101.8,69.2],[-101.9,69],[-102.9,68.8],[-105.1,68.9],[-105.2,68.9],[-104.9,69.1],[-106.4,69.2],[-106.3,69.4],[-106.6,69.5],[-107.3,69],[-108.5,68.9],[-109.1,68.7],[-113.3,68.5],[-113,68.5],[-113.7,68.8],[-113.5,69],[-113.7,69.2],[-113.6,69.2],[-116,69.3],[-116.9,69.6],[-116.7,69.6],[-117.1,69.9],[-117.1,70],[-112.9,70],[-112.9,69.8],[-112.5,70],[-110,70],[-110,72.5],[-109.8,72.4],[-110,72.5],[-109.8,72.5],[-110,72.7],[-109.8,72.7],[-110,72.7],[-110,73],[-109.2,72.8],[-109,72.6],[-108.6,72.5],[-108.7,72.3],[-108.2,72],[-108.2,71.7],[-107.8,71.6],[-107.8,71.7],[-107.3,71.9],[-107.8,72.1],[-107.9,72.6],[-108.3,73.1],[-107.9,73.2],[-108.2,73.3],[-108.1,73.4],[-107.2,73.2]]],[[[-107.9,73.5],[-108.1,73.6],[-107.6,73.6],[-107.6,73.6],[-107.9,73.5]]],[[[-105.1,73.7],[-104.5,73.5],[-105,73],[-105.3,73],[-105.3,72.8],[-106.5,73.4],[-107,73.5],[-106.6,73.7],[-105.1,73.7]]],[[[-80.2,73.7],[-77.4,73.6],[-76.1,72.9],[-79.6,72.8],[-80,72.9],[-80.1,73.2],[-80.9,73.3],[-80.9,73.7],[-80.2,73.7]]],[[[-86.1,73.8],[-84.8,73.7],[-85.9,73.4],[-86.7,72.9],[-86.7,72.7],[-86.2,72.4],[-86.4,72.3],[-86.4,72],[-84.8,71.3],[-86.8,71],[-85,71.2],[-84.9,71.1],[-85,71.1],[-85.1,71.1],[-85,71.1],[-84.9,70.9],[-84.7,71],[-84.8,71.4],[-84.5,71.5],[-84.6,71.7],[-85.3,71.7],[-86,72],[-85.5,72.1],[-85.5,72.3],[-85.3,72.3],[-84.2,72],[-84.9,72.3],[-84.4,72.4],[-85.5,72.5],[-85.5,72.6],[-85.7,72.6],[-85.7,72.9],[-85.3,73],[-84,72.8],[-85.5,73],[-85.4,73.1],[-83.6,73],[-85.2,73.2],[-85.1,73.3],[-84.8,73.4],[-84.3,73.2],[-84.7,73.4],[-84.2,73.5],[-83.6,73.3],[-83.7,73.4],[-84,73.5],[-82.8,73.7],[-81.5,73.7],[-81.2,73.5],[-81.2,73.3],[-80.6,73.1],[-80.6,72.9],[-80.3,72.7],[-81.4,72.2],[-80.5,72.5],[-80.5,72.4],[-80.9,72.2],[-80.6,72.1],[-81.1,72],[-80.8,72],[-81,71.9],[-80.4,72],[-80.5,72.2],[-80.3,72.3],[-80,72.2],[-79.7,72.1],[-80.2,72.3],[-79.8,72.5],[-79.6,72.3],[-79.7,72.2],[-79.3,72.4],[-79,72.3],[-79.2,72],[-78.5,71.9],[-78.9,72],[-78.9,72.2],[-78.5,72.1],[-78.2,71.8],[-77.9,71.8],[-78.3,71.9],[-78.1,72],[-77.8,71.8],[-78.4,72.1],[-78.9,72.2],[-78.6,72.4],[-78.4,72.2],[-78.4,72.3],[-77.5,72.2],[-77,72.1],[-78.6,72.4],[-77.6,72.8],[-76.8,72.7],[-76.1,72.5],[-75.9,72.6],[-75.2,72.5],[-74.9,72.3],[-76,72.1],[-76.3,71.9],[-75.8,72.1],[-75.2,72.1],[-75.6,72],[-75.8,71.8],[-76.1,71.7],[-75.9,71.7],[-75,72.1],[-74.1,72],[-74.2,71.8],[-75.4,71.7],[-74.9,71.7],[-75.4,71.5],[-74.6,71.7],[-75.1,71.5],[-74.7,71.4],[-75.1,71.2],[-74.6,71.4],[-74.7,71.5],[-74.5,71.6],[-74.1,71.7],[-74.3,71.6],[-74.2,71.5],[-74,71.8],[-73.7,71.8],[-73.6,71.8],[-74.3,71.4],[-74,71.4],[-74.2,71.2],[-73.6,71.6],[-73.6,71.4],[-73.4,71.4],[-73.9,71.1],[-73.4,71.3],[-73.1,71.3],[-73.3,71.2],[-73.4,71],[-72.5,71.7],[-71.6,71.5],[-71.1,71.3],[-71.5,71.1],[-71.9,71.1],[-72.7,70.8],[-72.2,70.8],[-72.6,70.6],[-70.8,71.1],[-70.6,71.1],[-70.5,70.9],[-70.8,70.7],[-71.6,70.6],[-71.8,70.4],[-71.8,70.3],[-71.5,70.6],[-71.2,70.5],[-71.5,70],[-71,70.6],[-69.9,70.9],[-69.8,70.9],[-70.5,70.6],[-70.5,70.5],[-69.5,70.8],[-68.3,70.6],[-68.5,70.4],[-68.6,70.5],[-68.7,70.3],[-69.7,70.2],[-70.2,70],[-69.8,70],[-70.2,70],[-70.5,69.8],[-69.8,70],[-69.7,70.1],[-68.6,70.2],[-69.4,69.8],[-69.8,69.8],[-70,69.6],[-69.8,69.8],[-69.4,69.8],[-68.2,70.1],[-68.3,70.2],[-68.2,70.3],[-67.8,70.3],[-67.2,69.9],[-67.1,69.7],[-68,69.8],[-68.3,69.6],[-70,69.5],[-68.6,69.6],[-66.8,69.3],[-66.6,69.2],[-66.8,69.1],[-67.7,69.2],[-68.2,69.3],[-69,69.4],[-69.2,69.3],[-68.1,69.2],[-69,69.2],[-68.5,69.2],[-69,69.1],[-69,69],[-68.2,69.1],[-67.7,69],[-68.5,69],[-67.8,68.8],[-69.4,68.9],[-68,68.7],[-68.1,68.6],[-68.7,68.7],[-68.9,68.6],[-68.8,68.6],[-67.5,68.5],[-67.6,68.4],[-67.4,68.5],[-66.7,68.4],[-67.7,68.3],[-67.9,68.3],[-67.2,68.4],[-67,68.3],[-67.6,68.2],[-67,68.3],[-66.8,68.2],[-67,68.1],[-66.9,68],[-66.5,68.1],[-66.2,68],[-66.7,67.9],[-66.4,67.8],[-65.9,68.2],[-66,67.6],[-65.8,68],[-65.4,68],[-65.6,67.8],[-65.3,67.6],[-65.6,67.8],[-65.4,67.9],[-65,68.1],[-64.7,68],[-65,67.9],[-65.2,67.7],[-64.5,67.8],[-64.4,67.8],[-64.6,67.7],[-64.3,67.7],[-64,67.5],[-64.4,67.5],[-64,67.5],[-63.9,67.3],[-64.8,67.4],[-64.2,67.3],[-64.8,67.2],[-64.8,67.2],[-64,67.3],[-64.6,67.1],[-64.7,67],[-63.5,67.2],[-63.5,67.1],[-63.7,67],[-63.8,67],[-63.8,67],[-63.4,67.2],[-63.3,67.3],[-63.1,67.3],[-63,67.2],[-63.3,67.1],[-63.2,67],[-63.5,66.9],[-63.6,66.8],[-63.8,66.8],[-63.5,66.8],[-63.4,66.9],[-63.4,66.7],[-63.2,66.9],[-62.8,67],[-62.9,66.6],[-62.6,67],[-62.3,66.7],[-62.4,66.9],[-62.1,67.1],[-62.1,66.9],[-61.7,66.9],[-61.3,66.6],[-61.4,66.5],[-62,66.7],[-62.1,66.6],[-61.6,66.5],[-62,66.4],[-61.5,66.4],[-61.9,66.3],[-62.5,66.4],[-62.7,66.4],[-62.3,66.3],[-62.7,66.2],[-62.9,66.3],[-62.7,66.2],[-62,66],[-63,66.1],[-63.1,66.1],[-62.4,66],[-62.3,65.8],[-62.9,65.9],[-62.6,65.8],[-62.8,65.8],[-62.6,65.6],[-62.9,65.8],[-63,65.6],[-63.2,65.6],[-63.4,65.8],[-63.4,65.7],[-63.7,65.7],[-63.3,65.6],[-63.6,65.5],[-63.3,65.4],[-63.7,65.5],[-63.3,65.3],[-63.5,64.9],[-63.8,65],[-63.7,65],[-64.4,65.2],[-64.2,65.4],[-64.6,65.1],[-64.9,65.3],[-64.7,65.3],[-64.9,65.3],[-64.4,65.5],[-65.1,65.4],[-64.7,65.7],[-65.3,65.6],[-64.8,65.7],[-65.5,65.7],[-65.4,65.9],[-64.7,66],[-64.7,66.2],[-64.4,66.3],[-64.7,66.3],[-64.9,66.1],[-65.9,65.9],[-66,66],[-65.6,66.2],[-65.5,66.4],[-66.1,66.1],[-66.5,66.2],[-66.6,66.4],[-66.4,66.4],[-66.8,66.4],[-66.9,66.6],[-67,66.6],[-66.9,66.6],[-67.7,66.6],[-67.1,66.4],[-67.4,66.4],[-67.1,66.3],[-67.3,66.3],[-68,66.5],[-67.2,66],[-67.2,65.9],[-67.8,65.9],[-67.9,65.9],[-68,66.1],[-68.2,66.2],[-68.8,66.2],[-68,66.1],[-68.3,65.9],[-67.8,65.8],[-68,65.5],[-67.3,65.6],[-67.5,65.5],[-67.1,65.4],[-67.4,65.3],[-66.9,65.2],[-67.1,65.1],[-66.7,65.2],[-66.7,64.8],[-66.7,65],[-66.1,64.9],[-66.2,64.7],[-66,64.8],[-65.9,64.7],[-66,64.9],[-65.7,64.8],[-65.7,64.7],[-65.6,64.7],[-65.7,64.6],[-65.7,64.5],[-65.1,64.4],[-65.7,64.3],[-65.1,64.1],[-65.2,64],[-64.6,64],[-65,63.8],[-64.5,63.7],[-64.5,63.2],[-64.8,63.3],[-64.9,63.6],[-65.3,63.8],[-64.9,63.3],[-65.1,63.3],[-65.1,63.2],[-64.6,62.9],[-65.3,63],[-64.9,62.6],[-65.2,62.6],[-65.3,62.8],[-65.9,62.9],[-65.8,63],[-66.3,63.1],[-66.1,62.9],[-66.4,63],[-66.7,63.4],[-66.7,63.3],[-66.5,63],[-66.8,63.3],[-66.8,63.1],[-67,63.2],[-67,63.4],[-67.2,63.3],[-67.9,63.8],[-67.7,63.4],[-68.5,63.7],[-69,63.7],[-68.1,63.2],[-67.6,63.1],[-67.8,63],[-67.8,63],[-67.6,63],[-67.7,62.9],[-67.4,63],[-66.4,62.4],[-66.5,62.3],[-66.4,62.3],[-66,62.2],[-66.1,62.1],[-65.9,61.9],[-66.1,61.9],[-68.6,62.3],[-69.4,62.6],[-69.6,62.7],[-69.5,62.8],[-70.2,62.7],[-71.2,63],[-70.9,63.1],[-70.9,63.2],[-71.2,63],[-71.6,63.1],[-71.8,63.4],[-72.1,63.4],[-71.6,63.4],[-71.2,63.6],[-71.6,63.6],[-71.6,63.7],[-71.9,63.8],[-71.9,63.7],[-72.3,63.7],[-72.2,63.9],[-72.4,63.8],[-72.5,63.8],[-72.7,64.1],[-72.7,64],[-72.9,64.2],[-73.4,64.3],[-73.4,64.4],[-73.2,64.6],[-73.3,64.7],[-73.4,64.5],[-73.5,64.6],[-73.9,64.6],[-73.8,64.5],[-74.1,64.3],[-74.1,64.7],[-74.4,64.6],[-74.7,64.7],[-74.5,64.8],[-74.6,64.9],[-75,64.8],[-74.5,64.6],[-74.7,64.4],[-75.8,64.6],[-75.6,64.5],[-75.9,64.5],[-75.7,64.4],[-76.7,64.3],[-76.7,64.2],[-77.7,64.3],[-78.2,64.6],[-78.1,64.9],[-77.3,65.2],[-77.5,65.3],[-77.3,65.4],[-77.4,65.5],[-75.8,65.2],[-75.4,65],[-75.7,64.9],[-75.4,64.7],[-75.4,64.9],[-75.6,64.9],[-75.3,65],[-75.2,65.1],[-75.4,65],[-75.5,65.1],[-75.9,65.3],[-75.2,65.3],[-75.1,65.4],[-74.5,65.3],[-74.2,65.5],[-73.5,65.5],[-73.7,65.8],[-74.5,66.1],[-72.3,67.2],[-72.7,67.7],[-72.6,67.8],[-72.9,67.9],[-73,68.2],[-73.5,68.3],[-73.2,68.4],[-73.6,68.2],[-73.9,68.4],[-73.8,68.7],[-74.1,68.7],[-73.9,68.6],[-74,68.5],[-74.4,68.5],[-74.7,68.7],[-74.5,68.8],[-74.9,68.8],[-74.7,68.9],[-75,68.9],[-74.7,69],[-74.9,69],[-75.1,68.9],[-75.5,69],[-75.6,68.9],[-76.7,68.7],[-76.5,68.9],[-76.6,69],[-76,69],[-75.6,69.1],[-75.6,69.2],[-76.6,69.6],[-76.2,69.7],[-77.2,69.6],[-76.8,69.7],[-77.3,69.8],[-77,69.9],[-77.6,69.7],[-77.7,70.2],[-78.4,70.2],[-78.4,70.3],[-79.1,70.5],[-78.7,70.5],[-79,70.7],[-79.2,70.4],[-79.6,70.4],[-78.9,70.3],[-78.7,70],[-78.8,69.9],[-79.7,69.9],[-81.8,70.1],[-80.8,69.8],[-81,69.7],[-82.1,70.1],[-83,70.3],[-81.7,69.9],[-82.1,69.8],[-83.1,70],[-85.9,70.1],[-85.2,70],[-85.7,70],[-86.6,70.2],[-86.6,70.4],[-86.3,70.5],[-86.4,70.5],[-86.6,70.3],[-87,70.5],[-87.2,70.4],[-87,70.3],[-87.9,70.2],[-88.3,70.3],[-87.9,70.3],[-88.9,70.5],[-89.4,70.9],[-89.2,71],[-89.5,71.1],[-88,70.9],[-87,71],[-87.8,71.3],[-90,71.4],[-90,71.6],[-89.8,71.7],[-90,71.9],[-90,72.1],[-89.6,72.2],[-89.9,72.2],[-89.9,72.4],[-89.5,72.7],[-89.6,72.8],[-89.3,72.8],[-89.4,73],[-89,73.3],[-87.7,73.7],[-86.1,73.8]],[[-71.3,66.1],[-71.1,66.1],[-71.3,66],[-71.1,66],[-70.6,66.3],[-70.3,66.2],[-69.6,66.2],[-69.1,66.4],[-69.7,66.4],[-69.2,66.6],[-69.5,66.5],[-69.5,66.6],[-71.2,67],[-71.2,66.8],[-71.4,66.6],[-71.1,66.3],[-71.3,66.1]]],[[[-99.8,73.9],[-99.2,73.7],[-97.8,73.9],[-97,73.7],[-97.7,73.5],[-97.2,73.5],[-97.2,73.4],[-97.8,73.3],[-98.5,73],[-98.4,72.9],[-97.9,73],[-97.2,72.9],[-97,72.7],[-97.2,72.6],[-96.5,72.7],[-96.3,72.4],[-96.9,72.3],[-96.6,72.3],[-96.5,72.1],[-96.9,72],[-96.5,72],[-96.8,71.9],[-96.5,71.9],[-97.5,71.6],[-98.2,71.6],[-98.4,71.7],[-98.3,71.9],[-98.5,71.7],[-98,71.5],[-98.7,71.3],[-99.2,71.3],[-99.7,71.8],[-100.6,72.2],[-101.8,72.3],[-102.8,72.8],[-102.5,73],[-102.1,73.1],[-101.3,72.7],[-100.4,72.7],[-100.3,72.8],[-100.5,73],[-100.3,73],[-100.3,72.9],[-100,72.9],[-100.2,73.1],[-100.6,73.2],[-100.4,73.3],[-100,73.2],[-99.8,73.2],[-100.4,73.4],[-100.9,73.3],[-101.6,73.5],[-100.9,73.6],[-100.4,73.4],[-100.6,73.6],[-101.1,73.7],[-99.8,73.9]]],[[[-90,74],[-90.2,74],[-90.3,74],[-89.9,74],[-90,74]]],[[[-98.9,73.8],[-99.4,73.9],[-97.6,74.1],[-98.1,73.9],[-98.9,73.8]]],[[[-92.6,74.1],[-92.3,73.9],[-90.2,73.9],[-92.1,72.7],[-94.3,72.8],[-93.8,72.7],[-93.5,72.5],[-94.2,72],[-94.1,72],[-95.2,72],[-95.2,72.1],[-94.8,72.2],[-95.2,72.1],[-95.1,72.5],[-95.7,72.8],[-95.7,73.7],[-94.6,73.7],[-95.3,73.9],[-94.7,74.1],[-92.6,74.1]]],[[[-98.7,74.3],[-98.8,74.3],[-98.9,74.3],[-98.5,74.3],[-98.7,74.3]]],[[[-97.7,74.5],[-97.8,74.5],[-97.3,74.6],[-97.4,74.5],[-97.7,74.5]]],[[[-95.3,74.5],[-95.7,74.5],[-95.9,74.6],[-95.5,74.6],[-95.3,74.5]]],[[[-103.9,75.1],[-104.5,75],[-104.9,75.2],[-104.5,75.4],[-104.1,75.4],[-103.6,75.2],[-103.9,75.1]]],[[[-100.2,75.6],[-100.5,75.5],[-100.3,75.6],[-101,75.6],[-100.2,75.6]]],[[[-94.4,75.6],[-93.5,75.3],[-93.5,74.7],[-94.6,74.6],[-95.9,74.8],[-96.1,75],[-96.3,74.9],[-96.6,75],[-96.5,75.2],[-95.8,75.4],[-96.2,75.4],[-95.7,75.4],[-95.8,75.5],[-94.4,75.6]]],[[[-95.9,75.6],[-96.2,75.5],[-96.4,75.6],[-96.9,75.4],[-97.1,75.5],[-96.4,75.7],[-95.9,75.6]]],[[[-96.6,75.7],[-96.7,75.7],[-96.5,75.8],[-96.5,75.8],[-96.6,75.7]]],[[[-103.3,75.9],[-103.6,75.8],[-103.9,75.9],[-103.4,75.9],[-103.3,75.9]]],[[[-94.4,75.8],[-94.8,75.8],[-94.9,75.9],[-94.5,76],[-94.3,75.8],[-94.4,75.8]]],[[[-103.1,75.7],[-103.4,75.8],[-102,75.9],[-102.6,75.8],[-103.1,75.7]]],[[[-102.3,76],[-103.7,75.9],[-104,75.9],[-102.6,76.1],[-102.3,76]]],[[[-78.9,75.9],[-79.5,75.8],[-79.8,75.9],[-78.8,76.1],[-79.2,75.9],[-78.9,75.9]]],[[[-94.8,76.1],[-95,76],[-95.1,76.1],[-94.9,76.1],[-94.8,76.1]]],[[[-102.5,76.2],[-103.3,76],[-104.5,76.1],[-103.1,76.3],[-102.5,76.2]]],[[[-84,76.4],[-84.1,76.4],[-84.1,76.5],[-83.9,76.5],[-84,76.4]]],[[[-104.1,76.6],[-103.8,76.6],[-103,76.4],[-104.3,76.3],[-104.7,76.5],[-103.9,76.6],[-104.1,76.6]]],[[[-98.4,76.7],[-97.7,76.5],[-97.8,76.3],[-97.5,76.2],[-97.6,75.8],[-97.9,75.7],[-97.4,75.7],[-97.3,75.4],[-97.8,75.6],[-98,75.5],[-97.8,75.4],[-98.2,75.3],[-97.6,75.1],[-98.1,75.2],[-98,75],[-99.4,75],[-99.3,75.1],[-99.5,75],[-100.1,75],[-100.5,75.2],[-100,75.2],[-100.8,75.3],[-99.7,75.6],[-99.8,75.7],[-99,75.7],[-102.5,75.5],[-102.9,75.6],[-102,75.7],[-102.4,75.8],[-102.2,75.9],[-101.9,75.9],[-101.4,75.8],[-101.2,75.8],[-101.6,75.9],[-101.3,76],[-101.9,76.1],[-101.4,76.2],[-102.2,76.2],[-101.9,76.4],[-101.3,76.4],[-99.9,75.9],[-99.4,76],[-99.9,75.9],[-100.2,76.1],[-99.7,76.1],[-99.4,76.2],[-100.4,76.2],[-99.8,76.3],[-101,76.5],[-99.7,76.6],[-99.1,76.4],[-98.9,76.4],[-99,76.6],[-98.4,76.7]]],[[[-100,76.7],[-99.6,76.7],[-99.4,76.7],[-100.1,76.7],[-100,76.7]]],[[[-100.3,76.7],[-101.3,76.6],[-101.7,76.6],[-100.7,76.8],[-100.3,76.7]]],[[[-89.9,76.5],[-90.2,76.5],[-90.6,76.7],[-89.7,76.7],[-89.9,76.6],[-89.7,76.5],[-89.9,76.5]]],[[[-108.7,76.8],[-108.4,76.7],[-108.7,76.6],[-108.6,76.4],[-108.1,76.3],[-108.4,76],[-107.6,76],[-108,75.8],[-107.2,75.9],[-106.9,75.7],[-106.6,75.8],[-106.9,75.8],[-106.9,76],[-106.3,76.1],[-105.6,75.9],[-105.4,75.6],[-105.7,75.5],[-105.6,75.5],[-105.7,75.4],[-106,75.1],[-107.2,74.9],[-107.8,75.1],[-107.9,74.9],[-108.4,74.9],[-108.8,75.1],[-110,74.8],[-110,75.5],[-108.9,75.5],[-108.8,75.7],[-110,75.9],[-109.3,76.1],[-110,76.2],[-110,76.5],[-109.3,76.8],[-108.7,76.8]]],[[[-97.3,77],[-97.3,77],[-97.5,77],[-97.1,77],[-97.3,77]]],[[[-95.7,77.1],[-93.7,76.9],[-93.2,76.7],[-93.3,76.5],[-93.6,76.4],[-93.5,76.4],[-93,76.6],[-91.4,76.7],[-90.5,76.5],[-91.6,76.5],[-89.3,76.3],[-89.2,76.2],[-90.4,76.2],[-90.1,76.1],[-91.6,76.3],[-90.2,76.1],[-91.2,76],[-90.9,76],[-91.1,75.8],[-90,76],[-89.7,75.9],[-89.8,75.8],[-89.2,75.8],[-89.3,75.6],[-89.8,75.6],[-89.2,75.6],[-89,75.4],[-88.8,75.4],[-88.9,75.6],[-88.7,75.7],[-88.2,75.5],[-87.8,75.6],[-87.5,75.4],[-87.3,75.6],[-86.4,75.4],[-86.5,75.4],[-83.9,75.8],[-81.5,75.8],[-81.2,75.8],[-81.3,75.7],[-80,75.5],[-80.4,75.5],[-79.6,75.5],[-79.5,75.2],[-80.4,75],[-79.3,74.9],[-79.9,74.8],[-80.3,74.9],[-80.1,74.8],[-80.2,74.6],[-81.8,74.5],[-82.9,74.5],[-83.1,74.7],[-83.1,74.8],[-83.5,74.9],[-83.3,74.8],[-83.5,74.6],[-84.3,74.5],[-84.9,74.5],[-85,74.7],[-85.2,74.5],[-85.5,74.7],[-85.6,74.5],[-86.1,74.5],[-86.2,74.6],[-86.4,74.5],[-86.8,74.6],[-86.7,74.5],[-88.5,74.5],[-88.6,74.6],[-88.3,74.8],[-88.5,74.9],[-88.8,74.7],[-89.1,74.8],[-89,74.7],[-89.3,74.8],[-89.1,74.6],[-89.5,74.5],[-91,74.7],[-90.8,74.9],[-91.2,74.7],[-91.1,74.6],[-91.5,74.6],[-92.1,74.8],[-92.2,75.1],[-92.1,75.1],[-92.5,75.2],[-92.4,75.4],[-92,75.6],[-92.2,75.7],[-92.1,75.9],[-93.1,76.4],[-95.4,76.2],[-94.8,76.3],[-96.1,76.5],[-95.8,76.5],[-95.6,76.6],[-97,76.7],[-96.3,76.8],[-96.9,76.9],[-96.7,76.9],[-96.8,77],[-95.7,77.1]]],[[[-104.3,77.1],[-104.4,77.1],[-104,77.1],[-104,77.1],[-104.3,77.1]]],[[[-95.2,77.2],[-95.4,77.2],[-95.6,77.2],[-95.3,77.2],[-95.2,77.2]]],[[[-90.9,77.3],[-90.7,77.2],[-91.3,77.2],[-91.2,77.3],[-90.9,77.3]]],[[[-85.3,77.6],[-85,77.6],[-84.8,77.5],[-85.5,77.5],[-85.3,77.6]]],[[[-90.6,77.6],[-89.9,77.5],[-89.6,77.3],[-90.4,77.2],[-91.2,77.4],[-91.2,77.6],[-90.6,77.6]]],[[[-105,77.4],[-104.4,77.2],[-104.7,77.1],[-105.2,77.2],[-106.1,77.7],[-105.5,77.7],[-105,77.5],[-105,77.4]]],[[[-95.4,77.8],[-93.6,77.8],[-93.1,77.7],[-93.6,77.4],[-95.9,77.5],[-96.3,77.6],[-95.4,77.8]]],[[[-77.9,77.8],[-78,77.8],[-77.6,77.8],[-77.6,77.8],[-77.9,77.8]]],[[[-101.7,77.9],[-100.9,77.7],[-102.1,77.7],[-102.5,77.8],[-101.7,77.9]]],[[[-110,77.9],[-110,78.1],[-109.6,78.1],[-109.7,78],[-110,77.9]]],[[[-101.7,78.1],[-101.9,78.2],[-101.9,78.2],[-101.7,78.2],[-101.7,78.1]]],[[[-103.1,78.1],[-103.3,78.2],[-102.8,78.2],[-102.8,78.2],[-103.1,78.1]]],[[[-94.4,78.2],[-94.5,78.2],[-94.7,78.3],[-94.5,78.3],[-94.4,78.2]]],[[[-88.3,78.2],[-88.4,78.3],[-88,78.4],[-88.2,78.3],[-88.3,78.2]]],[[[-109.3,78.4],[-110,78.3],[-110,78.7],[-109.3,78.5],[-109.3,78.4]]],[[[-74.3,78.7],[-74.6,78.7],[-74.7,78.7],[-74.2,78.7],[-74.3,78.7]]],[[[-96.8,78.7],[-94.9,78.4],[-95.4,78.2],[-94.9,78.1],[-95.1,78],[-97.1,77.8],[-97,77.9],[-97.8,78],[-96.9,78.1],[-97.8,78.2],[-98.4,78.5],[-98,78.5],[-98.4,78.7],[-98.1,78.8],[-96.8,78.7]]],[[[-86.3,78.9],[-86.5,78.9],[-85.9,79.1],[-85.2,79],[-86.3,78.9]]],[[[-103.6,79.3],[-102.6,79.1],[-102.7,78.9],[-102.6,78.9],[-101.6,79.1],[-101,78.9],[-101.2,78.8],[-99.9,78.7],[-100.1,78.6],[-99.5,78.6],[-99.9,78.4],[-99.8,78.3],[-98.9,78.1],[-99,77.9],[-99.9,77.8],[-100.6,77.9],[-101.1,78.2],[-102.1,78.3],[-102.6,78.2],[-102.8,78.4],[-104.5,78.3],[-105,78.5],[-103.5,78.5],[-103.4,78.6],[-104,78.6],[-103.3,78.7],[-104.2,78.8],[-103.8,78.9],[-104.2,79],[-105,78.8],[-104.7,79],[-105.6,79],[-105.6,79.2],[-105.4,79.3],[-103.6,79.3]]],[[[-99.5,80.1],[-98.9,80.1],[-98.6,79.8],[-98.8,79.7],[-100.2,79.9],[-100.1,80.1],[-99.5,80.1]]],[[[-95,80.7],[-95,80.6],[-96.1,80.7],[-95.5,80.7],[-95,80.7]]],[[[-92.7,81.3],[-91.9,81.2],[-91.8,81.1],[-91.9,81.1],[-90.6,80.6],[-90.7,80.6],[-89.2,80.5],[-89.1,80.5],[-89.3,80.3],[-88.8,80.1],[-88.2,80.1],[-88.6,80.2],[-88.6,80.4],[-87.7,80.4],[-87.6,80.2],[-88.1,80.1],[-87,80],[-87.5,79.8],[-87,79.9],[-87.1,79.6],[-87.5,79.5],[-86.3,79.6],[-86,79.6],[-86.1,79.4],[-85.7,79.6],[-84.9,79.3],[-86.7,79],[-87,79.1],[-87,78.9],[-87.6,78.6],[-88,78.8],[-87.7,79.1],[-88.2,79],[-88.2,78.8],[-87.9,78.5],[-88.2,78.5],[-88.8,78.6],[-88.5,78.4],[-88.8,78.2],[-90,78.6],[-90.1,78.6],[-90,78.4],[-89.5,78.2],[-90.2,78.3],[-90.7,78.3],[-90.3,78.2],[-90.4,78.1],[-92.1,78.2],[-93,78.5],[-91.6,78.5],[-93.3,78.6],[-93.8,78.8],[-93,78.7],[-94.3,79],[-93.3,79.2],[-90.4,79.2],[-92.2,79.2],[-92.7,79.3],[-91.1,79.4],[-93.1,79.5],[-93,79.4],[-93.3,79.4],[-93.9,79.3],[-94.4,79.4],[-95.1,79.3],[-95.8,79.4],[-95.7,79.5],[-94.7,79.6],[-94.3,79.8],[-95.9,79.6],[-96.6,79.9],[-96.2,79.9],[-96.7,80],[-96.4,80],[-96.8,80.1],[-94.4,80],[-94.7,80.1],[-94.1,80.2],[-95.4,80.1],[-95.7,80.2],[-95.2,80.2],[-96.7,80.3],[-95.4,80.3],[-96,80.6],[-93.8,80.5],[-94.7,80.7],[-94.1,80.7],[-95.5,80.8],[-95.1,80.9],[-95.5,80.9],[-95.2,81],[-94.4,81],[-93.9,81],[-94.3,81.1],[-93.1,81.2],[-94.4,81.3],[-94.2,81.4],[-92.7,81.3]]],[[[-66.6,81.6],[-66.8,81.6],[-66.9,81.6],[-66.3,81.6],[-66.6,81.6]]],[[[-91.7,81.5],[-91.9,81.6],[-92,81.6],[-91.6,81.6],[-91.7,81.5]]],[[[-78.4,82.9],[-78.4,82.9],[-78.1,82.9],[-78.2,82.9],[-78.4,82.9]]],[[[-70.1,83.1],[-66.3,82.9],[-68.6,82.6],[-65.8,82.8],[-65.2,82.8],[-65.3,82.8],[-65.1,82.9],[-65.3,82.9],[-64.7,82.9],[-64.9,82.9],[-63.5,82.8],[-63.4,82.8],[-63.8,82.7],[-62.9,82.6],[-63.4,82.4],[-62.2,82.5],[-62.4,82.5],[-61.1,82.3],[-64.4,81.7],[-68.2,81.6],[-69.3,81.7],[-68.4,81.5],[-68.8,81.5],[-68.6,81.5],[-66.6,81.5],[-70.2,81.2],[-64.4,81.5],[-67.6,80.9],[-69.4,80.4],[-70.3,80.4],[-70.3,80.5],[-70.8,80.6],[-70.4,80.3],[-70,80.3],[-70.1,80.2],[-72.4,80.2],[-71.9,80.1],[-72.3,80.1],[-70.5,80.1],[-71.5,79.9],[-70.9,79.9],[-71.2,79.8],[-72.3,79.7],[-74.2,79.9],[-74.8,79.8],[-73.4,79.7],[-73.1,79.6],[-75,79.5],[-74.9,79.4],[-75.1,79.4],[-77.2,79.5],[-75.9,79.4],[-77.4,79.5],[-77.2,79.3],[-78.1,79.4],[-74.5,79.2],[-74.8,79.2],[-74.4,79.1],[-77.8,79.2],[-78.2,79.2],[-76.1,79.1],[-78.9,79.1],[-77.7,79],[-78.3,78.8],[-78.2,78.8],[-77.7,79],[-76.7,79],[-75.7,79],[-76.4,78.9],[-76.4,78.8],[-75.3,78.9],[-74.8,78.8],[-74.7,78.7],[-75,78.5],[-76.7,78.5],[-75.1,78.3],[-76.9,78.2],[-75.6,78.1],[-75.9,78],[-78.3,78],[-78.4,77.9],[-77.7,77.6],[-78.7,77.3],[-80.5,77.3],[-81.9,77.7],[-81.7,77.5],[-81.7,77.4],[-81.2,77.3],[-82.2,77.3],[-81.8,77.2],[-80.1,77.2],[-80.4,77.1],[-79.3,77.2],[-79,77.1],[-79.4,76.9],[-78.7,76.8],[-78.1,77],[-77.8,76.8],[-77.8,76.7],[-78.4,76.5],[-78.8,76.6],[-79.3,76.3],[-81.1,76.1],[-80.8,76.4],[-82,76.5],[-81.8,76.7],[-82.3,76.6],[-82.7,76.8],[-82.5,76.6],[-82.1,76.6],[-82.2,76.5],[-82.1,76.4],[-83,76.4],[-83.4,76.8],[-83.5,76.7],[-83.2,76.4],[-84.3,76.7],[-84.2,76.5],[-85,76.6],[-85,76.4],[-84.4,76.3],[-84.9,76.3],[-86.4,76.4],[-86.2,76.5],[-86.6,76.6],[-86.3,76.5],[-86.8,76.4],[-87.4,76.5],[-87.5,76.6],[-87.4,76.4],[-88.4,76.4],[-88.5,76.8],[-88.7,76.7],[-88.5,76.6],[-88.6,76.4],[-88.7,76.6],[-88.9,76.4],[-89.7,76.6],[-89.4,76.7],[-89.5,76.8],[-88.5,77.1],[-86.7,77.2],[-87.2,77.3],[-86.8,77.4],[-87.7,77.4],[-87.7,77.5],[-88.2,77.7],[-88.1,77.8],[-86.4,77.8],[-86,77.7],[-85.8,77.4],[-84.5,77.3],[-84.6,77.4],[-83.5,77.3],[-83.8,77.5],[-83.2,77.6],[-82.3,78.1],[-82.7,78],[-83.9,77.5],[-84.8,77.5],[-84.9,77.6],[-84.5,77.7],[-84.4,77.7],[-85,77.6],[-85.3,77.7],[-85.1,77.8],[-85.4,77.8],[-84.4,77.9],[-85.7,77.9],[-84.3,78.1],[-85.1,78.1],[-85,78.2],[-84.1,78.2],[-85,78.2],[-84.6,78.4],[-84.9,78.4],[-84.6,78.6],[-85.5,78.1],[-86.3,78.1],[-85.8,78.4],[-86.8,78.1],[-87.5,78.1],[-87.1,78.2],[-87.5,78.2],[-87.5,78.4],[-86.9,78.6],[-87.1,78.6],[-86.9,78.7],[-85.1,78.9],[-82.3,78.6],[-82.6,78.7],[-82.3,78.7],[-83.3,78.8],[-81.7,78.8],[-81.5,79],[-82.5,78.9],[-84.7,79],[-84.5,79.1],[-83.9,79],[-83.5,79],[-83.4,79],[-84.3,79.2],[-85.1,79.6],[-86.5,79.8],[-86.4,80],[-85.3,79.9],[-86.5,80],[-86.7,80.1],[-86.5,80.3],[-83.8,80.2],[-82.2,79.9],[-81.7,79.6],[-79.9,79.6],[-79.8,79.7],[-81.5,79.7],[-81.7,79.9],[-81.4,79.9],[-83.2,80.3],[-78,80.6],[-80,80.6],[-76.5,80.9],[-78.9,80.9],[-78.4,81.2],[-76.8,81.4],[-78.9,81.1],[-79.5,81.2],[-79.1,81.1],[-79.6,80.8],[-80.9,80.7],[-83,80.5],[-83.2,80.6],[-81.8,80.8],[-83.6,80.7],[-83.1,80.8],[-83.3,80.8],[-83.9,80.8],[-83.7,80.6],[-83.8,80.5],[-85.1,80.5],[-86.7,80.6],[-85.6,81],[-82.8,81.1],[-82.4,81.2],[-85.7,81],[-87.6,80.6],[-89.5,80.9],[-86.7,81],[-84.7,81.3],[-89.8,81],[-90.4,81.2],[-88.9,81.2],[-89.9,81.3],[-88.8,81.5],[-87.2,81.5],[-88.4,81.6],[-90.4,81.4],[-90.8,81.4],[-89.6,81.6],[-90.3,81.7],[-91.4,81.5],[-91.4,81.6],[-92,81.7],[-90.4,81.9],[-89.4,81.8],[-89.2,81.9],[-89.4,81.9],[-88,82.1],[-86.8,81.9],[-87.1,82],[-86.4,82.1],[-85.4,81.9],[-85.7,82],[-84.6,81.9],[-86.9,82.2],[-85.6,82.2],[-85.4,82.3],[-85.9,82.4],[-85,82.5],[-83.5,82.3],[-83,82.1],[-83.1,82.1],[-81.9,82],[-83,82.2],[-82.7,82.3],[-79.2,81.8],[-82.7,82.4],[-81.5,82.5],[-82.4,82.6],[-82.2,82.7],[-80.6,82.5],[-81.6,82.8],[-81.5,82.8],[-79.9,82.6],[-80,82.7],[-79.8,82.7],[-79.4,82.7],[-78.5,82.7],[-80.4,82.9],[-79.8,83],[-78.1,82.8],[-77.1,82.9],[-75.9,82.6],[-76.2,82.4],[-75.4,82.6],[-77.4,83],[-74.4,83],[-72.6,82.7],[-72.5,82.7],[-73.6,82.9],[-71.7,83.1],[-71.6,83.1],[-71.8,83],[-70.9,82.9],[-71.5,83],[-70.1,83.1]]]]}},{"type":"Feature","properties":{"code":"CA-MB","name":"Canada (Manitoba)","country_code":"CA","country":"Canada","region":"Manitoba","level":"subnational"},"geometry":{"type":"Polygon","coordinates":[[[-94.8,60],[-94.7,59.4],[-94.8,59.1],[-94.4,58.7],[-94.2,58.8],[-94.4,58.2],[-94.1,58.8],[-93.2,58.7],[-92.4,57.3],[-92.9,56.9],[-91,57.3],[-89.1,56.9],[-89.3,56.6],[-95.2,52.8],[-95.2,49],[-101.4,49],[-102,55.9],[-102,57.2],[-101.8,57.3],[-102,57.5],[-101.5,57.9],[-101.9,57.8],[-101.8,58.2],[-102,57.9],[-102,60],[-94.8,60]],[[-97.9,54.2],[-98,54.4],[-98.3,54],[-97.9,53.7],[-98.9,53.9],[-99.3,53.2],[-99,53],[-98.4,53],[-98.9,52.9],[-98.2,52.3],[-98,51.9],[-97.8,51.9],[-97.7,52.1],[-97.5,52.1],[-97.6,51.9],[-97.3,52],[-97.3,51.4],[-96.8,51.7],[-96.7,51.6],[-97,51.2],[-96.6,51.3],[-96.9,51],[-97,50.7],[-96.9,50.4],[-96.7,50.4],[-96.5,50.7],[-96.3,50.6],[-96.4,51.1],[-96.3,51.2],[-96.8,51.8],[-96.7,51.8],[-97.1,52.2],[-97,52.4],[-98,53.9],[-97.7,54.1],[-98.1,53.9],[-98.2,54],[-98.1,54.2],[-97.9,54.2]],[[-99.3,51.7],[-99.4,51.8],[-99.6,51.7],[-99.5,51.5],[-99.3,51.6],[-99,51.2],[-98.8,51.3],[-98.8,51],[-99,51.1],[-98.5,50.4],[-98.5,50.2],[-97.9,50.3],[-98.4,50.8],[-98.8,50.9],[-98.5,51.2],[-98.8,51.4],[-98.8,51.7],[-99,51.7],[-98.9,51.3],[-99,51.7],[-99.2,51.8],[-99.1,51.6],[-99.3,51.7]],[[-98.4,51.6],[-98.4,51.7],[-98.2,51.8],[-98.3,51.8],[-98.6,51.6],[-98.4,51.6]],[[-100.1,53.1],[-101.1,53.1],[-100.8,52.7],[-100.6,52.9],[-100.7,53],[-100.4,52.9],[-100.3,52.6],[-100.3,52.9],[-100,52.8],[-100.1,51.9],[-100,51.7],[-100,52],[-99.9,51.7],[-99.6,51.6],[-99.6,51.8],[-99.8,51.8],[-99.8,52.3],[-99.6,52.5],[-99.7,52.9],[-100.1,53.1]],[[-100.1,54.2],[-100.4,54.2],[-100.3,54],[-100.5,53.9],[-100.2,53.9],[-100.5,53.8],[-100.3,53.6],[-100.9,53.4],[-100.3,53.2],[-99.9,53.1],[-99.6,53.2],[-99.4,53.1],[-99.4,53.4],[-99.8,53.2],[-100,53.5],[-100.3,53.6],[-99.7,53.8],[-99.6,54],[-100.1,53.8],[-100.2,53.9],[-100,53.9],[-100.2,54],[-99.8,54.2],[-100.1,54.2]]]}},{"type":"Feature","properties":{"code":"CA-AB","name":"Canada (Alberta)","country_code":"CA","country":"Canada","region":"Alberta","level":"subnational"},"geometry":{"type":"Polygon","coordinates":[[[-110,60],[-110,59.3],[-110.6,59.1],[-110.9,58.8],[-111.3,58.8],[-111.1,58.5],[-110.8,58.6],[-110.8,58.5],[-110.8,58.6],[-110.4,58.6],[-110.4,58.8],[-110,59],[-110,49],[-114.1,49],[-114.7,49.6],[-114.7,50.1],[-115,50.6],[-115.2,50.5],[-115.6,50.8],[-115.6,51],[-116.3,51.3],[-116.7,51.8],[-116.9,51.7],[-117.4,52.1],[-117.8,52.2],[-117.7,52.4],[-118.2,52.4],[-118.4,52.8],[-118.8,53.2],[-119.3,53.2],[-119.9,53.5],[-119.7,53.6],[-120,53.8],[-120,60],[-110,60]]]}},{"type":"Feature","properties":{"code":"CA-SK","name":"Canada (Saskatchewan)","country_code":"CA","country":"Canada","region":"Saskatchewan","level":"subnational"},"geometry":{"type":"MultiPolygon","coordinates":[[[[-102,57.1],[-102,57.1],[-102.1,57.2],[-102,57.2],[-102,57.1]]],[[[-102.1,57.5],[-102,57.3],[-102.2,57.3],[-102.1,57.4],[-102.1,57.5]]],[[[-102,58],[-102,57.9],[-102.1,58],[-102,58],[-102,58]]],[[[-102,60],[-102,58.1],[-102.7,57.7],[-102.7,57.6],[-102.9,57.4],[-102.7,57.3],[-102.8,57.1],[-102.6,57.1],[-102.6,56.8],[-102.9,56.6],[-102.8,56.8],[-103.1,56.5],[-103.1,56.9],[-103.2,56.6],[-103.3,56.5],[-103.2,56.5],[-103.3,56.4],[-103.2,56.3],[-102,57],[-101.4,49],[-110,49],[-110,59],[-107.8,59.2],[-107.7,59.3],[-106.7,59.2],[-106,59.3],[-108.2,59.5],[-108.9,59.4],[-108.8,59.5],[-109.2,59.6],[-110,59.3],[-110,60],[-102,60]]]]}},{"type":"Feature","properties":{"code":"CA-OT","name":"Canada (Ontario)","country_code":"CA","country":"Canada","region":"Ontario","level":"subnational"},"geometry":{"type":"MultiPolygon","coordinates":[[[[-82.8,46],[-82.7,45.8],[-81.9,46],[-81.6,45.8],[-81.9,45.5],[-82,45.6],[-81.8,45.7],[-82.1,45.6],[-83.2,45.9],[-82.8,46]]],[[[-79.5,51],[-79.8,51.2],[-79.5,51.5],[-79.5,51.3],[-79.5,51]]],[[[-87.1,55.9],[-85.7,55.6],[-85.1,55.3],[-85.4,55.1],[-85.4,55],[-85,55.3],[-82.3,55.1],[-82.2,54.8],[-82.4,54.3],[-82.1,53.8],[-82.1,53.3],[-82.3,53],[-81.6,52.4],[-81.9,52.2],[-81.5,52.2],[-80.6,51.7],[-80.4,51.4],[-80.7,51.3],[-81,51],[-80.4,51.3],[-79.5,51],[-79.6,47.4],[-79.4,47.1],[-78.7,46.3],[-77.6,46.2],[-77.2,45.8],[-76.8,45.9],[-76.6,45.5],[-75.9,45.4],[-74.7,45.6],[-74.4,45.6],[-74.5,45.3],[-74.3,45.2],[-75.3,44.8],[-76,44.4],[-76.7,44.2],[-77,44.1],[-76.9,44.2],[-77.3,44.2],[-77.5,44.1],[-77.1,44.2],[-77.1,44.1],[-77,44],[-76.8,44.1],[-77,43.9],[-76.9,43.9],[-77.1,43.9],[-77.7,44],[-79.1,43.8],[-79.8,43.3],[-79.6,43.2],[-79.1,43.3],[-78.9,42.9],[-80.2,42.8],[-80.4,42.6],[-80.1,42.5],[-81.3,42.7],[-82.5,42],[-82.9,42],[-83.1,42.1],[-83.1,42.3],[-82.4,42.3],[-82.4,42.5],[-82.6,42.5],[-82.4,43],[-81.7,43.4],[-81.7,44.1],[-81.3,44.6],[-81.7,45.3],[-81.3,45.2],[-81.3,45],[-80.9,45],[-80.9,44.6],[-80.6,44.7],[-80.1,44.5],[-80,44.7],[-80.1,44.8],[-79.7,44.8],[-80.1,45.1],[-80,45.1],[-80.1,45.4],[-80.3,45.4],[-80.7,45.9],[-84,46.3],[-84.2,46.6],[-84.5,46.5],[-84.6,46.6],[-84.4,46.7],[-84.5,46.8],[-84.4,46.9],[-84.8,47],[-84.6,47.3],[-85,47.6],[-84.8,47.9],[-85.9,48],[-86.4,48.8],[-87.3,48.8],[-88.3,49],[-88.1,48.8],[-88.2,48.6],[-88.6,48.4],[-88.3,48.8],[-88.5,48.9],[-88.7,48.4],[-88.9,48.3],[-88.8,48.6],[-89.1,48.5],[-89.3,48.1],[-89.9,48],[-90.1,48.1],[-90.7,48.1],[-90.9,48.2],[-91.4,48],[-92,48.3],[-92.4,48.2],[-93,48.6],[-93.8,48.5],[-94.7,48.8],[-94.8,49.3],[-95.2,49.4],[-95.2,52.8],[-89.3,56.6],[-89.1,56.9],[-87.1,55.9]],[[-88.4,50.3],[-88.3,50.1],[-88.7,50.3],[-88.9,49.8],[-89.1,49.8],[-89,49.7],[-88.9,49.8],[-88.9,49.5],[-89.1,49.6],[-89,49.5],[-88.6,49.6],[-88.8,49.4],[-88.4,49.4],[-88.2,49.5],[-88,50],[-88.4,50.3]]]]}},{"type":"Feature","properties":{"code":"CA-BC","name":"Canada (British Columbia)","country_code":"CA","country":"Canada","region":"British Columbia","level":"subnational"},"geometry":{"type":"MultiPolygon","coordinates":[[[[-123.4,48.7],[-123.6,48.7],[-123.6,48.9],[-123.4,48.8],[-123.4,48.7]]],[[[-123.3,48.9],[-123.5,48.9],[-123.7,49.1],[-123.6,49],[-123.3,48.9]]],[[[-125.8,49.1],[-125.9,49.1],[-125.9,49.2],[-125.8,49.2],[-125.8,49.1]]],[[[-126.1,49.2],[-126.2,49.3],[-126.2,49.4],[-126.1,49.4],[-126.1,49.2]]],[[[-123.3,49.4],[-123.4,49.4],[-123.4,49.5],[-123.4,49.5],[-123.3,49.4]]],[[[-124.1,49.7],[-124.2,49.7],[-124,49.8],[-124.1,49.7],[-124.1,49.7]]],[[[-124.5,49.7],[-124.4,49.7],[-124.1,49.5],[-124.7,49.8],[-124.5,49.7]]],[[[-126.7,49.6],[-127,49.7],[-126.9,49.8],[-126.7,49.8],[-126.7,49.6]]],[[[-124.9,50.1],[-125.1,50.1],[-125,50.2],[-124.9,50.1],[-124.9,50.1]]],[[[-125.2,50],[-125.3,50.1],[-125.3,50.3],[-125.2,50.2],[-125.2,50]]],[[[-124.8,50.2],[-124.8,50.1],[-125,50.2],[-124.9,50.3],[-124.8,50.2]]],[[[-124.7,50.2],[-124.7,50.2],[-124.8,50.3],[-124.7,50.3],[-124.7,50.2]]],[[[-125.2,50.4],[-125,50.2],[-125.1,50.1],[-125.2,50.2],[-125.2,50.3],[-125.4,50.3],[-125.2,50.4]]],[[[-125.4,50.4],[-125.5,50.4],[-125.3,50.4],[-125.4,50.4],[-125.4,50.4]]],[[[-126.2,50.6],[-126.4,50.5],[-126.6,50.5],[-126.3,50.6],[-126.2,50.6]]],[[[-126.9,50.7],[-126.8,50.6],[-127.1,50.6],[-127.1,50.7],[-126.9,50.7]]],[[[-126.3,50.8],[-126.3,50.7],[-126.6,50.7],[-126.4,50.8],[-126.3,50.8]]],[[[-126.7,50.8],[-126.9,50.8],[-126.9,50.8],[-126.6,50.8],[-126.7,50.8]]],[[[-127.2,50.6],[-126.6,50.5],[-125.5,50.3],[-125.2,49.9],[-124.9,49.7],[-124.8,49.5],[-123.9,49.2],[-123.3,48.4],[-123.6,48.3],[-125.1,48.7],[-125.2,48.8],[-124.8,49],[-124.8,49.1],[-124.8,49.2],[-124.9,49],[-125.5,48.9],[-125.8,49.1],[-125.6,49.2],[-126,49.3],[-125.9,49.4],[-126.5,49.4],[-126.6,49.6],[-126.1,49.7],[-126.6,49.7],[-126.7,49.9],[-126.8,49.9],[-127.1,49.9],[-127.2,50.1],[-127.9,50.1],[-127.8,50.2],[-128,50.3],[-127.9,50.5],[-127.4,50.4],[-127.6,50.5],[-127.4,50.6],[-127.9,50.6],[-127.6,50.5],[-128.1,50.4],[-128.4,50.8],[-127.9,50.9],[-127.2,50.6]]],[[[-127.9,51.4],[-128.1,51.5],[-128.1,51.7],[-128,51.7],[-127.9,51.4]]],[[[-128.1,51.8],[-128.3,51.9],[-128,52.1],[-128,52],[-128.1,51.8]]],[[[-131,51.9],[-131.1,52],[-131.1,52.1],[-131,52.1],[-131,51.9]]],[[[-128,52.1],[-128.1,52.1],[-128.1,52.1],[-127.9,52.2],[-128,52.1]]],[[[-128.2,52],[-128.3,52.1],[-128.2,52.2],[-128.1,52.1],[-128.2,52]]],[[[-128.3,52.1],[-128.4,52.2],[-128.4,52.2],[-128.2,52.2],[-128.3,52.1]]],[[[-127.9,52.2],[-128.1,52.2],[-128.2,52.2],[-128,52.3],[-127.9,52.2]]],[[[-128.2,52.3],[-128.2,52.3],[-128.1,52.4],[-128.1,52.3],[-128.2,52.3]]],[[[-127.7,52],[-127.9,52],[-127.8,52.2],[-127.2,52.4],[-127.7,52]]],[[[-128.6,52.3],[-128.7,52.3],[-128.8,52.5],[-128.6,52.5],[-128.6,52.3]]],[[[-128.5,52.5],[-128.5,52.4],[-128.8,52.5],[-128.6,52.6],[-128.5,52.6],[-128.5,52.5]]],[[[-131.5,52.6],[-131.6,52.6],[-131.7,52.7],[-131.5,52.7],[-131.5,52.6]]],[[[-128.4,52.4],[-128.4,52.8],[-128.4,52.8],[-128.3,52.5],[-128.4,52.4]]],[[[-128.3,52.6],[-128.3,52.8],[-128.2,52.8],[-128.2,52.8],[-128.3,52.6]]],[[[-129,52.5],[-129.2,52.6],[-129.3,52.8],[-128.9,52.6],[-129,52.5]]],[[[-128.5,52.6],[-128.5,52.7],[-128.5,52.9],[-128.5,52.8],[-128.5,52.6]]],[[[-129.4,53.2],[-129.3,53],[-129.3,53],[-129.5,53.1],[-129.4,53.2]]],[[[-131.8,53.2],[-131.6,53],[-132,53],[-131.6,52.9],[-132,52.9],[-131.4,52.4],[-131.2,52.4],[-131.3,52.3],[-131,52.2],[-131.3,52.1],[-132.1,52.7],[-132,52.8],[-132.3,52.9],[-132.1,53],[-132.6,53.1],[-131.8,53.2]]],[[[-128.6,53.1],[-128.6,52.6],[-128.8,52.6],[-128.6,53],[-128.9,52.6],[-129.1,52.9],[-128.8,53],[-129,53.1],[-128.9,53],[-129.2,53],[-129.1,53.3],[-128.6,53.1]]],[[[-129.2,53.1],[-129.3,53.1],[-129.3,53.3],[-129.2,53.3],[-129.2,53.1]]],[[[-128.9,53.3],[-129.1,53.4],[-129,53.5],[-128.9,53.4],[-128.9,53.3]]],[[[-129.9,53.4],[-129.8,53.2],[-130.5,53.6],[-130.3,53.6],[-129.9,53.4]]],[[[-129.1,53.4],[-129.2,53.6],[-128.8,53.7],[-129.1,53.5],[-129.1,53.4]]],[[[-130.1,53.6],[-130.3,53.6],[-130.4,53.7],[-130.3,53.8],[-130.1,53.6]]],[[[-129.8,53.7],[-129.4,53.4],[-129.5,53.2],[-130.3,53.8],[-130.2,53.9],[-129.8,53.7]]],[[[-130.3,54],[-130.3,53.8],[-130.5,53.9],[-130.4,54],[-130.7,53.9],[-130.4,54.1],[-130.3,54]]],[[[-132.8,54.1],[-132.6,54.1],[-132.7,53.9],[-132.3,54.1],[-132.1,54],[-132.2,53.8],[-132.7,53.7],[-132.4,53.6],[-132.2,53.7],[-132.1,54],[-131.7,54.1],[-132,53.3],[-132.4,53.1],[-132.7,53.3],[-132.5,53.3],[-132.7,53.4],[-132.4,53.3],[-132.9,53.5],[-133.1,53.9],[-133.1,54.2],[-132.8,54.1]]],[[[-130.9,54.5],[-130.9,54.6],[-130.7,54.6],[-130.8,54.6],[-130.9,54.5]]],[[[-130.5,54.7],[-130.5,54.7],[-130.6,54.8],[-130.5,54.8],[-130.5,54.7]]],[[[-130.4,54.8],[-130.5,54.8],[-130.2,55],[-130.2,54.9],[-130.4,54.8]]],[[[-125,60],[-120,60],[-120,53.8],[-119.7,53.6],[-119.9,53.5],[-119.3,53.2],[-118.8,53.2],[-118.4,52.8],[-118.2,52.4],[-117.7,52.4],[-117.8,52.2],[-117.4,52.1],[-116.9,51.7],[-116.7,51.8],[-116.3,51.3],[-115.6,51],[-115.6,50.8],[-115.2,50.5],[-115,50.6],[-114.7,50.1],[-114.7,49.6],[-114.1,49],[-123.1,49],[-123.2,49.3],[-122.9,49.3],[-122.9,49.4],[-123.2,49.3],[-123.2,49.7],[-123.5,49.5],[-123.5,49.4],[-124.1,49.6],[-123.9,49.7],[-123.8,49.5],[-123.5,49.7],[-123.8,49.6],[-123.9,49.8],[-123.9,49.9],[-124,50],[-123.7,50.1],[-123.8,50.2],[-124,50.2],[-123.8,50.1],[-124,50],[-123.9,49.8],[-124,49.9],[-124.4,49.8],[-124.8,50.1],[-124.7,50],[-124.6,50.2],[-124.7,50.3],[-124.4,50.5],[-125.1,50.3],[-124.9,50.6],[-124.8,50.9],[-125.1,50.4],[-125.5,50.5],[-125.5,50.7],[-125.7,50.4],[-126.3,50.5],[-126.2,50.6],[-126.3,50.6],[-125.7,50.7],[-125.6,50.8],[-125.5,50.9],[-125.6,51.1],[-125.7,50.7],[-126.1,50.7],[-126.2,50.9],[-126.6,50.8],[-126.5,50.9],[-126.2,50.9],[-126.2,50.9],[-127.2,50.9],[-127,50.8],[-127.5,51],[-126.8,51.1],[-126.7,51.1],[-126.7,51.2],[-127.2,51.1],[-127.8,51.2],[-127.1,51.3],[-127.8,51.3],[-127.6,51.5],[-127.5,51.6],[-126.7,51.6],[-126.6,51.7],[-126.7,51.8],[-126.7,51.7],[-127.4,51.7],[-127.3,51.9],[-127.7,51.5],[-127.9,51.7],[-127.9,51.9],[-127.7,52],[-127.2,52.3],[-126.7,52],[-126.9,52.3],[-126.7,52.4],[-127.2,52.5],[-126.9,52.7],[-127,52.8],[-127.6,52.3],[-127.9,52.2],[-127.9,52.5],[-128,52.3],[-128.1,52.5],[-127.9,52.6],[-128.4,52.3],[-128.2,52.5],[-128.1,52.9],[-128.4,52.8],[-128.5,53.1],[-128.9,53.3],[-129,53.6],[-128.5,53.4],[-128.1,53.4],[-127.9,53.3],[-127.9,53.2],[-128.1,53.5],[-128.8,53.6],[-128.8,53.8],[-128.5,53.8],[-128.7,53.9],[-128.6,54],[-129.2,53.6],[-129.3,53.4],[-130.1,53.9],[-130,54.2],[-129.6,54.2],[-129.5,54.2],[-130.1,54.2],[-130.5,54.4],[-130.4,54.6],[-130.1,54.3],[-130,54.3],[-130.4,54.7],[-129.9,54.6],[-130.2,54.7],[-130.2,54.9],[-129.6,55],[-130,55.1],[-129.5,55.5],[-129.8,55.6],[-129.8,55.3],[-130.1,55],[-129.9,55.3],[-130.1,55.6],[-130,55.9],[-130.1,56.1],[-131.8,56.6],[-131.9,56.8],[-132.1,56.9],[-132,57],[-132.3,57.1],[-132.2,57.2],[-133.4,58.5],[-135,59.3],[-135.1,59.4],[-135,59.6],[-135.5,59.8],[-136.3,59.6],[-136.2,59.5],[-136.5,59.5],[-136.6,59.2],[-137.5,58.9],[-137.6,59.2],[-139,60],[-125,60]]]]}},{"type":"Feature","properties":{"code":"CA-NB","name":"Canada (New Brunswick)","country_code":"CA","country":"Canada","region":"New Brunswick","level":"subnational"},"geometry":{"type":"MultiPolygon","coordinates":[[[[-66.9,44.6],[-66.9,44.7],[-66.8,44.8],[-66.7,44.7],[-66.9,44.6]]],[[[-64.5,47.9],[-64.6,47.7],[-64.7,47.8],[-64.7,47.9],[-64.5,47.9]]],[[[-66.3,48],[-65.8,47.9],[-65.6,47.6],[-65,47.8],[-64.7,47.8],[-64.9,47.4],[-65.4,47.1],[-64.8,47.1],[-64.9,46.8],[-64.5,46.2],[-63.8,46.1],[-64.5,45.8],[-64.8,46.1],[-64.6,45.8],[-64.8,45.6],[-65.9,45.2],[-66.1,45.3],[-66,45.5],[-66.2,45.3],[-66.1,45.3],[-66.4,45.1],[-67.4,45.2],[-67.4,45.6],[-67.8,45.7],[-67.8,47.1],[-68.3,47.4],[-68.9,47.2],[-69.1,47.3],[-68.4,47.6],[-68.4,47.9],[-68.1,48],[-67.4,47.9],[-66.3,48]]]]}},{"type":"Feature","properties":{"code":"BR-RR","name":"Brazil (Roraima)","country_code":"BR","country":"Brazil","region":"Roraima","level":"subnational"},"geometry":{"type":"Polygon","coordinates":[[[-59,1.3],[-58.9,0.2],[-60.1,0.2],[-60.4,-0.5],[-60.3,-0.7],[-60.8,-0.8],[-60.9,-0.6],[-61.2,-0.5],[-61.5,-0.7],[-61.6,-1.4],[-61.9,-1.4],[-62.5,-0.8],[-62.3,-0.6],[-62.5,-0.1],[-62.4,0.8],[-62.8,1.6],[-62.7,1.9],[-63.3,2.2],[-63.4,2.4],[-64,2.5],[-64.2,3.6],[-64.8,4.3],[-64.1,4.1],[-64,3.9],[-63.3,4],[-62.9,3.6],[-62.7,3.7],[-62.7,4],[-61.6,4.2],[-60.6,4.8],[-60.7,5.2],[-60.1,5.2],[-60,5],[-60.1,4.5],[-59.7,4.4],[-59.6,3.9],[-60,3],[-59.9,2.4],[-59.7,2.3],[-59.7,1.8],[-59,1.3]]]}},{"type":"Feature","properties":{"code":"BR-AM","name":"Brazil (Amazonas)","country_code":"BR","country":"Brazil","region":"Amazonas","level":"subnational"},"geometry":{"type":"Polygon","coordinates":[[[-58.9,0.2],[-58.8,-0.6],[-58.4,-1],[-56.6,-2.2],[-57,-2.5],[-56.7,-2.6],[-56.4,-2.4],[-58.5,-6.7],[-58.1,-7.3],[-58.5,-8.7],[-61.7,-8.7],[-61.9,-8.9],[-62.8,-8],[-63.5,-8],[-64,-8.4],[-64.1,-9],[-64.8,-9],[-65.1,-9.4],[-65.2,-9.3],[-65.7,-9.6],[-66,-9.4],[-66.4,-9.4],[-66.8,-9.8],[-70.4,-8.2],[-72.6,-7.6],[-73.8,-7.1],[-73.7,-6.8],[-73.1,-6.4],[-73.2,-6.1],[-72.9,-5.1],[-71.9,-4.5],[-71,-4.4],[-70.8,-4.1],[-70.3,-4.1],[-70.2,-4.3],[-70,-4.3],[-69.4,-1.3],[-69.6,-0.5],[-70.1,-0.2],[-70,0.6],[-69.5,0.7],[-69.1,0.6],[-69.3,1],[-69.8,1.1],[-69.8,1.7],[-68.2,1.7],[-68.2,2],[-67.9,1.7],[-67.4,2.1],[-67.1,1.6],[-67.1,1.2],[-66.9,1.2],[-66.3,0.7],[-65.6,1],[-65.5,0.6],[-65.1,1.1],[-64.1,1.6],[-64,1.9],[-63.4,2.2],[-63.2,2.2],[-62.7,1.9],[-62.8,1.6],[-62.4,0.8],[-62.5,-0.1],[-62.3,-0.6],[-62.5,-0.8],[-61.9,-1.4],[-61.6,-1.4],[-61.5,-0.6],[-61.1,-0.5],[-60.8,-0.8],[-60.3,-0.7],[-60.4,-0.5],[-60.1,0.2],[-58.9,0.2]]]}},{"type":"Feature","properties":{"code":"BR-AP","name":"Brazil (Amapa)","country_code":"BR","country":"Brazil","region":"Amapa","level":"subnational"},"geometry":{"type":"MultiPolygon","coordinates":[[[[-50,0.9],[-50.1,0.8],[-50.3,0.8],[-50.2,0.9],[-50,0.9]]],[[[-50,0.9],[-50.1,1],[-49.9,1.1],[-49.9,1],[-50,0.9]]],[[[-50.4,1.9],[-50.5,2],[-50.4,2.1],[-50.3,2],[-50.4,1.9]]],[[[-50.5,2.1],[-50.5,2.2],[-50.4,2.2],[-50.4,2.1],[-50.5,2.1]]],[[[-51.2,4],[-50.7,2.2],[-50.4,1.8],[-49.9,1.7],[-49.9,1.3],[-50.1,1.2],[-49.9,1.2],[-50.5,0.7],[-50.8,0.2],[-51.3,-0.1],[-51.7,-0.8],[-51.7,-1],[-52.1,-1.2],[-52.4,-1.1],[-52.6,-0.4],[-52.9,-0.2],[-53.1,0.7],[-53.4,0.9],[-53.4,1.3],[-54.3,1.7],[-54.7,1.8],[-54.8,2.5],[-54.1,2.1],[-53.7,2.4],[-53,2.2],[-52.6,2.5],[-52.3,3.2],[-51.8,4],[-51.5,4.2],[-51.4,4],[-51.5,4.4],[-51.2,4]]]]}},{"type":"Feature","properties":{"code":"BR-PA","name":"Brazil (Para)","country_code":"BR","country":"Brazil","region":"Para","level":"subnational"},"geometry":{"type":"MultiPolygon","coordinates":[[[[-50.9,-1.9],[-51,-2],[-51.1,-1.8],[-51.1,-1.8],[-50.9,-1.9]]],[[[-49,-1.8],[-49.1,-1.9],[-49.2,-1.9],[-49.1,-1.7],[-49,-1.8]]],[[[-49,-1.8],[-49,-1.7],[-48.9,-1.6],[-48.9,-1.6],[-49,-1.8]]],[[[-52,-1.6],[-52.1,-1.6],[-52.2,-1.6],[-52,-1.4],[-51.9,-1.5],[-52,-1.6]]],[[[-52.4,-1.5],[-52.5,-1.5],[-52.2,-1.4],[-52.2,-1.5],[-52.4,-1.5]]],[[[-48.3,-1.2],[-48.5,-1.2],[-48.4,-1.1],[-48.3,-1.1],[-48.3,-1.2]]],[[[-46.5,-1],[-46.5,-1],[-46.5,-0.9],[-46.4,-1],[-46.5,-1]]],[[[-51.2,-1.1],[-51.1,-0.9],[-50.9,-0.9],[-51,-0.9],[-51,-1],[-51.2,-1.1]]],[[[-51.4,-1.2],[-51.2,-1],[-51.2,-0.8],[-51.2,-1.1],[-51.4,-1.2]]],[[[-50.9,-0.8],[-50.9,-0.7],[-50.8,-0.7],[-50.9,-0.8],[-50.9,-0.8]]],[[[-51.1,-1],[-51.1,-0.7],[-50.8,-0.6],[-50.8,-0.7],[-50.9,-0.7],[-51.1,-1]]],[[[-51.9,-1.5],[-51.9,-1.2],[-51.7,-1.1],[-51.6,-0.7],[-51.2,-0.5],[-51.3,-1],[-51.9,-1.5]]],[[[-51,-0.5],[-51.1,-0.5],[-50.9,-0.4],[-51,-0.5],[-51,-0.5]]],[[[-51,-0.6],[-50.9,-0.4],[-50.8,-0.4],[-50.8,-0.5],[-51,-0.6]]],[[[-51.1,-0.5],[-51.1,-0.4],[-51,-0.3],[-50.9,-0.4],[-51,-0.4],[-51.1,-0.5]]],[[[-50.8,-0.4],[-50.9,-0.4],[-50.8,-0.2],[-50.8,-0.3],[-50.8,-0.4]]],[[[-51.4,-0.5],[-51.2,-0.2],[-51.1,-0.1],[-51.1,-0.3],[-51.4,-0.5]]],[[[-49.7,-0.2],[-49.1,-0.1],[-48.4,-0.3],[-48.8,-1.5],[-49.7,-1.8],[-49.8,-1.6],[-49.8,-1.8],[-50.1,-1.7],[-50.6,-1.8],[-50.8,-1.3],[-50.8,-1.2],[-50.6,-1.1],[-50.8,-1],[-50.8,-0.6],[-50.6,-0.7],[-50.7,-0.5],[-50.7,-0.3],[-50.4,-0.1],[-49.7,-0.2]]],[[[-51.2,-0.1],[-51.2,-0.1],[-51.1,-0.1],[-51.2,-0.1],[-51.2,-0.1]]],[[[-50.6,-0.1],[-50.9,-0.3],[-51,-0.2],[-51,-0.1],[-50.6,-0.1]]],[[[-50.9,0],[-50.8,0.1],[-50.7,0],[-50.7,0],[-50.9,0]]],[[[-49.5,-0.1],[-49.7,-0.2],[-49.9,-0.1],[-49.5,0.1],[-49.4,-0.1],[-49.5,-0.1]]],[[[-50.5,0],[-50.6,0],[-50.6,0.2],[-50.5,0.1],[-50.5,0]]],[[[-49.6,0.2],[-50,-0.1],[-50.4,0.1],[-50,0.3],[-49.6,0.2]]],[[[-50.4,0.2],[-50.5,0.2],[-50.4,0.6],[-50.3,0.3],[-50.4,0.2]]],[[[-50.2,0.4],[-50.3,0.5],[-50.1,0.6],[-50,0.5],[-50.2,0.4]]],[[[-54.9,2.4],[-54.7,2.4],[-54.7,1.8],[-54.3,1.7],[-53.4,1.3],[-53.4,0.9],[-53.1,0.7],[-53,0],[-52.6,-0.4],[-52.5,-0.9],[-52.3,-1.1],[-51.9,-1.2],[-52,-1.4],[-52.2,-1.3],[-52.7,-1.6],[-52.3,-1.5],[-52.2,-1.7],[-51.2,-1.2],[-51,-1],[-51,-0.9],[-50.8,-0.9],[-50.8,-1.3],[-50.8,-1.4],[-50.8,-1.5],[-50.7,-1.6],[-50.7,-1.8],[-50.8,-1.9],[-51.3,-1.6],[-51.5,-2],[-51.5,-2.2],[-51.4,-2.3],[-51.5,-2.1],[-51.3,-1.8],[-51,-2],[-51,-2.3],[-51,-2.4],[-50.8,-2.5],[-51,-2.3],[-51,-2.1],[-50.7,-2.2],[-50.8,-2],[-50.7,-1.8],[-50.4,-2],[-49.3,-1.7],[-49.5,-2.6],[-49.2,-1.9],[-49,-1.8],[-48.7,-1.5],[-48.4,-1.7],[-48.4,-1.5],[-48.2,-1.5],[-48.5,-1.5],[-48.5,-1.3],[-48.3,-1.3],[-48.2,-0.9],[-47.8,-0.6],[-47.4,-0.8],[-47.5,-0.6],[-47.3,-0.6],[-47,-0.7],[-47,-0.9],[-46.8,-0.7],[-46.6,-0.9],[-46.6,-1],[-46.4,-1],[-46.2,-1],[-46.3,-1.2],[-46.1,-1.2],[-46.3,-1.7],[-46.3,-2.1],[-46.7,-2.7],[-46.7,-3.1],[-47.1,-3.9],[-47.6,-4.5],[-48.8,-5.4],[-48.4,-5.4],[-48.1,-5.6],[-48.3,-5.7],[-48.2,-5.9],[-48.7,-6.7],[-49.2,-6.9],[-49.2,-7.3],[-49.4,-7.5],[-49.2,-7.8],[-49.3,-8.4],[-50.1,-9.3],[-50.2,-9.8],[-56.8,-9.4],[-57.6,-8.7],[-57.9,-7.7],[-58.4,-6.9],[-56.4,-2.4],[-58.1,-1.3],[-58.7,-0.7],[-59,1.3],[-58.8,1.2],[-58.5,1.3],[-58.3,1.6],[-58,1.5],[-57.1,2],[-56,1.8],[-55.9,2],[-56.1,2.2],[-56,2.5],[-55.7,2.4],[-55,2.6],[-54.9,2.4]]]]}},{"type":"Feature","properties":{"code":"BR-BR","name":"Brazil (Litigated Zone)","country_code":"BR","country":"Brazil","region":"Litigated Zone","level":"subnational"},"geometry":{"type":"MultiPolygon","coordinates":[[[[-56.4,-2.4],[-56.7,-2.6],[-57,-2.5],[-56.5,-2.2],[-56.4,-2.4]]],[[[-41.4,-3.5],[-41.4,-3.4],[-41.4,-3.3],[-41.3,-3.5],[-41.4,-3.5]]],[[[-41.1,-4.2],[-41.3,-3.8],[-41.4,-3.6],[-41.1,-3.9],[-41.1,-4.2]]],[[[-41,-5.4],[-41.2,-4.6],[-41.1,-4.3],[-40.9,-5.2],[-41,-5.4]]]]}},{"type":"Feature","properties":{"code":"BR-MA","name":"Brazil (Maranhao)","country_code":"BR","country":"Brazil","region":"Maranhao","level":"subnational"},"geometry":{"type":"MultiPolygon","coordinates":[[[[-44.6,-3.1],[-44.6,-2.8],[-44.5,-2.7],[-44.5,-2.9],[-44.6,-3.1]]],[[[-44.7,-1.6],[-44.7,-1.7],[-44.8,-1.7],[-44.7,-1.6],[-44.7,-1.6]]],[[[-45,-1.4],[-45,-1.3],[-44.9,-1.3],[-44.9,-1.3],[-45,-1.4]]],[[[-45.6,-1.3],[-45.7,-1.4],[-45.6,-1.1],[-45.6,-1.1],[-45.6,-1.3]]],[[[-45.9,-1.2],[-45.7,-1.4],[-45.4,-1.3],[-45.5,-1.5],[-45.3,-1.3],[-45.4,-1.7],[-45.2,-1.5],[-44.9,-1.4],[-45,-1.6],[-44.5,-1.8],[-44.7,-2.3],[-44.5,-2.1],[-44.4,-2.3],[-44.6,-2.6],[-44.8,-3.3],[-44.4,-2.9],[-44.4,-2.5],[-44.1,-2.4],[-44.3,-2.8],[-44.2,-2.8],[-44.2,-2.9],[-43.9,-2.5],[-43.4,-2.5],[-43.5,-2.4],[-43.3,-2.4],[-42.2,-2.8],[-41.8,-2.7],[-41.8,-2.9],[-42.2,-3.4],[-42.5,-3.5],[-43,-4.2],[-42.8,-5.3],[-43.1,-5.8],[-42.8,-6.3],[-42.9,-6.7],[-43.4,-6.8],[-44,-6.8],[-44.7,-7.3],[-45.5,-7.7],[-46,-8.9],[-45.8,-9.4],[-45.9,-10.3],[-46.3,-10.2],[-46.6,-9.8],[-46.5,-9.5],[-47.1,-9],[-46.8,-8.5],[-46.5,-8.4],[-46.5,-8],[-47,-8],[-47.5,-7.5],[-47.5,-7.3],[-47.7,-7.2],[-47.5,-7],[-47.4,-6.3],[-47.5,-5.5],[-48.3,-5.2],[-48.8,-5.4],[-47.6,-4.5],[-47.1,-3.9],[-46.7,-3.1],[-46.7,-2.7],[-46.3,-2.1],[-46.2,-1.3],[-46,-1.1],[-45.9,-1.2]]]]}},{"type":"Feature","properties":{"code":"BR-PI","name":"Brazil (Piaui)","country_code":"BR","country":"Brazil","region":"Piaui","level":"subnational"},"geometry":{"type":"Polygon","coordinates":[[[-41.2,-3],[-41.4,-3.4],[-41.1,-4.3],[-41.2,-4.6],[-40.7,-6.7],[-40.4,-6.8],[-40.5,-7.4],[-40.7,-7.5],[-40.6,-8.1],[-41.5,-8.9],[-41.7,-9],[-41.9,-9.3],[-42.1,-9.2],[-42.7,-9.5],[-43.5,-9.3],[-43.8,-9.4],[-43.7,-10.1],[-44.1,-10.6],[-44.5,-10.6],[-44.8,-10.9],[-45.3,-10.8],[-45.6,-10.3],[-45.9,-10.3],[-45.8,-9.4],[-46,-8.9],[-45.5,-7.7],[-44.7,-7.3],[-44,-6.8],[-42.9,-6.7],[-42.8,-6.3],[-43.1,-5.8],[-42.8,-5.3],[-43,-4.2],[-42.5,-3.5],[-42.2,-3.4],[-42,-3.2],[-41.8,-2.8],[-41.2,-3]]]}},{"type":"Feature","properties":{"code":"BR-CE","name":"Brazil (Ceara)","country_code":"BR","country":"Brazil","region":"Ceara","level":"subnational"},"geometry":{"type":"Polygon","coordinates":[[[-37.2,-4.8],[-37.7,-5.1],[-38.2,-5.9],[-38.6,-6.3],[-38.7,-7],[-38.5,-7.3],[-39,-7.9],[-39.6,-7.4],[-40.5,-7.4],[-40.4,-6.8],[-40.8,-6.5],[-41,-5.4],[-41,-4.4],[-41.4,-3.5],[-41.3,-2.9],[-40,-2.8],[-38.5,-3.7],[-37.2,-4.8]]]}},{"type":"Feature","properties":{"code":"BR-RN","name":"Brazil (Rio Grande do Norte)","country_code":"BR","country":"Brazil","region":"Rio Grande do Norte","level":"subnational"},"geometry":{"type":"Polygon","coordinates":[[[-35,-6.5],[-36,-6.5],[-36.4,-6.3],[-36.5,-6.9],[-36.7,-7],[-36.8,-6.8],[-37.2,-6.8],[-37.5,-6.7],[-37.2,-6],[-37.8,-6.2],[-38.1,-6.5],[-38.6,-6.4],[-38.5,-6.1],[-38.2,-5.9],[-37.7,-5.1],[-37.2,-4.8],[-36.7,-5.1],[-35.5,-5.2],[-35,-6.5]]]}},{"type":"Feature","properties":{"code":"BR-TO","name":"Brazil (Tocantins)","country_code":"BR","country":"Brazil","region":"Tocantins","level":"subnational"},"geometry":{"type":"Polygon","coordinates":[[[-45.9,-10.3],[-45.8,-10.3],[-46.3,-10.8],[-46.2,-10.9],[-46.6,-11.3],[-46.1,-11.6],[-46.3,-11.8],[-46.1,-11.9],[-46.3,-12.2],[-46.3,-12.4],[-46.2,-12.5],[-46.2,-12.8],[-47.5,-13.3],[-47.7,-13.1],[-47.8,-13.3],[-48.2,-13.2],[-48.2,-13],[-48.8,-13.2],[-49,-12.6],[-49.4,-13.2],[-50.4,-12.8],[-50.3,-12.5],[-50.5,-12.8],[-50.6,-12.8],[-50.7,-11.5],[-50.6,-10.7],[-50.1,-9.3],[-49.3,-8.4],[-49.2,-7.8],[-49.4,-7.5],[-49.2,-7.3],[-49.2,-6.9],[-48.7,-6.7],[-48.3,-6.1],[-48.3,-5.7],[-48.1,-5.6],[-48.4,-5.4],[-48.7,-5.4],[-48.5,-5.2],[-47.9,-5.2],[-47.5,-5.5],[-47.4,-6.3],[-47.5,-7],[-47.7,-7.2],[-47.5,-7.3],[-47.5,-7.5],[-47,-8],[-46.5,-8],[-46.5,-8.4],[-46.8,-8.5],[-47.1,-9],[-46.5,-9.5],[-46.6,-9.8],[-46.3,-10.2],[-45.9,-10.3]]]}},{"type":"Feature","properties":{"code":"BR-PB","name":"Brazil (Paraiba)","country_code":"BR","country":"Brazil","region":"Paraiba","level":"subnational"},"geometry":{"type":"Polygon","coordinates":[[[-35,-6.5],[-34.8,-7.5],[-35.3,-7.4],[-35.7,-7.7],[-36.6,-7.9],[-37,-8.3],[-37.1,-8],[-37.3,-8],[-37.2,-7.6],[-37,-7.5],[-37.2,-7.3],[-38.3,-7.9],[-38.7,-7.6],[-38.5,-7.3],[-38.7,-6.9],[-38.5,-6.4],[-38.1,-6.5],[-37.8,-6.2],[-37.2,-6],[-37.5,-6.7],[-37.2,-6.8],[-36.8,-6.8],[-36.7,-7],[-36.5,-6.9],[-36.4,-6.3],[-36,-6.5],[-35,-6.5]]]}},{"type":"Feature","properties":{"code":"BR-PE","name":"Brazil (Pernambuco)","country_code":"BR","country":"Brazil","region":"Pernambuco","level":"subnational"},"geometry":{"type":"Polygon","coordinates":[[[-34.9,-7.5],[-34.8,-7.9],[-35.1,-8.9],[-36,-8.9],[-36.6,-9.3],[-37.1,-9.3],[-37.8,-8.9],[-38.2,-9.3],[-38.5,-8.8],[-38.6,-9],[-39.4,-8.5],[-40.6,-9.5],[-40.9,-8.8],[-41.4,-8.7],[-40.6,-8.1],[-40.7,-7.4],[-39.7,-7.4],[-39.1,-7.9],[-38.7,-7.6],[-38.3,-7.9],[-37.2,-7.3],[-37,-7.5],[-37.2,-7.6],[-37.3,-8],[-37.1,-8],[-37,-8.3],[-36.6,-7.9],[-35.7,-7.7],[-35.3,-7.4],[-34.9,-7.5]]]}},{"type":"Feature","properties":{"code":"BR-MT","name":"Brazil (Mato Grosso)","country_code":"BR","country":"Brazil","region":"Mato Grosso","level":"subnational"},"geometry":{"type":"Polygon","coordinates":[[[-50.2,-9.8],[-50.7,-11.5],[-50.7,-12.6],[-50.5,-12.9],[-50.9,-13.7],[-51,-14.5],[-51.2,-15],[-51.6,-15.2],[-51.9,-15.8],[-52.2,-15.9],[-52.7,-16.7],[-53,-16.9],[-53.2,-17.5],[-53.1,-18],[-54,-17.9],[-53.7,-17.3],[-54.1,-17.6],[-54.4,-17.7],[-54.7,-17.5],[-55.2,-17.7],[-56.1,-17.2],[-56.8,-17.3],[-57.1,-17.8],[-57.5,-17.9],[-57.9,-17.5],[-58.4,-17.3],[-58.5,-16.7],[-58.3,-16.3],[-60.2,-16.3],[-60.2,-15.5],[-60.6,-15.1],[-60.3,-15.1],[-60.5,-14.2],[-60.4,-14],[-60.7,-13.7],[-60.4,-13.4],[-59.9,-12.6],[-59.9,-12.1],[-60.1,-11.7],[-59.9,-11.4],[-60,-11.1],[-60.4,-11],[-61.5,-11],[-61.5,-9.6],[-61.6,-9.3],[-61.5,-8.9],[-61.6,-8.8],[-58.5,-8.7],[-58.1,-7.3],[-57.7,-8.3],[-57.6,-8.7],[-56.8,-9.4],[-50.2,-9.8]]]}},{"type":"Feature","properties":{"code":"BR-RO","name":"Brazil (Rondonia)","country_code":"BR","country":"Brazil","region":"Rondonia","level":"subnational"},"geometry":{"type":"Polygon","coordinates":[[[-61.6,-8.8],[-61.5,-8.9],[-61.6,-9.3],[-61.5,-9.6],[-61.5,-11],[-60.4,-11],[-60,-11.1],[-59.9,-11.4],[-60.1,-11.7],[-59.9,-12.1],[-59.9,-12.6],[-60.4,-13.4],[-60.7,-13.7],[-61,-13.5],[-61.8,-13.5],[-62.1,-13.2],[-62.8,-13],[-63.1,-12.6],[-64.4,-12.5],[-65,-12],[-65.3,-11.4],[-65.4,-9.7],[-65.6,-9.8],[-66.8,-9.8],[-66.4,-9.4],[-66,-9.4],[-65.7,-9.6],[-65.2,-9.3],[-65.1,-9.4],[-64.8,-9],[-64.1,-9],[-64,-8.4],[-63.5,-8],[-62.9,-8],[-62.1,-8.8],[-61.6,-8.8]]]}},{"type":"Feature","properties":{"code":"BR-BA","name":"Brazil (Bahia)","country_code":"BR","country":"Brazil","region":"Bahia","level":"subnational"},"geometry":{"type":"MultiPolygon","coordinates":[[[[-38.9,-13.6],[-39,-13.6],[-39,-13.4],[-38.9,-13.4],[-38.9,-13.6]]],[[[-38.8,-13.1],[-38.8,-13.1],[-38.6,-12.9],[-38.6,-13],[-38.8,-13.1]]],[[[-39,-8.8],[-38.6,-9],[-38.5,-8.9],[-38.2,-9.4],[-38,-9.5],[-38,-9.7],[-37.8,-10.1],[-37.8,-10.6],[-38.2,-10.7],[-38.2,-10.9],[-38,-11.4],[-37.4,-11.5],[-38.3,-12.9],[-38.5,-13],[-38.5,-12.7],[-38.7,-12.6],[-38.8,-12.8],[-38.9,-12.7],[-38.7,-12.9],[-39.1,-13.4],[-39.1,-13.5],[-39,-13.7],[-39,-14.2],[-38.9,-13.9],[-39.1,-14.7],[-38.9,-15.9],[-39.2,-17.2],[-39.1,-17.7],[-39.7,-18.3],[-40.2,-18],[-40.2,-17.7],[-40.6,-17.4],[-40.5,-16.9],[-40.2,-16.8],[-40.3,-16.6],[-39.9,-16.1],[-40.2,-15.8],[-40.9,-15.7],[-41.3,-15.8],[-41.4,-15.5],[-41.8,-15.1],[-42.1,-15.2],[-43.2,-14.6],[-43.5,-14.8],[-43.8,-14.7],[-43.8,-14.3],[-44.2,-14.2],[-46.1,-15.2],[-45.9,-14.4],[-46.3,-13.9],[-46.1,-12.9],[-46.3,-12.3],[-46.3,-12.1],[-46.1,-11.9],[-46.3,-11.8],[-46.1,-11.6],[-46.6,-11.3],[-46.2,-10.9],[-46.3,-10.8],[-45.8,-10.3],[-45.1,-10.9],[-44.1,-10.6],[-43.7,-10.1],[-43.8,-9.4],[-43.5,-9.3],[-42.9,-9.5],[-42.5,-9.5],[-42.1,-9.2],[-41.9,-9.3],[-41.4,-8.7],[-40.9,-8.8],[-40.6,-9.5],[-39.4,-8.5],[-39,-8.8]]]]}},{"type":"Feature","properties":{"code":"BR-SE","name":"Brazil (Sergipe)","country_code":"BR","country":"Brazil","region":"Sergipe","level":"subnational"},"geometry":{"type":"Polygon","coordinates":[[[-36.4,-10.5],[-37,-10.9],[-37,-10.9],[-37,-10.9],[-37.1,-10.7],[-37.2,-10.8],[-37,-10.8],[-37.2,-11.1],[-37.3,-11],[-37.2,-11.1],[-37.3,-11.4],[-37.4,-11.4],[-37.3,-11.2],[-37.3,-11.2],[-37.4,-11.5],[-37.7,-11.6],[-38,-11.4],[-38.2,-10.9],[-38.2,-10.7],[-37.8,-10.6],[-37.8,-10.1],[-38,-9.7],[-38,-9.5],[-37,-10],[-36.4,-10.5]]]}},{"type":"Feature","properties":{"code":"BR-MG","name":"Brazil (Minas Gerais)","country_code":"BR","country":"Brazil","region":"Minas Gerais","level":"subnational"},"geometry":{"type":"Polygon","coordinates":[[[-40.2,-18],[-40.9,-18],[-40.8,-18.2],[-40.9,-18.1],[-41.1,-18.3],[-40.9,-18.8],[-41.2,-18.8],[-40.9,-19.1],[-41,-19.5],[-41.4,-20.2],[-41.8,-20.3],[-41.9,-20.8],[-42.1,-21],[-42.4,-21.6],[-42.3,-21.7],[-43,-22],[-43.8,-22.1],[-45.4,-22.6],[-45.7,-22.6],[-45.9,-22.9],[-46.3,-22.9],[-46.4,-22.5],[-46.7,-22.4],[-46.7,-21.8],[-46.5,-21.5],[-47,-21.4],[-47.2,-20.9],[-47.1,-20.6],[-47.3,-20.4],[-47.3,-20.2],[-47.5,-20],[-48.8,-20.2],[-48.9,-20.4],[-49,-20.2],[-49.2,-20.3],[-49.3,-20],[-49.5,-19.9],[-50.5,-19.8],[-51,-20.1],[-51,-19.5],[-50.3,-18.7],[-49.6,-18.5],[-49.4,-18.6],[-48.9,-18.3],[-47.9,-18.5],[-47.3,-18.1],[-47.3,-17.6],[-47.5,-17.5],[-47.2,-16.9],[-47.5,-16.5],[-47.3,-16],[-46.8,-15.9],[-46.9,-15.1],[-46.6,-15.1],[-46.5,-14.7],[-46.3,-14.9],[-46,-14.9],[-46.1,-15.2],[-44.3,-14.2],[-43.8,-14.3],[-43.8,-14.7],[-43.5,-14.8],[-43.2,-14.6],[-42.1,-15.2],[-41.8,-15.1],[-41.4,-15.5],[-41.3,-15.8],[-40.8,-15.7],[-39.9,-16],[-39.9,-16.3],[-40.3,-16.6],[-40.2,-16.8],[-40.5,-16.9],[-40.6,-17.3],[-40.2,-17.8],[-40.2,-18]]]}},{"type":"Feature","properties":{"code":"BR-DF","name":"Brazil (Distrito Federal)","country_code":"BR","country":"Brazil","region":"Distrito Federal","level":"subnational"},"geometry":{"type":"Polygon","coordinates":[[[-47.3,-16],[-48.2,-16],[-48.2,-15.5],[-47.4,-15.5],[-47.3,-16]]]}},{"type":"Feature","properties":{"code":"BR-MS","name":"Brazil (Mato Grosso do Sul)","country_code":"BR","country":"Brazil","region":"Mato Grosso do Sul","level":"subnational"},"geometry":{"type":"Polygon","coordinates":[[[-53.1,-18],[-53,-18.4],[-52.8,-18.4],[-52.9,-18.7],[-52.5,-18.7],[-50.9,-19.4],[-51,-20.2],[-51.6,-20.6],[-52.1,-21.7],[-52.4,-22.1],[-53.6,-22.9],[-53.7,-23.3],[-54,-23.4],[-54.1,-24],[-54.2,-24.1],[-54.6,-23.8],[-55.4,-24],[-55.6,-22.6],[-55.8,-22.3],[-56.2,-22.3],[-56.4,-22.1],[-56.9,-22.3],[-58,-22.1],[-57.8,-21],[-58.2,-20.2],[-57.9,-20],[-58.1,-19.7],[-57.7,-19],[-57.5,-18.2],[-57.7,-17.7],[-57.5,-17.9],[-57.1,-17.8],[-56.8,-17.3],[-56.1,-17.2],[-55.2,-17.7],[-54.7,-17.5],[-54.4,-17.7],[-54.1,-17.6],[-53.7,-17.3],[-54,-17.9],[-53.1,-18]]]}},{"type":"Feature","properties":{"code":"BR-ES","name":"Brazil (Espirito Santo)","country_code":"BR","country":"Brazil","region":"Espirito Santo","level":"subnational"},"geometry":{"type":"Polygon","coordinates":[[[-40.2,-18],[-39.7,-18.3],[-39.8,-19.6],[-41,-21.3],[-41.7,-21.1],[-41.9,-20.8],[-41.8,-20.3],[-41.4,-20.2],[-40.9,-19.4],[-41,-19],[-41.2,-18.8],[-40.9,-18.8],[-41.1,-18.3],[-40.9,-18.1],[-40.8,-18.2],[-40.9,-18],[-40.2,-18]]]}},{"type":"Feature","properties":{"code":"BR-RJ","name":"Brazil (Rio de Janeiro)","country_code":"BR","country":"Brazil","region":"Rio de Janeiro","level":"subnational"},"geometry":{"type":"MultiPolygon","coordinates":[[[[-44.1,-23.2],[-44.3,-23.2],[-44.4,-23.2],[-44.2,-23.1],[-44.1,-23.2]]],[[[-41.5,-21.2],[-41,-21.3],[-41,-22],[-41.8,-22.3],[-42,-22.6],[-42,-22.9],[-43.1,-23],[-43.1,-22.7],[-43.3,-22.7],[-43.2,-23],[-44,-23.1],[-43.6,-23],[-43.9,-22.9],[-44.2,-23],[-44.4,-22.9],[-44.7,-23.1],[-44.6,-23.4],[-44.9,-23.2],[-44.7,-22.9],[-44.2,-22.7],[-44.6,-22.6],[-44.8,-22.4],[-43.8,-22.1],[-43,-22],[-42.3,-21.7],[-42.4,-21.6],[-42.1,-21],[-41.9,-20.8],[-41.5,-21.2]]]]}},{"type":"Feature","properties":{"code":"BR-PR","name":"Brazil (Parana)","country_code":"BR","country":"Brazil","region":"Parana","level":"subnational"},"geometry":{"type":"Polygon","coordinates":[[[-48.1,-25.3],[-48.2,-25.5],[-48.1,-25.3],[-48.4,-25.3],[-48.5,-25.5],[-48.7,-25.4],[-48.4,-25.6],[-48.8,-25.9],[-48.6,-26],[-49.1,-26],[-49.5,-26.2],[-49.9,-26],[-50.5,-26],[-51.2,-26.3],[-51.2,-26.6],[-51.4,-26.7],[-53.7,-26.3],[-53.9,-25.6],[-54.1,-25.5],[-54.5,-25.6],[-54.6,-25.4],[-54.2,-24.4],[-54.3,-24.1],[-54.1,-24],[-54,-23.4],[-53.7,-23.3],[-53.6,-22.9],[-52.9,-22.6],[-52.1,-22.5],[-51.3,-22.7],[-50.8,-22.9],[-50,-22.9],[-49.6,-23.3],[-49.6,-23.8],[-49.2,-24.4],[-49.3,-24.7],[-48.6,-24.7],[-48.6,-25.1],[-48.2,-24.9],[-48.1,-25.3]]]}},{"type":"Feature","properties":{"code":"BR-SC","name":"Brazil (Santa Catarina)","country_code":"BR","country":"Brazil","region":"Santa Catarina","level":"subnational"},"geometry":{"type":"MultiPolygon","coordinates":[[[[-48.6,-27.8],[-48.5,-27.4],[-48.4,-27.4],[-48.4,-27.6],[-48.6,-27.8]]],[[[-48.6,-26.4],[-48.7,-26.3],[-48.5,-26.2],[-48.5,-26.2],[-48.6,-26.4]]],[[[-48.7,-26],[-48.6,-26],[-48.6,-26.2],[-48.8,-26.1],[-48.5,-27.2],[-48.6,-27.2],[-48.7,-28.2],[-48.8,-28.5],[-48.9,-28.3],[-48.8,-28.6],[-49.7,-29.3],[-50,-29.2],[-50,-29.4],[-50.2,-29.3],[-49.9,-28.7],[-49.7,-28.6],[-49.8,-28.5],[-50.6,-28.4],[-51.1,-27.8],[-52.3,-27.2],[-53.4,-27.1],[-53.8,-27.2],[-53.6,-26.3],[-51.4,-26.7],[-51.2,-26.6],[-51.2,-26.3],[-50.5,-26],[-49.9,-26],[-49.5,-26.2],[-49.1,-26],[-48.7,-26]]]]}},{"type":"Feature","properties":{"code":"BR-RS","name":"Brazil (Rio Grande do Sul)","country_code":"BR","country":"Brazil","region":"Rio Grande do Sul","level":"subnational"},"geometry":{"type":"Polygon","coordinates":[[[-49.7,-29.3],[-50.7,-31],[-52.1,-32.2],[-52.1,-31.8],[-51.9,-31.9],[-51.3,-31.5],[-51.2,-31.1],[-51,-31.1],[-50.6,-30.5],[-50.6,-30.2],[-51,-30.4],[-51.3,-30],[-51.3,-30.8],[-51.4,-30.6],[-51.5,-31.1],[-52,-31.3],[-52.2,-31.7],[-52.3,-32.1],[-52.1,-32.2],[-52.6,-33.1],[-53.4,-33.7],[-53.5,-33.7],[-53.5,-33.1],[-53.1,-32.7],[-53.6,-32.4],[-53.9,-32],[-54.3,-31.8],[-54.6,-31.5],[-55.2,-31.2],[-55.6,-30.8],[-56,-31.1],[-56,-30.8],[-56.8,-30.1],[-57.1,-30.1],[-57.2,-30.3],[-57.6,-30.2],[-55.9,-28.4],[-55.7,-28.4],[-55.7,-28.2],[-55,-27.8],[-54.8,-27.5],[-53.4,-27.1],[-52.2,-27.3],[-51.1,-27.8],[-50.6,-28.4],[-49.8,-28.5],[-49.7,-28.6],[-49.9,-28.7],[-50.2,-29.3],[-50,-29.4],[-50,-29.2],[-49.7,-29.3]]]}},{"type":"Feature","properties":{"code":"BR-SP","name":"Brazil (Sao Paulo)","country_code":"BR","country":"Brazil","region":"Sao Paulo","level":"subnational"},"geometry":{"type":"MultiPolygon","coordinates":[[[[-46.3,-23.9],[-46.3,-24],[-46.4,-24],[-46.4,-23.9],[-46.3,-23.9]]],[[[-45.2,-23.8],[-45.2,-24],[-45.4,-23.9],[-45.3,-23.7],[-45.2,-23.8]]],[[[-50,-19.9],[-49.5,-19.9],[-49.2,-20.3],[-49,-20.2],[-48.9,-20.4],[-48.8,-20.2],[-47.5,-20],[-47.3,-20.2],[-47.3,-20.4],[-47.1,-20.6],[-47.2,-20.9],[-47,-21.4],[-46.5,-21.5],[-46.7,-22.3],[-46.4,-22.5],[-46.3,-22.9],[-45.8,-22.8],[-45.7,-22.6],[-45.4,-22.6],[-44.8,-22.4],[-44.6,-22.6],[-44.2,-22.7],[-44.7,-22.9],[-44.9,-23.2],[-44.7,-23.4],[-45.4,-23.6],[-45.4,-23.8],[-45.9,-23.8],[-46.3,-24],[-46.3,-24],[-46.3,-24],[-46.3,-23.9],[-46.4,-23.9],[-48,-25],[-47.9,-25.1],[-48.1,-25.3],[-48.2,-24.9],[-48.6,-25.1],[-48.6,-24.7],[-49.3,-24.7],[-49.2,-24.4],[-49.6,-23.8],[-49.6,-23.3],[-50,-22.9],[-50.8,-22.9],[-51.3,-22.7],[-52.1,-22.5],[-53.2,-22.7],[-52.4,-22.1],[-51.6,-20.6],[-51,-20.3],[-51,-20],[-50.5,-19.8],[-50,-19.9]]]]}},{"type":"Feature","properties":{"code":"BR-AC","name":"Brazil (Acre)","country_code":"BR","country":"Brazil","region":"Acre","level":"subnational"},"geometry":{"type":"Polygon","coordinates":[[[-66.8,-9.8],[-66.6,-9.9],[-67.7,-10.7],[-68.1,-10.7],[-68.6,-11.1],[-69.9,-10.9],[-70.6,-11],[-70.5,-9.4],[-71.3,-10],[-72.2,-10],[-72.3,-9.5],[-73.2,-9.4],[-73,-9],[-74,-7.5],[-73.7,-7.3],[-73.8,-7.1],[-72.6,-7.6],[-70.4,-8.2],[-66.8,-9.8]]]}},{"type":"Feature","properties":{"code":"BR-AL","name":"Brazil (Alagoas)","country_code":"BR","country":"Brazil","region":"Alagoas","level":"subnational"},"geometry":{"type":"Polygon","coordinates":[[[-35.1,-8.9],[-36.4,-10.5],[-37,-10],[-38.2,-9.3],[-37.8,-8.9],[-37,-9.3],[-36.4,-9.2],[-36,-8.9],[-35.1,-8.9]]]}},{"type":"Feature","properties":{"code":"CN-HL","name":"China (Heilongjiang)","country_code":"CN","country":"China","region":"Heilongjiang","level":"subnational"},"geometry":{"type":"Polygon","coordinates":[[[131.3,43.5],[130.9,43.4],[130.4,43.7],[130.3,44],[130.1,43.9],[129.9,44],[128.9,43.6],[128.8,43.9],[128.4,44.1],[128.4,44.6],[128.1,44.6],[128,44.1],[127.8,44.1],[127.5,44.4],[127.6,44.6],[127,44.6],[127,45.1],[125.9,45.2],[125.7,45.5],[124.4,45.4],[124,45.8],[124,46.3],[123.2,46.2],[123,46.4],[123,46.6],[123.4,46.6],[123.6,46.8],[123.4,46.9],[123.1,46.8],[122.4,47.3],[124.2,48.5],[124.5,48.1],[124.6,48.6],[124.9,49.2],[125.2,49.2],[125.2,50],[126.1,51],[125.5,51.5],[125.1,51.6],[124.8,51.4],[124.3,51.3],[123.6,51.2],[123.1,51.3],[122.7,51.7],[122.6,52.1],[122.7,52.2],[122.2,52.5],[121.9,52.3],[121.2,52.6],[121.8,53],[121.4,53.3],[123.6,53.5],[124.5,53.2],[125.6,53.1],[125.7,52.9],[126.1,52.8],[126,52.6],[126.6,52.1],[126.4,52],[126.9,51.4],[126.8,51.3],[127,51.3],[126.9,51.1],[127.3,50.7],[127.3,50.3],[127.6,50.2],[127.5,49.8],[127.8,49.6],[128.7,49.6],[129.1,49.3],[129.5,49.4],[130.2,48.9],[130.7,48.9],[130.5,48.6],[130.8,48.3],[130.7,48.1],[131,47.7],[132.5,47.7],[133.1,48.1],[133.5,48.1],[134.4,48.4],[134.7,48.3],[134.6,48],[134.8,47.7],[134.2,47.3],[134.2,47.1],[133.8,46.5],[133.9,46.3],[133.5,45.8],[133.5,45.6],[133.1,45.5],[133.1,45.1],[132.9,45],[131.9,45.3],[131.5,45],[131,44.8],[131.3,44.1],[131.3,43.5]]]}},{"type":"Feature","properties":{"code":"CN-NM","name":"China (Neimenggu)","country_code":"CN","country":"China","region":"Neimenggu","level":"subnational"},"geometry":{"type":"Polygon","coordinates":[[[121.4,53.3],[121.8,53],[121.2,52.6],[121.9,52.3],[122.2,52.5],[122.7,52.2],[122.6,52.1],[122.7,51.7],[123.1,51.3],[123.6,51.2],[124.3,51.3],[124.8,51.4],[125.1,51.6],[125.5,51.5],[126.1,51],[125.2,50],[125.2,49.2],[124.9,49.2],[124.6,48.6],[124.5,48.1],[124.2,48.5],[122.4,47.3],[123.1,46.8],[123.4,46.9],[123.6,46.8],[123.4,46.6],[123,46.6],[123.1,46.1],[122.8,46.1],[122.7,45.7],[121.8,46],[121.7,45.7],[121.9,45.7],[122.2,45.4],[122,45.1],[122.3,44.2],[123.1,44.5],[123.3,44.2],[123.5,43.7],[123.4,43.5],[123.7,43.3],[123.6,43.1],[123.1,42.8],[122.4,42.9],[122.4,42.7],[122,42.7],[121.7,42.5],[121.4,42.5],[120.5,42.1],[120.1,41.7],[119.8,42.2],[119.5,42.4],[119.2,42.2],[119.4,42.1],[119.4,41.4],[119.2,41.3],[118.3,41.3],[118.1,41.7],[118.2,42],[117.7,42.6],[116.9,42.4],[116.8,41.9],[115.8,41.9],[115.2,41.6],[114.9,41.6],[114.9,42.1],[114.5,42.1],[113.9,41.4],[114,41.2],[113.8,41.1],[114.2,40.7],[114.1,40.5],[113.4,40.3],[113.1,40.4],[112.7,40.2],[112.4,40.3],[111.8,39.6],[111.4,39.6],[111.3,39.4],[111.1,39.4],[111.1,39.6],[110.7,39.2],[110.5,39.4],[110,39.2],[109.8,38.9],[109.8,38.7],[109.5,38.6],[108.6,37.6],[108.2,37.8],[107.6,37.8],[107.2,38.1],[106.5,38.3],[107,39],[106.8,39.4],[106.1,39.1],[105.8,38.6],[105.8,37.8],[104.1,37.4],[103.4,37.8],[103.3,38.1],[103.5,38.1],[103.4,38.4],[103.9,38.6],[104.2,39.1],[104.1,39.4],[103.4,39.3],[103,39.1],[102.3,39.2],[102,39.1],[101.9,38.7],[101.4,38.8],[100.9,39.1],[100.9,39.5],[100.3,39.5],[100.1,39.9],[99.7,39.9],[100.2,40.5],[100.2,40.8],[99.8,41],[98.3,40.5],[97.8,40.9],[97.4,41.5],[97.5,41.9],[97.4,42.8],[99.5,42.6],[100.8,42.7],[101.8,42.5],[102.1,42.2],[103.4,41.9],[104.5,41.9],[104.5,41.7],[105,41.6],[107.5,42.5],[109.5,42.5],[110.4,42.8],[111,43.3],[112,43.7],[111.4,44.4],[111.9,45],[112.4,45.1],[112.9,44.8],[113.6,44.7],[114.5,45.4],[115.5,45.4],[116.2,45.7],[116.4,46.1],[116.8,46.4],[117.4,46.4],[117.4,46.6],[117.8,46.5],[118.3,46.7],[119.9,46.7],[119.7,47.2],[118.5,48],[117.8,48],[117.4,47.7],[116.9,47.9],[116.3,47.9],[115.9,47.7],[115.6,47.9],[115.5,48.1],[115.8,48.3],[115.8,48.5],[116.7,49.8],[117.9,49.5],[118.6,49.9],[119.3,50.1],[119.4,50.3],[119.1,50.4],[120.1,51.6],[120.8,52.1],[120.6,52.3],[120.7,52.5],[120.1,52.6],[120,52.8],[120.9,53.3],[121.4,53.3]]]}},{"type":"Feature","properties":{"code":"CN-XJ","name":"China (Xinjiang)","country_code":"CN","country":"China","region":"Xinjiang","level":"subnational"},"geometry":{"type":"Polygon","coordinates":[[[87.8,49.2],[87.9,49],[87.8,48.9],[88.1,48.7],[88,48.6],[88.5,48.4],[88.6,48.2],[89.1,48],[90.1,47.9],[90.9,47],[91.1,46.6],[90.9,46.3],[91,46],[90.7,45.6],[90.9,45.3],[91.6,45.1],[93.6,45],[94.7,44.4],[95.4,44.3],[95.3,44],[95.5,44],[95.9,43.3],[96.4,42.9],[96.3,42.2],[96.1,42],[95,41.7],[93.5,40.9],[93.9,39.3],[93.3,39.3],[93.3,39.2],[90.6,38.7],[90.1,38.4],[90.4,37.8],[91.2,37.4],[91.1,37],[90.7,36.8],[90.7,36.5],[91.1,36.4],[90.3,36.2],[89.9,36.3],[89.3,36.2],[88.3,36.5],[87.4,36.5],[87.1,36.3],[86.2,36.2],[85.6,35.7],[85.1,35.7],[84.2,35.4],[83.3,35.6],[82.4,35.7],[81.6,35.2],[80.3,35.5],[79.9,34.9],[80,34.7],[79.8,34.4],[79,34.4],[78.3,34.6],[78,35.3],[78.1,35.5],[76.9,35.6],[76.6,35.9],[76.2,35.8],[75.9,36.1],[76,36.2],[75.9,36.7],[74.4,37.1],[75.2,37.4],[74.9,37.7],[74.9,38.5],[74.4,38.7],[74,38.5],[73.8,38.6],[73.7,38.9],[73.9,39],[73.6,39.2],[73.7,39.5],[74,39.6],[73.8,39.8],[74,40],[74.9,40.3],[74.9,40.5],[75.2,40.5],[75.6,40.6],[75.7,40.3],[76.3,40.4],[76.9,41],[78.1,41],[78.7,41.5],[80.3,42.1],[80.2,42.6],[80.3,42.8],[80.6,42.9],[80.4,43],[80.8,43.2],[80.4,44.1],[80.4,44.6],[80.5,44.7],[79.9,44.9],[81.7,45.3],[81.9,45.2],[82.6,45.1],[82.6,45.4],[82.3,45.6],[83,47.2],[83.9,47],[84.7,47],[84.8,46.8],[85.5,47.1],[85.7,47.3],[85.5,47.9],[85.8,48.4],[86.6,48.5],[86.9,49.1],[87.8,49.2]]]}},{"type":"Feature","properties":{"code":"CN-JL","name":"China (Jilin)","country_code":"CN","country":"China","region":"Jilin","level":"subnational"},"geometry":{"type":"Polygon","coordinates":[[[131.3,43.5],[131.1,42.9],[130.4,42.7],[130.6,42.4],[130.2,42.7],[130.3,42.9],[129.9,43],[129.7,42.4],[129.3,42.4],[128.9,42],[128.1,42],[128.3,41.6],[128.2,41.4],[127.3,41.5],[126.9,41.8],[126.6,41.6],[126,40.9],[125.7,40.9],[125.7,41.2],[125.3,41.8],[125.5,42.1],[124.9,42.8],[124.9,43.1],[124.5,42.9],[124.3,43.2],[123.7,43.5],[123.7,43.4],[123.4,43.5],[123.5,43.7],[123.1,44.5],[122.3,44.2],[122,45.1],[122.2,45.4],[121.9,45.7],[121.7,45.7],[121.8,46],[122.7,45.7],[122.8,46.1],[124,46.3],[124,45.8],[124.4,45.4],[125.7,45.5],[125.9,45.2],[127,45.1],[127,44.6],[127.6,44.6],[127.5,44.4],[127.8,44.1],[128,44.1],[128.1,44.6],[128.4,44.6],[128.4,44.1],[128.8,43.9],[128.9,43.6],[129.9,44],[130.1,43.9],[130.3,44],[130.4,43.7],[130.9,43.4],[131.3,43.5]]]}},{"type":"Feature","properties":{"code":"CN-GS","name":"China (Gansu)","country_code":"CN","country":"China","region":"Gansu","level":"subnational"},"geometry":{"type":"Polygon","coordinates":[[[97.4,42.8],[97.5,41.9],[97.4,41.6],[97.8,40.9],[98.4,40.5],[99,40.8],[100,40.9],[100.2,40.7],[99.7,39.9],[100.1,39.9],[100.3,39.5],[100.9,39.5],[100.9,39.1],[101.4,38.8],[101.9,38.7],[102,39.1],[102.3,39.2],[103,39.1],[103.4,39.3],[104.1,39.4],[104.2,38.9],[103.4,38.4],[103.5,38.2],[103.3,38.1],[103.4,37.8],[104.1,37.4],[104.6,37.4],[104.6,37.2],[105.2,37],[105.4,36.2],[105.3,35.9],[105.4,35.8],[105.8,35.7],[105.9,35.4],[106.3,35.3],[106.5,35.4],[106.4,35.7],[106.9,35.8],[106.9,36.1],[106.5,36.3],[106.7,37.2],[108.7,36.4],[108.7,36],[108.5,35.9],[108.6,35.4],[107.7,35.3],[107.8,35],[107.7,35],[106.5,35],[106.6,34.8],[106.3,34.6],[106.7,34.3],[106.4,33.9],[106.6,33.6],[105.8,33.5],[105.7,33.3],[105.9,33],[105.7,32.9],[105.9,32.8],[105.6,32.7],[105.5,32.9],[105.4,32.7],[105.1,32.6],[104.3,32.8],[104.4,33],[104.1,33.6],[103.6,33.8],[103.2,33.8],[103.1,34.2],[102.9,34.2],[102.2,34],[102.4,33.5],[101.8,33.1],[101.9,33.4],[101.8,33.9],[101,34.1],[101,34.4],[101.1,34.5],[101.3,34.3],[101.8,34.2],[102,34.4],[101.9,34.9],[102.4,35.1],[102.3,35.3],[102.5,35.5],[102.5,35.7],[102.8,35.5],[103,36.2],[102.7,36.6],[102.7,36.8],[102,37.8],[101.7,37.9],[101.5,37.7],[101,38.1],[100.4,38.3],[100.1,38.5],[99.9,38.9],[99.4,38.8],[98.2,39.3],[97.9,39.1],[97,39.1],[96.2,38.8],[95.3,39.2],[93.9,39.3],[93.7,39.5],[93.6,40.9],[95,41.7],[96.1,42],[96.4,42.7],[97.4,42.8]]]}},{"type":"Feature","properties":{"code":"CN-HE","name":"China (Hebei)","country_code":"CN","country":"China","region":"Hebei","level":"subnational"},"geometry":{"type":"MultiPolygon","coordinates":[[[[117.2,40],[117.2,39.6],[116.9,39.7],[116.8,40],[117.2,40]]],[[[117.6,42.6],[117.7,42.6],[118.2,42],[118.1,41.7],[118.3,41.3],[119.2,41.3],[118.9,40.8],[119.5,40.5],[119.9,40],[119.3,39.7],[119,39.2],[118.3,39],[118,39.2],[117.9,39.6],[117.6,39.6],[117.5,39.8],[117.6,40.1],[117.2,40.4],[117.5,40.7],[117,40.7],[116.6,41],[116.3,40.9],[116.4,40.8],[115.7,40.6],[115.9,40.3],[115.5,40.1],[115.5,39.6],[116.4,39.4],[116.8,39.6],[116.9,39.1],[116.7,39],[116.7,38.8],[117.3,38.6],[117.5,38.6],[117.8,38.2],[117.4,37.9],[116.8,37.8],[116.4,37.5],[116.4,37.6],[116.2,37.4],[116,37.3],[115.3,36.5],[115.5,36.2],[115.4,36.1],[113.7,36.4],[113.4,36.7],[113.8,36.9],[113.8,37.1],[114.1,37.7],[113.8,38.1],[113.5,38.3],[113.5,38.5],[113.8,38.8],[113.9,39.1],[114.3,39.1],[114.5,39.5],[114.4,39.9],[113.9,40],[114.3,40.3],[113.8,41.1],[114,41.2],[113.9,41.4],[114.5,42.1],[114.9,42.1],[114.9,41.6],[115.2,41.6],[115.8,41.9],[116.8,41.9],[116.9,42.4],[117.6,42.6]]]]}},{"type":"Feature","properties":{"code":"CN-BJ","name":"China (Beijing)","country_code":"CN","country":"China","region":"Beijing","level":"subnational"},"geometry":{"type":"Polygon","coordinates":[[[117.4,40.3],[117.3,40.1],[116.8,40],[116.9,39.7],[116.4,39.4],[115.5,39.6],[115.5,40.1],[115.9,40.3],[115.7,40.6],[116.4,40.8],[116.3,40.9],[116.6,41],[117,40.7],[117.5,40.7],[117.2,40.5],[117.4,40.3]]]}},{"type":"Feature","properties":{"code":"CN-SH","name":"China (Shanxi)","country_code":"CN","country":"China","region":"Shanxi","level":"subnational"},"geometry":{"type":"Polygon","coordinates":[[[113.7,36.4],[113.5,35.5],[112.9,35.2],[112.1,35.2],[112,35],[110.7,34.6],[110.2,34.7],[110.3,35.2],[110.6,35.6],[110.4,37],[110.8,37.6],[110.5,38.2],[110.9,38.5],[111,39],[111.2,39.3],[111.1,39.4],[111.3,39.4],[111.4,39.6],[111.9,39.6],[112.4,40.3],[112.7,40.2],[113.2,40.4],[113.5,40.3],[114.1,40.5],[114.2,40.7],[114.3,40.3],[113.9,40],[114.4,39.9],[114.5,39.5],[114.3,39.1],[113.9,39.1],[113.8,38.8],[113.5,38.5],[113.5,38.3],[113.8,38.1],[114.1,37.7],[113.8,37.1],[113.8,36.9],[113.4,36.7],[113.7,36.4]]]}},{"type":"Feature","properties":{"code":"CN-TJ","name":"China (Tianjin)","country_code":"CN","country":"China","region":"Tianjin","level":"subnational"},"geometry":{"type":"Polygon","coordinates":[[[118,39.2],[117.7,39.1],[117.5,38.6],[117.3,38.6],[116.7,38.9],[116.9,39.1],[116.8,39.6],[117.2,39.6],[117.2,40],[117.4,40.3],[117.6,40.1],[117.5,39.8],[117.6,39.6],[117.9,39.6],[118,39.2]]]}},{"type":"Feature","properties":{"code":"CN-SX","name":"China (Shaanxi)","country_code":"CN","country":"China","region":"Shaanxi","level":"subnational"},"geometry":{"type":"Polygon","coordinates":[[[111.1,39.4],[111.2,39.3],[111,39],[110.9,38.5],[110.5,38.2],[110.8,37.6],[110.4,37],[110.6,35.6],[110.2,34.7],[110.6,34.2],[110.6,33.9],[111,33.6],[111,33.3],[110.7,33.1],[110.5,33.2],[109.5,33.2],[110.2,32.7],[109.6,32.5],[109.5,32.3],[109.7,32.1],[109.6,31.7],[109.4,31.7],[108.5,32.3],[108,32.1],[107.4,32.5],[107.2,32.4],[107.1,32.7],[106.2,32.6],[106.1,32.7],[106.1,32.9],[105.8,32.9],[105.9,33],[105.7,33.3],[105.8,33.5],[106.6,33.6],[106.4,33.9],[106.7,34.3],[106.3,34.6],[106.6,34.8],[106.5,35],[107.7,35],[107.8,35],[107.7,35.3],[108.6,35.4],[108.5,35.9],[108.7,36],[108.7,36.4],[107.3,36.9],[107.3,37.6],[107.5,37.8],[108.1,37.8],[108.6,37.6],[109.5,38.6],[109.8,38.7],[109.8,38.9],[109.9,39.2],[110.5,39.4],[110.7,39.2],[111.1,39.6],[111.1,39.4]]]}},{"type":"Feature","properties":{"code":"CN-LN","name":"China (Liaoning)","country_code":"CN","country":"China","region":"Liaoning","level":"subnational"},"geometry":{"type":"MultiPolygon","coordinates":[[[[121.5,39.4],[121.4,39.4],[121.3,39.4],[121.3,39.5],[121.5,39.4]]],[[[124.4,43],[124.5,42.9],[124.9,43.1],[124.9,42.8],[125.5,42.1],[125.3,41.7],[125.8,41.2],[125.6,40.8],[124.9,40.5],[124.1,39.8],[123.2,39.8],[123.2,39.7],[121.6,39],[121.7,38.9],[121.2,38.7],[121.1,38.9],[121.7,39.1],[121.6,39.2],[121.8,39.4],[121.5,39.4],[121.4,39.5],[121.2,39.5],[121.5,39.6],[121.5,39.8],[121.8,39.9],[122.3,40.5],[122.1,40.7],[121.2,40.9],[120.4,40.2],[119.9,40],[119.5,40.5],[118.9,40.8],[119.4,41.4],[119.4,42.1],[119.2,42.2],[119.5,42.4],[119.8,42.2],[120.1,41.7],[120.5,42.1],[121.4,42.5],[121.7,42.5],[122,42.7],[122.4,42.7],[122.4,42.9],[123.1,42.8],[123.6,43.1],[123.7,43.5],[124.3,43.2],[124.4,43]]]]}},{"type":"Feature","properties":{"code":"CN-NX","name":"China (Ningxia)","country_code":"CN","country":"China","region":"Ningxia","level":"subnational"},"geometry":{"type":"Polygon","coordinates":[[[107.6,37.8],[107.3,37.4],[107.3,37.1],[106.6,37.2],[106.5,36.3],[106.9,36.1],[106.9,35.8],[106.4,35.7],[106.5,35.4],[106.3,35.3],[105.9,35.4],[105.8,35.7],[105.4,35.8],[105.3,36],[105.4,36.2],[105.2,37],[104.6,37.2],[104.6,37.4],[104.4,37.4],[105.8,37.8],[105.9,38.7],[106.3,39.3],[106.6,39.4],[106.8,39.4],[107,39],[106.5,38.3],[107.2,38.1],[107.6,37.8]]]}},{"type":"Feature","properties":{"code":"CN-QH","name":"China (Qinghai)","country_code":"CN","country":"China","region":"Qinghai","level":"subnational"},"geometry":{"type":"Polygon","coordinates":[[[93.9,39.3],[95.3,39.2],[96.2,38.8],[97,39.1],[97.9,39.1],[98.4,39.2],[99.4,38.8],[99.9,38.9],[100.1,38.5],[100.4,38.3],[101,38.1],[101.5,37.7],[101.7,37.9],[102,37.8],[102.7,36.8],[102.7,36.6],[103,36.2],[102.8,35.5],[102.5,35.7],[102.5,35.5],[102.3,35.3],[102.4,35.1],[101.9,34.9],[102,34.4],[101.8,34.2],[101.3,34.3],[101.1,34.5],[101,34.4],[101,34.1],[101.8,33.9],[101.9,33.4],[101.8,33.1],[101.6,33.1],[101.4,33.3],[101.1,33],[101.2,32.7],[100.7,32.7],[100.6,32.5],[100.4,32.8],[100.1,32.6],[100,32.9],[99.8,32.7],[99.5,32.7],[98.9,33.2],[98.5,33.8],[98,34],[97.7,33.8],[97.9,33.4],[97.5,33.2],[97.6,32.9],[97.1,32.6],[97.1,32.2],[96.6,31.6],[95.5,31.8],[95.5,32.1],[94.7,32.5],[92.5,32.6],[91.7,33],[90.4,33.1],[89.6,34.3],[89.5,34.7],[89.8,34.7],[89.7,35],[89.9,35.7],[89.9,35.9],[89.6,35.9],[89.9,36.3],[90.3,36.2],[91.1,36.4],[90.7,36.5],[90.7,36.8],[91.1,37],[91.2,37.4],[90.4,37.8],[90.1,38.4],[90.6,38.7],[93.3,39.2],[93.3,39.3],[93.9,39.3]],[[100.1,37.2],[99.8,37.2],[99.8,36.9],[99.6,36.9],[100,36.6],[100.7,36.6],[100.8,36.8],[100.3,37.2],[100.1,37.2]]]}},{"type":"Feature","properties":{"code":"CN-SD","name":"China (Shandong)","country_code":"CN","country":"China","region":"Shandong","level":"subnational"},"geometry":{"type":"Polygon","coordinates":[[[119.3,35.1],[118.9,35],[118.7,34.7],[118.5,34.7],[118.4,34.4],[118.2,34.4],[117.9,34.7],[117.6,34.5],[117.2,34.5],[116.8,34.9],[116.5,34.9],[116.2,34.6],[115.6,34.6],[115.2,34.9],[114.8,35],[115,35.4],[116.1,36.1],[115.3,35.8],[115.5,36.2],[115.3,36.5],[116,37.3],[116.2,37.4],[116.4,37.6],[116.4,37.5],[116.8,37.8],[117.4,37.9],[117.8,38.3],[118.8,38.2],[119,37.9],[119,37.3],[119.3,37.1],[119.8,37.2],[119.9,37.4],[120.7,37.8],[121.6,37.4],[122.1,37.6],[122.2,37.4],[122.6,37.4],[122.6,37.2],[122.4,37],[122.5,37],[122.5,36.9],[122.2,36.8],[122,37],[121.6,36.8],[120.8,36.6],[121,36.5],[120.9,36.4],[120.7,36.4],[120.7,36.1],[120.3,36],[120.3,36.3],[120.1,36.2],[120.2,36],[119.6,35.6],[119.3,35.1]]]}},{"type":"Feature","properties":{"code":"CN-XZ","name":"China (Xizang)","country_code":"CN","country":"China","region":"Xizang","level":"subnational"},"geometry":{"type":"Polygon","coordinates":[[[89.9,36.3],[89.6,35.9],[89.9,35.8],[89.7,35],[89.8,34.8],[89.5,34.6],[89.6,34.2],[90.4,33.1],[91.7,33],[92.5,32.6],[94.7,32.5],[95.5,32.1],[95.5,31.8],[96.1,31.6],[96.7,31.7],[97.1,32.2],[97.1,32.6],[97.4,32.8],[98.2,32.3],[98.5,31.8],[98.9,31.3],[98.6,31.2],[99,30.7],[99,29.9],[99.1,29.2],[99,29.2],[98.9,28.8],[98.7,29],[98.6,28.4],[98.4,28.2],[98.3,28.4],[98.1,28.2],[97.6,28.5],[97.3,28.2],[96.7,28.5],[96.4,28.4],[96.3,28.5],[96.6,28.8],[96.5,29.1],[96.2,28.9],[96.1,29.1],[96.4,29.3],[96.1,29.5],[95.4,29],[94.6,29.3],[94.2,29.1],[94,28.7],[93.4,28.6],[93.2,28.3],[92.7,28.1],[92.7,28],[92.5,27.8],[91.7,27.8],[91.7,27.9],[91.3,28.1],[91.1,28],[90.4,28.1],[90.4,28.2],[90,28.3],[89.5,28.1],[88.9,27.3],[88.8,27.5],[88.8,28],[88.6,28.1],[87.7,27.8],[87.2,27.8],[86.7,28.1],[86.5,27.9],[86.2,28.2],[86,27.9],[85.7,28.3],[85.1,28.3],[85.2,28.6],[84.8,28.5],[84.5,28.7],[84.1,29.3],[83.5,29.2],[83.2,29.6],[82.2,30.1],[82.1,30.3],[81.4,30.4],[81.4,30.2],[81.1,30],[81,30.3],[80.2,30.6],[80.2,30.8],[79.6,31],[79.2,31.4],[78.8,31.3],[78.8,32],[78.5,32.2],[78.4,32.6],[78.7,32.6],[79,32.4],[79.5,32.7],[79.4,33.1],[78.8,33.5],[78.7,34.1],[79.1,34.4],[79.8,34.4],[80,34.7],[79.9,34.9],[80.3,35.5],[81.7,35.2],[82.4,35.7],[83.3,35.6],[84.2,35.4],[85.1,35.7],[85.6,35.7],[86.2,36.2],[87.1,36.3],[87.5,36.5],[88.3,36.5],[89.3,36.2],[89.9,36.3]]]}},{"type":"Feature","properties":{"code":"CN-HN","name":"China (Henan)","country_code":"CN","country":"China","region":"Henan","level":"subnational"},"geometry":{"type":"Polygon","coordinates":[[[115.5,36.2],[115.3,35.8],[116.1,36.1],[115,35.4],[114.8,35],[115.2,34.9],[115.5,34.6],[116.1,34.6],[116.4,34.3],[116.6,34.3],[116.6,34],[116.2,33.7],[115.7,34.1],[115.6,33.6],[115.3,33.5],[115.3,33.1],[114.9,33.1],[115.2,32.8],[115.2,32.6],[115.6,32.4],[115.9,32.5],[115.9,31.8],[115.5,31.7],[115.4,31.4],[115.1,31.6],[114.8,31.5],[114.5,31.6],[114.5,31.7],[114.2,31.8],[114,31.7],[113.7,32.4],[113.5,32.3],[113.2,32.4],[112.3,32.4],[111.5,32.7],[111,33.2],[111,33.6],[110.6,33.9],[110.6,34.2],[110.4,34.4],[110.3,34.6],[111.5,34.8],[111.8,35.1],[112,35],[112.1,35.2],[112.9,35.2],[113.5,35.5],[113.7,36.4],[114.9,36.1],[115.5,36.2]]]}},{"type":"Feature","properties":{"code":"CN-JS","name":"China (Jiangsu)","country_code":"CN","country":"China","region":"Jiangsu","level":"subnational"},"geometry":{"type":"MultiPolygon","coordinates":[[[[119.8,32.3],[119.9,32.1],[119.8,32.1],[119.8,32.2],[119.7,32.3],[119.8,32.3]]],[[[119.2,35.1],[119.2,34.8],[120.2,34.3],[120.9,33],[120.8,32.6],[121.3,32.4],[121.4,32.1],[121.9,31.7],[120.9,31.9],[120.6,32.1],[120.1,31.9],[119.8,32.3],[119.7,32.3],[119.6,32.2],[119.8,32.2],[119.8,32.1],[119.9,32],[120.2,31.9],[120.7,32],[120.7,31.8],[121.3,31.5],[120.5,30.8],[119.9,31.2],[118.8,31.2],[118.9,31.6],[118.3,32],[118.7,32.2],[118.6,32.6],[119.1,32.4],[119.2,32.8],[118.9,33],[118.7,32.7],[118.3,32.8],[118.2,33.1],[117.9,33.2],[118.1,33.8],[117.8,33.7],[117.6,34],[117,34.2],[116.9,34.4],[116.4,34.6],[116.5,34.9],[116.8,34.9],[117.2,34.5],[117.6,34.5],[117.9,34.7],[118.2,34.4],[118.4,34.4],[118.5,34.7],[118.7,34.7],[118.9,35],[119.2,35.1]]]]}},{"type":"Feature","properties":{"code":"CN-AH","name":"China (Anhui)","country_code":"CN","country":"China","region":"Anhui","level":"subnational"},"geometry":{"type":"Polygon","coordinates":[[[119.6,31.1],[119.4,30.6],[119.2,30.6],[119.4,30.4],[118.9,30.3],[118.9,30],[118.4,29.5],[117.5,29.6],[117.2,29.9],[116.7,29.5],[116.7,29.7],[116.9,30],[116.6,30.1],[116.5,29.9],[116.1,29.8],[115.8,30.7],[116,31],[115.4,31.4],[115.5,31.7],[115.9,31.8],[115.9,32.5],[115.6,32.4],[115.2,32.6],[115.2,32.8],[114.9,33.1],[115.3,33.1],[115.3,33.5],[115.6,33.6],[115.7,34.1],[115.9,34],[116.1,33.7],[116.6,33.9],[116.6,34.3],[116.1,34.5],[116.4,34.6],[116.9,34.4],[117,34.2],[117.6,34],[117.8,33.7],[118.1,33.8],[117.9,33.2],[118.2,33.1],[118.3,32.8],[118.7,32.7],[118.9,33],[119.2,32.8],[119.1,32.4],[118.6,32.6],[118.7,32.2],[118.3,32],[118.9,31.6],[118.8,31.2],[119.2,31.3],[119.6,31.1]]]}},{"type":"Feature","properties":{"code":"CN-SC","name":"China (Sichuan)","country_code":"CN","country":"China","region":"Sichuan","level":"subnational"},"geometry":{"type":"Polygon","coordinates":[[[105.9,32.8],[106.1,32.9],[106.1,32.7],[106.2,32.6],[107.1,32.7],[107.1,32.5],[107.4,32.5],[108,32.1],[108.2,32.3],[108.5,32.2],[108.3,32],[108.5,31.7],[108.2,31.5],[107.9,30.8],[107.5,30.8],[107.1,30.1],[106.7,30],[106.6,30.3],[106.2,30.2],[105.8,30.4],[105.5,30.2],[105.7,30],[105.7,29.9],[105.3,29.6],[105.3,29.4],[105.7,29.3],[105.8,28.9],[106.2,28.9],[106.5,28.5],[106.3,28.5],[106,28.8],[105.6,28.5],[106.2,28.1],[106.4,27.8],[105.3,27.7],[105.3,28],[105.1,28.1],[104.6,27.8],[104.3,28],[104.4,28.1],[104.3,28.3],[104.3,28.6],[103.9,28.7],[103.9,28.3],[103.6,28.2],[103.4,28.1],[103.5,27.8],[102.9,27.3],[103,26.4],[102.7,26.2],[102.5,26.4],[101.8,26],[101.6,26.2],[101.6,26.4],[101.4,26.6],[101.5,26.8],[101.1,27],[101.2,27.2],[101,27.2],[100.7,27.9],[100.3,27.7],[100.1,28],[100.1,28.3],[99.7,28.8],[99.4,28.5],[99.4,28.2],[99.2,28.4],[99,30.7],[98.6,31.2],[98.9,31.3],[98.5,31.8],[98.2,32.3],[97.4,32.8],[97.6,32.9],[97.5,33.2],[97.9,33.4],[97.7,33.8],[98,34],[98.6,33.8],[98.9,33.2],[99.5,32.7],[99.8,32.7],[100,32.9],[100.1,32.6],[100.4,32.8],[100.6,32.5],[100.7,32.7],[101.1,32.7],[101.2,33.2],[101.4,33.3],[101.7,33],[102.4,33.4],[102.5,33.5],[102.2,34],[102.9,34.2],[103.1,34.2],[103.2,33.8],[104.1,33.6],[104.4,33],[104.3,32.9],[104.6,32.7],[105.1,32.6],[105.4,32.7],[105.5,32.9],[105.6,32.7],[105.9,32.8]]]}},{"type":"Feature","properties":{"code":"CN-HB","name":"China (Hubei)","country_code":"CN","country":"China","region":"Hubei","level":"subnational"},"geometry":{"type":"MultiPolygon","coordinates":[[[[115.4,31.4],[116,31],[115.8,30.7],[116.1,29.8],[115.5,29.8],[115.3,29.6],[115.1,29.7],[115.1,29.5],[114.3,29.3],[113.9,29.1],[113.6,29.3],[113.7,29.5],[113.5,29.7],[113.6,29.9],[113.1,29.4],[112.9,29.6],[113,29.8],[112.3,29.5],[111.9,29.9],[110.8,30.1],[110.4,30],[110.7,29.8],[110.4,29.6],[109.9,29.8],[109.5,29.6],[109.2,29.1],[108.6,29.9],[108.5,29.7],[108.4,29.8],[108.6,30],[108.4,30.5],[109.4,30.6],[110.1,30.9],[110.2,31.3],[109.6,31.8],[109.7,32.1],[109.5,32.3],[109.6,32.6],[110.2,32.7],[109.4,33.2],[109.5,33.2],[110.7,33.1],[111,33.3],[111.5,32.7],[112.3,32.4],[113.2,32.4],[113.5,32.3],[113.7,32.4],[114,31.7],[114.2,31.8],[114.5,31.7],[114.5,31.6],[114.8,31.5],[115.1,31.6],[115.4,31.4]]],[[[108.5,30.5],[108.5,30.5],[108.5,30.5],[108.5,30.5],[108.5,30.5]]],[[[109.8,30.8],[109.8,30.8],[109.8,30.8],[109.8,30.8],[109.8,30.8]]],[[[110.1,31],[110.1,31],[110.1,31],[110.1,31],[110.1,31]]]]}},{"type":"Feature","properties":{"code":"CN-SG","name":"China (Shanghai)","country_code":"CN","country":"China","region":"Shanghai","level":"subnational"},"geometry":{"type":"MultiPolygon","coordinates":[[[[121.8,31.2],[121.9,30.9],[121.3,30.7],[120.9,31.1],[121.1,31.1],[121.3,31.5],[121.8,31.2]]],[[[121.8,31.5],[121.4,31.6],[121.2,31.8],[121.9,31.5],[121.8,31.5]]]]}},{"type":"Feature","properties":{"code":"CN-HU","name":"China (Hunan)","country_code":"CN","country":"China","region":"Hunan","level":"subnational"},"geometry":{"type":"Polygon","coordinates":[[[113.9,29.1],[114.2,28.4],[113.7,28],[113.6,27.6],[113.6,27.4],[113.9,27.3],[113.8,26.7],[114.1,26.6],[113.9,26.2],[114.2,26.2],[114,26],[113.8,25.4],[113.3,25.5],[112.9,25.3],[113,25],[112.3,25.2],[112.1,24.8],[111.4,24.7],[111.4,25.1],[111,24.9],[111,25],[111.4,25.8],[111.2,25.9],[111.2,26.3],[110.6,26.3],[110.3,26],[110.2,26],[110,26.3],[109.7,25.9],[109.3,26.3],[109.5,27],[108.8,27.1],[109.4,27.6],[109.2,28.6],[109.4,29.5],[109.9,29.8],[110.4,29.6],[110.7,29.8],[110.4,30],[110.5,30.1],[110.8,30.1],[111.8,29.9],[112.3,29.5],[113,29.8],[112.9,29.6],[113.1,29.4],[113.6,29.9],[113.5,29.7],[113.7,29.5],[113.6,29.3],[113.9,29.1]]]}},{"type":"Feature","properties":{"code":"CN-JX","name":"China (Jiangxi)","country_code":"CN","country":"China","region":"Jiangxi","level":"subnational"},"geometry":{"type":"Polygon","coordinates":[[[118.2,29.4],[118,29.1],[118.4,28.7],[118.4,28.1],[117.7,27.8],[117.5,28],[117.3,27.9],[117.1,27.6],[117,27.1],[116.5,26.9],[116.6,26.4],[116,25.6],[115.8,25.2],[115.9,24.9],[115.8,24.8],[115.8,24.6],[115.4,24.8],[114.4,24.5],[114.2,24.7],[114.7,25.1],[114.7,25.3],[114.5,25.4],[114.1,25.3],[113.9,25.4],[114,26],[114.2,26.2],[113.9,26.2],[114.1,26.6],[113.8,26.7],[113.9,27.3],[113.6,27.4],[113.6,27.6],[113.7,28],[114.2,28.4],[113.9,29.1],[114.3,29.3],[115.1,29.5],[115.1,29.7],[115.3,29.6],[115.5,29.8],[115.9,29.7],[116.5,29.9],[116.6,30.1],[116.9,29.9],[116.7,29.7],[116.7,29.5],[117.2,29.9],[117.5,29.6],[118,29.6],[118.2,29.4]]]}},{"type":"Feature","properties":{"code":"CN-GZ","name":"China (Guizhou)","country_code":"CN","country":"China","region":"Guizhou","level":"subnational"},"geometry":{"type":"Polygon","coordinates":[[[109.3,28.5],[109.4,27.6],[108.8,27.1],[109.5,27],[109.3,26.3],[109.5,26],[109.3,25.8],[108.9,25.8],[109,25.6],[108.7,25.6],[108.6,25.3],[108.3,25.5],[108.1,25.2],[107.8,25.1],[107.5,25.2],[107.3,25.5],[107,25.2],[106.2,24.9],[106,24.6],[105.2,25],[104.7,24.6],[104.5,24.7],[104.8,25.2],[104.4,25.5],[104.3,25.8],[104.7,26.4],[104.4,26.7],[104,26.5],[103.8,26.6],[103.8,27],[103.6,27.1],[103.9,27.4],[104.9,27.3],[105.2,27.4],[105.4,27.8],[106.3,27.8],[106.2,28.1],[105.7,28.4],[105.7,28.6],[106,28.8],[106.3,28.5],[106.5,28.7],[106.5,28.8],[106.7,28.5],[106.9,28.7],[106.8,28.8],[107.4,28.9],[107.5,29.2],[107.8,29],[108.3,29.1],[108.3,28.7],[108.6,28.6],[108.6,28.3],[108.8,28.4],[108.7,28.2],[109.1,28.2],[109.3,28.5]]]}},{"type":"Feature","properties":{"code":"CN-YN","name":"China (Yunnan)","country_code":"CN","country":"China","region":"Yunnan","level":"subnational"},"geometry":{"type":"Polygon","coordinates":[[[105.3,27.7],[105.2,27.4],[104.5,27.3],[104.4,27.4],[104.2,27.3],[104,27.4],[103.6,27.1],[103.8,27],[103.8,26.6],[104.4,26.7],[104.7,26.4],[104.3,25.8],[104.4,25.5],[104.8,25.2],[104.5,24.7],[104.6,24.4],[105.1,24.4],[105.3,24.1],[106,24.1],[106.2,23.8],[106.1,23.5],[105.8,23.5],[105.5,23.2],[105.4,23.3],[104.9,23.2],[104.7,22.8],[104.4,22.7],[104.1,22.8],[104,22.5],[103.7,22.8],[103.5,22.6],[103.3,22.8],[103.1,22.4],[102.5,22.8],[102.1,22.4],[101.7,22.5],[101.6,22.2],[101.8,21.8],[101.8,21.1],[101.3,21.2],[101.1,21.8],[100.6,21.5],[100.2,21.4],[100,21.7],[100,22.1],[99.2,22.2],[99.6,22.9],[99.5,23.1],[98.9,23.2],[98.7,24],[98.9,24.2],[98.1,24.1],[97.6,23.9],[97.5,23.9],[97.7,24.2],[97.6,24.7],[97.8,25.3],[98.7,25.9],[98.6,26.1],[98.7,26.2],[98.8,26.6],[98.7,27.5],[98.5,27.7],[98.3,27.5],[98.1,28.2],[98.3,28.4],[98.4,28.2],[98.6,28.4],[98.7,29],[98.9,28.8],[99,29.2],[99.1,29.2],[99.2,28.3],[99.4,28.2],[99.4,28.5],[99.7,28.8],[100.1,28.3],[100.1,28],[100.3,27.7],[100.7,27.9],[101,27.2],[101.2,27.2],[101.1,27],[101.5,26.8],[101.4,26.6],[101.6,26.4],[101.6,26.2],[101.8,26],[102.5,26.4],[102.7,26.2],[103,26.4],[102.9,27.3],[103.5,27.8],[103.4,28.1],[103.6,28.2],[103.9,28.3],[103.9,28.7],[104.3,28.6],[104.4,27.9],[104.9,27.9],[105.1,28.1],[105.3,28],[105.3,27.7]]]}},{"type":"Feature","properties":{"code":"CN-ZJ","name":"China (Zhejiang)","country_code":"CN","country":"China","region":"Zhejiang","level":"subnational"},"geometry":{"type":"MultiPolygon","coordinates":[[[[121.2,28],[121.1,28.1],[121.2,28.2],[121.2,28.1],[121.2,28]]],[[[122.1,29.8],[122.2,29.7],[122.2,29.7],[122,29.7],[122.1,29.8]]],[[[122.3,30],[122,30],[122,30.1],[122.2,30.1],[122.3,30]]],[[[122.2,30.2],[122.1,30.3],[122.1,30.3],[122.2,30.3],[122.2,30.2]]],[[[120.2,30.9],[120.4,30.9],[120.5,30.8],[120.9,31],[121.3,30.7],[120.8,30.3],[120.5,30.4],[120.1,30.2],[120.5,30.3],[120.8,30.1],[121.3,30.3],[121.7,30],[122.1,29.9],[121.4,29.5],[122,29.6],[121.9,29.2],[121.8,29.2],[121.8,29.4],[121.7,29.2],[121.6,29.3],[121.4,29.2],[121.7,29],[121.5,28.9],[121.6,28.7],[121.1,28.8],[121.5,28.7],[121.6,28.3],[121.3,28.1],[121.2,28.4],[120.9,28],[120.6,28.1],[120.8,27.9],[120.5,27.2],[120.2,27.4],[119.8,27.3],[119.6,27.7],[119.2,27.4],[118.9,27.5],[118.8,28.2],[118.4,28.3],[118.4,28.8],[118,29.1],[118.7,29.7],[118.9,30.3],[119.4,30.4],[119.2,30.6],[119.4,30.6],[119.6,31.1],[119.9,31.2],[120.2,30.9]]]]}},{"type":"Feature","properties":{"code":"CN-GX","name":"China (Guangxi)","country_code":"CN","country":"China","region":"Guangxi","level":"subnational"},"geometry":{"type":"Polygon","coordinates":[[[112,24.7],[112,24.3],[111.4,23.4],[111.3,22.8],[110.8,22.6],[110.8,22.3],[110.3,22.2],[110.3,21.9],[110,21.9],[109.8,21.5],[109.6,21.7],[109.5,21.5],[109.1,21.4],[109.1,21.6],[108.9,21.6],[108.9,21.8],[108.7,21.6],[108.6,21.9],[108.5,21.9],[108.5,21.6],[108.3,21.7],[108.2,21.5],[107.8,21.7],[107.4,21.6],[107,21.9],[106.7,22],[106.6,22.5],[106.8,22.8],[106.1,23],[105.9,22.9],[105.5,23.2],[105.8,23.5],[106.1,23.5],[106.1,24],[105.3,24.1],[105.1,24.4],[104.7,24.5],[104.7,24.3],[104.5,24.6],[104.5,24.7],[104.7,24.6],[105.2,25],[106,24.6],[106.2,24.9],[107,25.2],[107.3,25.5],[107.5,25.2],[107.9,25.1],[108.3,25.5],[108.6,25.3],[108.7,25.6],[109,25.6],[108.9,25.7],[109.3,25.8],[109.5,26],[109.7,25.9],[110,26.3],[110.1,26],[110.3,26],[110.6,26.3],[110.9,26.3],[111,26.4],[111.2,26.3],[111.2,25.9],[111.4,25.9],[111,25],[111,24.9],[111.4,25.1],[111.4,24.7],[112,24.7]]]}},{"type":"Feature","properties":{"code":"CN-GD","name":"China (Guangdong)","country_code":"CN","country":"China","region":"Guangdong","level":"subnational"},"geometry":{"type":"MultiPolygon","coordinates":[[[[110.5,21.1],[110.5,21],[110.2,21],[110.3,21.1],[110.5,21.1]]],[[[110.5,21.2],[110.5,21.2],[110.6,21.2],[110.5,21.1],[110.4,21.2],[110.5,21.2]]],[[[111.8,21.6],[111.8,21.6],[112,21.7],[112,21.6],[111.8,21.6]]],[[[112.8,21.7],[112.7,21.7],[112.9,21.8],[112.9,21.7],[112.8,21.7]]],[[[113.6,22.8],[113.5,22.8],[113.4,22.9],[113.5,22.9],[113.6,22.8]]],[[[117.1,23.4],[117,23.4],[116.9,23.4],[117.1,23.5],[117.1,23.4]]],[[[113.5,25.4],[113.9,25.4],[114.1,25.3],[114.5,25.4],[114.7,25.3],[114.7,25.1],[114.2,24.7],[114.4,24.5],[115.4,24.8],[115.8,24.6],[115.8,24.8],[115.9,24.9],[116.8,24.7],[117.2,23.6],[116.9,23.7],[116.8,23.4],[116.5,23.4],[116.8,23.2],[116.5,23.2],[116.5,22.9],[115.8,22.7],[115.6,22.9],[115.5,22.7],[115.2,22.8],[114.9,22.7],[114.9,22.6],[114.9,22.5],[114.7,22.6],[114.8,22.8],[114.5,22.7],[114.5,22.5],[114.4,22.6],[113.9,22.5],[113.5,23],[113.8,23.1],[113.7,23.2],[113.5,23.1],[113.4,22.9],[113.6,22.5],[113.5,22.2],[113.2,22.6],[113.4,22.2],[113.2,22],[113.1,22.2],[112.9,21.9],[112.8,22],[112.3,21.7],[111.9,21.9],[112,21.8],[111.7,21.8],[111.8,21.6],[111.6,21.5],[111,21.5],[110.5,21.2],[110.4,21.4],[110.2,20.8],[110.4,20.8],[110.3,20.6],[110.5,20.4],[109.9,20.2],[110,20.4],[109.7,20.9],[109.8,21.3],[109.9,21.4],[109.7,21.6],[110,21.9],[110.3,21.9],[110.3,22.2],[110.8,22.3],[110.8,22.6],[111.4,22.9],[111.4,23.4],[112,24.3],[111.9,24.6],[112.1,24.8],[112.2,25.2],[112.6,25.1],[112.9,24.9],[113,25],[112.9,25.3],[113.3,25.5],[113.5,25.4]]]]}},{"type":"Feature","properties":{"code":"CN-FJ","name":"China (Fujian)","country_code":"CN","country":"China","region":"Fujian","level":"subnational"},"geometry":{"type":"MultiPolygon","coordinates":[[[[117.4,23.8],[117.5,23.7],[117.3,23.6],[117.4,23.8],[117.4,23.8]]],[[[118.1,24.4],[118.1,24.5],[118.1,24.6],[118.2,24.5],[118.1,24.4]]],[[[119.8,25.6],[119.8,25.4],[119.7,25.4],[119.7,25.6],[119.8,25.6]]],[[[118.7,28.3],[118.9,27.5],[119.2,27.4],[119.6,27.7],[119.8,27.3],[120.2,27.4],[120.4,27.2],[120.3,27.3],[120.2,27.2],[120.4,27.1],[120,26.9],[120.1,26.6],[119.9,26.5],[120.1,26.8],[119.9,26.6],[119.8,26.8],[119.6,26.8],[119.8,26.4],[119.6,26.4],[119.9,26.3],[119.4,26],[119.1,26.1],[119.4,25.9],[119.7,26],[119.6,25.7],[119.5,25.7],[119.6,25.4],[119.3,25.6],[119.1,25.4],[119.4,25.3],[119.3,25.2],[118.9,25.2],[119,24.9],[118.6,24.9],[118.8,24.8],[118.7,24.6],[118.2,24.5],[118.2,24.7],[118,24.4],[117.8,24.5],[118.1,24.3],[117.8,23.9],[117.8,24.1],[117.2,23.6],[116.8,24.7],[115.9,24.9],[115.8,25.2],[116.1,25.9],[116.4,26.1],[116.4,26.3],[116.6,26.4],[116.5,26.9],[117,27.1],[117.1,27.6],[117.3,27.9],[117.5,28],[117.7,27.8],[118.4,28.1],[118.4,28.3],[118.7,28.3]]]]}},{"type":"Feature","properties":{"code":"CN-MO","name":"China (Macau)","country_code":"CN","country":"China","region":"Macau","level":"subnational"},"geometry":{"type":"Polygon","coordinates":[[[113.5,22.2],[113.5,22.2],[113.6,22.2],[113.6,22.2],[113.5,22.2]]]}},{"type":"Feature","properties":{"code":"CN-HA","name":"China (Hainan)","country_code":"CN","country":"China","region":"Hainan","level":"subnational"},"geometry":{"type":"Polygon","coordinates":[[[110.7,20.1],[110.9,20],[111,19.6],[110.5,19.2],[110.5,18.8],[110.1,18.4],[109.8,18.4],[109.6,18.2],[108.7,18.5],[108.6,19.3],[109.3,19.8],[109.2,19.7],[109.3,19.9],[110.7,20.1]]]}},{"type":"Feature","properties":{"code":"CN-HK","name":"China (Hong Kong)","country_code":"CN","country":"China","region":"Hong Kong","level":"subnational"},"geometry":{"type":"MultiPolygon","coordinates":[[[[114.2,22.2],[114.2,22.2],[114.1,22.3],[114.2,22.3],[114.2,22.2]]],[[[113.9,22.2],[113.8,22.2],[114,22.3],[114,22.2],[113.9,22.2]]],[[[114.2,22.6],[114.4,22.4],[114.3,22.3],[114.2,22.3],[113.9,22.4],[114.2,22.6]]]]}},{"type":"Feature","properties":{"code":"IN-JK","name":"India (Jammu & Kashmir)","country_code":"IN","country":"India","region":"Jammu & Kashmir","level":"subnational"},"geometry":{"type":"Polygon","coordinates":[[[79,34.4],[78.7,34.1],[78.8,33.5],[79.4,33.1],[79.5,32.7],[79.3,32.5],[79,32.4],[78.7,32.6],[78.3,32.4],[78.4,32.7],[78,32.6],[77.7,33],[77.4,32.8],[76.4,33.2],[75.8,32.9],[75.9,32.6],[75.5,32.3],[74.7,32.5],[74.6,32.8],[74.4,32.8],[74.3,33],[74,33.2],[74.2,33.5],[74,33.7],[74.3,34],[74,34],[74,34.2],[73.8,34.4],[74,34.7],[74.4,34.8],[75.7,34.5],[76.4,34.8],[76.9,34.7],[77,35.1],[78,35.5],[78.3,34.6],[79,34.4]]]}},{"type":"Feature","properties":{"code":"IN-HP","name":"India (Himachal Pradesh)","country_code":"IN","country":"India","region":"Himachal Pradesh","level":"subnational"},"geometry":{"type":"Polygon","coordinates":[[[78.4,32.5],[78.8,32],[78.8,31.3],[79,31.1],[78.3,31.3],[77.9,31.1],[77.8,30.9],[77.8,30.5],[77.6,30.4],[77.1,30.5],[77.2,30.7],[76.6,31],[76.4,31.4],[76.2,31.3],[76,31.9],[75.7,32.2],[76,32.4],[75.8,32.9],[76.4,33.2],[77.4,32.8],[77.7,33],[78,32.6],[78.4,32.7],[78.3,32.5],[78.4,32.5]]]}},{"type":"Feature","properties":{"code":"IN-PJ","name":"India (Punjab)","country_code":"IN","country":"India","region":"Punjab","level":"subnational"},"geometry":{"type":"Polygon","coordinates":[[[76.8,30.9],[76.8,30.8],[76.7,30.7],[76.9,30.6],[76.9,30.4],[76.7,30.4],[76.5,30.1],[76.3,30.1],[76.2,29.9],[76.1,29.7],[75.5,29.8],[75.2,29.6],[75.2,29.8],[74.8,30],[73.8,30],[74,30.2],[73.9,30.4],[74.7,31.1],[74.5,31.2],[74.6,31.9],[75.3,32.1],[75.3,32.3],[75.5,32.3],[75.9,32.5],[76,32.4],[75.7,32.3],[75.7,32.1],[76,31.9],[76.2,31.3],[76.4,31.4],[76.8,30.9]]]}},{"type":"Feature","properties":{"code":"IN-UP","name":"India (Uttar Pradesh)","country_code":"IN","country":"India","region":"Uttar Pradesh","level":"subnational"},"geometry":{"type":"Polygon","coordinates":[[[80.1,28.8],[81.2,28.4],[81.3,28.2],[81.9,27.9],[82.7,27.7],[82.8,27.5],[83.8,27.4],[84.1,26.9],[84.4,26.7],[83.9,26.5],[84.2,26.4],[84,26.2],[84.2,26],[84.6,25.7],[84.1,25.7],[83.4,25.2],[83.6,24.6],[83.2,23.9],[82.9,23.9],[82.6,24.1],[82.6,24.7],[82.4,24.7],[82.3,24.6],[81.6,25.2],[81.2,25.2],[81.1,24.9],[80.8,24.9],[80.8,25.2],[80.3,25],[80.4,25.2],[80.3,25.4],[79.8,25.1],[79.5,25.1],[79.3,25.3],[79.2,25.1],[79,25.3],[78.9,25.2],[78.9,25.5],[78.8,25.3],[78.7,25.4],[78.5,25.3],[78.8,24.6],[78.9,24.6],[79,24.3],[78.8,24.2],[78.2,24.4],[78.2,24.8],[78.4,25.2],[78.3,25.4],[78.9,25.8],[79.1,26.4],[78.9,26.7],[78.2,26.8],[78.3,26.9],[77.4,26.8],[77.8,27],[77.5,27.1],[77.7,27.2],[77.3,27.7],[77.5,28.3],[77.2,28.7],[77.1,29.8],[77.6,30.4],[77.9,30.2],[77.7,29.9],[78,29.5],[78.4,29.8],[78.9,29.5],[78.7,29.3],[79.4,28.9],[79.8,28.9],[80,28.7],[80.1,28.8]]]}},{"type":"Feature","properties":{"code":"IN-HY","name":"India (Haryana)","country_code":"IN","country":"India","region":"Haryana","level":"subnational"},"geometry":{"type":"Polygon","coordinates":[[[77.6,30.4],[77.1,29.8],[77.2,28.8],[77,28.8],[76.8,28.6],[77.5,28.4],[77.5,28],[77,27.7],[76.9,28.2],[76.6,28],[76.3,28.2],[76.2,28],[76.2,27.9],[76,27.8],[75.9,28.1],[76.1,28.2],[75.6,28.7],[75.4,29.3],[74.5,29.4],[74.5,30],[75.2,29.8],[75.2,29.6],[75.5,29.8],[76.2,29.8],[76.3,30.1],[76.5,30.1],[76.7,30.4],[76.9,30.4],[76.8,30.9],[77.2,30.7],[77.1,30.5],[77.6,30.4]]]}},{"type":"Feature","properties":{"code":"IN-CG","name":"India (Chandigarh)","country_code":"IN","country":"India","region":"Chandigarh","level":"subnational"},"geometry":{"type":"Polygon","coordinates":[[[76.8,30.8],[76.8,30.7],[76.7,30.7],[76.8,30.8],[76.8,30.8]]]}},{"type":"Feature","properties":{"code":"IN-RJ","name":"India (Rajasthan)","country_code":"IN","country":"India","region":"Rajasthan","level":"subnational"},"geometry":{"type":"Polygon","coordinates":[[[74.5,30],[74.6,29.4],[75.4,29.3],[75.6,28.7],[76.1,28.2],[75.9,28.1],[76,27.8],[76.2,27.9],[76.2,28],[76.3,28.2],[76.6,28],[76.9,28.2],[76.9,27.7],[77.3,27.8],[77.5,27.4],[77.7,27.2],[77.5,27.1],[77.8,27],[77.4,26.7],[77.7,26.9],[78.3,26.9],[76.6,25.9],[76.6,25.4],[77,25.3],[77.4,25.4],[77.5,25.2],[76.9,25],[76.8,24.8],[77.1,24.6],[77,24.5],[76.9,24.5],[76.9,24.1],[76.7,24.3],[76.2,24.3],[75.7,23.8],[75.5,23.9],[75.8,24],[75.9,24.7],[75.3,24.8],[75.5,24.9],[75.4,24.9],[75.4,25.1],[75.1,24.9],[74.9,25],[75.1,24.8],[74.8,24.6],[75,24.1],[74.9,23.7],[74.4,23.1],[73.6,23.5],[73.4,23.8],[73.4,24.1],[73.1,24.1],[73.1,24.5],[72.8,24.4],[72,24.7],[71.1,24.7],[70.7,25.7],[70.3,25.7],[70.1,25.9],[70.2,26.6],[69.5,26.8],[69.6,27.2],[70.4,28],[70.6,28],[70.8,27.7],[71.9,28],[72.4,28.8],[73,29],[73.4,29.9],[73.9,30.1],[73.8,30],[74.5,30]]]}},{"type":"Feature","properties":{"code":"IN-AR","name":"India (Arunachal Pradesh)","country_code":"IN","country":"India","region":"Arunachal Pradesh","level":"subnational"},"geometry":{"type":"Polygon","coordinates":[[[97.3,28.2],[97.4,27.9],[96.9,27.6],[97.1,27.1],[96.7,27.4],[96.2,27.3],[95.3,26.6],[95.2,27],[96.1,27.4],[95.8,27.7],[96,28],[94.3,27.6],[93.7,27],[93.2,26.9],[92.6,27],[92.1,26.9],[92.1,27.4],[91.6,27.6],[91.7,27.8],[92.6,27.9],[92.7,28.1],[93.2,28.3],[93.4,28.6],[94,28.7],[94.2,29.1],[94.6,29.3],[95.4,29],[96.1,29.5],[96.4,29.3],[96.1,29.1],[96.2,28.9],[96.5,29.1],[96.6,28.8],[96.3,28.5],[96.4,28.4],[96.7,28.5],[97.3,28.2]]]}},{"type":"Feature","properties":{"code":"IN-DE","name":"India (Delhi)","country_code":"IN","country":"India","region":"Delhi","level":"subnational"},"geometry":{"type":"Polygon","coordinates":[[[77.2,28.8],[77.4,28.5],[76.9,28.5],[77,28.8],[77.2,28.8]]]}},{"type":"Feature","properties":{"code":"IN-SK","name":"India (Sikkim)","country_code":"IN","country":"India","region":"Sikkim","level":"subnational"},"geometry":{"type":"Polygon","coordinates":[[[88.9,27.3],[88.4,27.1],[88,27.2],[88.1,27.9],[88.6,28.1],[88.8,28],[88.8,27.5],[88.9,27.3]]]}},{"type":"Feature","properties":{"code":"IN-AS","name":"India (Assam)","country_code":"IN","country":"India","region":"Assam","level":"subnational"},"geometry":{"type":"Polygon","coordinates":[[[95.2,27],[94.3,26.4],[94.3,26.6],[94,25.9],[93.8,25.8],[93.7,25.9],[93.3,25.5],[93.5,25.2],[93.1,24.7],[93,24.4],[92.8,24.5],[92.5,24.1],[92.2,24.2],[92.2,24.9],[92.5,24.9],[92.4,25],[92.8,25.2],[92.4,25.7],[92.2,25.7],[92.3,26.1],[91.7,26.1],[91.2,25.7],[90.4,26],[90,25.9],[90,25.6],[89.9,25.5],[89.8,26],[89.6,26.2],[89.8,26.3],[89.8,26.7],[90.4,26.9],[91.3,26.8],[92.6,27],[93.6,27],[94.3,27.6],[96,28],[95.8,27.7],[96,27.3],[95.5,27.2],[95.2,27]]]}},{"type":"Feature","properties":{"code":"IN-BH","name":"India (Bihar)","country_code":"IN","country":"India","region":"Bihar","level":"subnational"},"geometry":{"type":"Polygon","coordinates":[[[88.1,26.5],[88.3,26.4],[87.8,25.9],[88.1,25.7],[88,25.5],[87.8,25.4],[87.8,25.2],[87.6,25.3],[87.3,25.2],[87.1,24.6],[86.6,24.6],[86.5,24.4],[86.1,24.8],[85.7,24.8],[85.7,24.6],[85.1,24.4],[84.8,24.5],[84.5,24.3],[84.3,24.6],[83.5,24.5],[83.3,25],[83.4,25.3],[84.1,25.7],[84.6,25.8],[84.1,26.1],[84.2,26.4],[83.9,26.5],[84.4,26.6],[84.1,26.9],[83.9,27.4],[84.1,27.5],[84.6,27.3],[84.7,27],[85.3,26.7],[85.6,26.9],[85.9,26.6],[86,26.7],[86.7,26.4],[87,26.5],[87.3,26.4],[88,26.4],[88.1,26.5]]]}},{"type":"Feature","properties":{"code":"IN-WB","name":"India (West Bengal)","country_code":"IN","country":"India","region":"West Bengal","level":"subnational"},"geometry":{"type":"MultiPolygon","coordinates":[[[[88.2,21.7],[88.1,21.6],[88.1,21.9],[88.2,21.8],[88.2,21.7]]],[[[88.9,27.1],[89.1,26.8],[89.8,26.7],[89.8,26.3],[89.5,26],[89.1,26.2],[88.9,26.4],[89,26.2],[88.7,26.3],[88.4,26.6],[88.3,26.5],[88.5,26.4],[88.1,25.9],[89,25.3],[88.9,25.2],[88.5,25.2],[88.4,24.9],[88.1,24.9],[88,24.7],[88.1,24.5],[88.8,24.2],[88.6,23.6],[88.8,23.5],[88.7,23.2],[89,23.2],[88.9,23],[89.1,21.6],[88.7,21.6],[88.7,22.2],[88.6,21.6],[88.5,21.9],[88.5,21.6],[88.3,21.6],[88.3,21.8],[88.3,21.8],[88.3,21.5],[88.2,22.2],[87.9,22.4],[88.2,22.1],[87.8,21.7],[87.5,21.6],[87.2,22],[87,21.9],[87,22.1],[86.7,22.2],[86.9,22.3],[86.4,22.8],[86.6,23],[86.2,23],[85.8,23.3],[86,23.6],[86.3,23.4],[86.6,23.7],[86.8,23.7],[86.9,23.9],[87.3,23.8],[87.2,24],[87.5,24],[87.7,24.2],[87.9,24.7],[87.8,25.4],[88.1,25.7],[87.8,26],[88.3,26.4],[88.1,26.5],[88.2,26.9],[88,27.1],[88.9,27.1]]]]}},{"type":"Feature","properties":{"code":"IN-NL","name":"India (Nagaland)","country_code":"IN","country":"India","region":"Nagaland","level":"subnational"},"geometry":{"type":"Polygon","coordinates":[[[95.2,27],[95.3,26.7],[95.1,26.5],[95.2,26.1],[94.9,25.6],[94.7,25.4],[94.6,25.7],[94.4,25.5],[93.8,25.5],[93.6,25.2],[93.4,25.3],[93.3,25.5],[93.7,25.9],[93.8,25.8],[94,25.9],[94.3,26.6],[94.3,26.4],[95.2,27]]]}},{"type":"Feature","properties":{"code":"IN-MP","name":"India (Madhya Pradesh)","country_code":"IN","country":"India","region":"Madhya Pradesh","level":"subnational"},"geometry":{"type":"Polygon","coordinates":[[[82.8,24],[82.5,23.8],[81.6,23.9],[81.6,23.5],[81.9,23.5],[82.2,23.3],[82.2,23.1],[81.9,23.1],[81.6,22.5],[81.1,22.4],[80.7,21.4],[80.3,21.7],[79.6,21.5],[79.3,21.8],[78.9,21.5],[78.4,21.6],[77.6,21.4],[77.4,21.6],[77.6,21.6],[77.5,21.8],[77.1,21.8],[76.7,21.6],[76.6,21.2],[76.3,21.1],[76.1,21.4],[75.2,21.5],[74.5,21.8],[74.5,22],[74.2,21.9],[74.1,22.1],[74,22.5],[74.2,22.5],[74,22.7],[74.4,22.8],[74.5,23],[74.3,23.2],[74.6,23.3],[74.6,23.5],[74.9,23.7],[75,24.1],[74.8,24.6],[75.1,24.8],[74.9,25],[75.2,24.9],[75.4,25.1],[75.4,24.9],[75.5,24.9],[75.3,24.8],[75.9,24.7],[75.8,24],[75.5,23.9],[75.7,23.8],[76.2,24.3],[76.7,24.3],[76.9,24.1],[76.9,24.5],[77,24.5],[77.1,24.6],[76.8,24.8],[76.9,25],[77.5,25.2],[77.4,25.4],[77,25.3],[76.6,25.4],[76.6,25.9],[78.3,26.9],[78.9,26.7],[79.1,26.4],[78.9,25.8],[78.3,25.4],[78.4,25.1],[78.2,24.8],[78.4,24.3],[78.8,24.2],[79,24.3],[78.9,24.6],[78.8,24.6],[78.5,25.3],[78.7,25.4],[78.8,25.3],[78.9,25.5],[78.9,25.2],[79,25.3],[79.2,25.1],[79.3,25.3],[79.5,25.1],[79.8,25.1],[80.3,25.4],[80.4,25.2],[80.3,25],[80.8,25.2],[80.8,24.9],[81.1,24.9],[81.2,25.2],[81.6,25.2],[82.3,24.6],[82.4,24.7],[82.6,24.7],[82.6,24.2],[82.8,24]]]}},{"type":"Feature","properties":{"code":"IN-ML","name":"India (Meghalaya)","country_code":"IN","country":"India","region":"Meghalaya","level":"subnational"},"geometry":{"type":"Polygon","coordinates":[[[92.4,25],[92,25.2],[90.4,25.1],[89.8,25.4],[90.1,26],[91,25.9],[91.2,25.7],[91.7,26.1],[92.3,26.1],[92.2,25.7],[92.4,25.7],[92.8,25.3],[92.4,25]]]}},{"type":"Feature","properties":{"code":"IN-MN","name":"India (Manipur)","country_code":"IN","country":"India","region":"Manipur","level":"subnational"},"geometry":{"type":"Polygon","coordinates":[[[94.7,25.4],[94.6,25.2],[94.7,25],[94.1,23.9],[93,24.1],[93.1,24.7],[93.8,25.5],[94.4,25.5],[94.6,25.7],[94.7,25.4]]]}},{"type":"Feature","properties":{"code":"IN-GJ","name":"India (Gujarat)","country_code":"IN","country":"India","region":"Gujarat","level":"subnational"},"geometry":{"type":"Polygon","coordinates":[[[74.4,23.1],[74.5,23],[74.4,22.8],[74,22.7],[74.2,22.5],[74,22.5],[74.1,21.9],[73.9,21.8],[73.8,21.6],[73.9,21.5],[74.3,21.5],[73.6,21.2],[73.9,20.7],[73.7,20.5],[73.5,20.7],[73.3,20.1],[73.1,20.3],[72.8,20.1],[72.9,20.8],[72.6,21.4],[73.1,21.8],[72.5,21.7],[72.7,22],[72.5,22],[72.6,22.2],[72.9,22.3],[72.2,22.3],[72.3,22.2],[72,21.9],[72.2,21.8],[72,21.9],[72.3,21.6],[72.1,21.2],[70.8,20.7],[70.1,21.1],[68.9,22.3],[69.1,22.5],[69.2,22.3],[70.2,22.6],[70.5,23.1],[69.7,22.7],[69.2,22.8],[68.4,23.4],[68.4,23.6],[68.7,23.8],[68.1,23.6],[68.3,23.9],[68.7,24],[68.8,24.3],[70,24.2],[70.6,24.4],[70.8,24.2],[71.1,24.4],[71,24.6],[71.1,24.7],[72,24.7],[72.8,24.4],[73.1,24.5],[73.1,24.1],[73.4,24.1],[73.4,23.8],[73.6,23.5],[74.4,23.1]],[[73,20.3],[73,20.3],[73,20.3],[73,20.3],[73,20.3]]]}},{"type":"Feature","properties":{"code":"IN-TP","name":"India (Tripura)","country_code":"IN","country":"India","region":"Tripura","level":"subnational"},"geometry":{"type":"Polygon","coordinates":[[[92.3,24.2],[92.3,23.7],[92,23.7],[91.8,23],[91.6,22.9],[91.4,23.3],[91.4,23.1],[91.2,23.6],[91.3,24],[91.9,24.2],[92.1,24.5],[92.3,24.2]]]}},{"type":"Feature","properties":{"code":"IN-MZ","name":"India (Mizoram)","country_code":"IN","country":"India","region":"Mizoram","level":"subnational"},"geometry":{"type":"Polygon","coordinates":[[[93,24.4],[93,24.1],[93.3,24],[93.4,23.2],[93.3,23],[93.1,23],[93.2,22.2],[92.9,22],[92.7,22.2],[92.6,22],[92.3,23.7],[92.3,24.2],[92.5,24.1],[92.8,24.5],[93,24.4]]]}},{"type":"Feature","properties":{"code":"IN-OR","name":"India (Orissa)","country_code":"IN","country":"India","region":"Orissa","level":"subnational"},"geometry":{"type":"Polygon","coordinates":[[[86.7,22.2],[87,22.1],[87,21.9],[87.2,22],[87.5,21.6],[86.9,21.3],[86.9,20.8],[87,20.7],[86.4,20],[86.2,20.1],[86.4,20],[85.5,19.7],[85.6,19.8],[85.5,19.9],[85.1,19.5],[85.2,19.6],[85.4,19.6],[84.8,19.1],[84.6,19.2],[84.2,18.8],[83.8,18.8],[83.6,19.2],[83,18.7],[83.1,18.4],[82.8,18.4],[82.6,18.3],[82.4,18.5],[82.2,18],[82.1,18.1],[81.5,17.8],[81.7,18.2],[82.4,18.9],[82.3,19.4],[81.9,20],[82.1,20.1],[82.5,19.9],[82.9,19.9],[82.8,20],[82.5,20.1],[82.4,20.9],[82.6,20.9],[82.8,21.2],[83.2,21.2],[83.5,21.4],[83.7,22.3],[84.1,22.5],[84.4,22.4],[85.1,22.5],[85,22.2],[85.2,22],[85.4,22.2],[85.9,22],[86,22.6],[86.7,22.2]]]}},{"type":"Feature","properties":{"code":"IN-MH","name":"India (Maharashtra)","country_code":"IN","country":"India","region":"Maharashtra","level":"subnational"},"geometry":{"type":"Polygon","coordinates":[[[80.7,21.4],[80.5,21.2],[80.6,20.6],[80.7,20.5],[80.7,20.3],[80.5,20.2],[80.6,20.2],[80.5,19.8],[80.6,19.8],[81,19.5],[80.7,19.2],[80.6,19.4],[80.4,19.2],[80.3,18.7],[80,18.8],[79.9,19],[80,19.4],[79.8,19.6],[79.6,19.5],[78.4,19.8],[78.2,19.3],[77.9,19.3],[77.8,19.1],[78,18.9],[77.7,18.7],[77.6,18.3],[77.4,18.3],[77.4,18.4],[77.1,18.1],[76.9,18.2],[76.9,17.9],[76.7,17.7],[76.5,17.8],[76.3,17.6],[76.4,17.3],[75.6,17.4],[75.7,17],[75.4,17],[75.3,16.8],[75,16.9],[75,16.8],[74.4,16.5],[74.6,16.2],[74.4,15.8],[74,15.6],[73.9,15.8],[73.6,15.7],[73.3,16.5],[72.9,18.4],[72.9,18.8],[73,18.7],[72.9,18.9],[73.1,19],[72.8,18.9],[72.8,19.3],[73,19.3],[72.8,19.4],[72.7,19.9],[72.9,20.2],[73.2,20],[73.4,20.2],[73.5,20.7],[73.7,20.5],[73.9,20.7],[73.6,21.2],[74.3,21.5],[73.9,21.5],[73.9,21.8],[74.5,22],[74.4,21.9],[74.6,21.8],[75.3,21.5],[76.1,21.4],[76.3,21.1],[76.6,21.2],[76.7,21.6],[77.1,21.8],[77.5,21.8],[77.6,21.6],[77.4,21.6],[77.6,21.4],[78.4,21.6],[78.9,21.5],[79.3,21.8],[79.6,21.5],[80.3,21.7],[80.7,21.4]]]}},{"type":"Feature","properties":{"code":"IN-DM","name":"India (Daman & Diu)","country_code":"IN","country":"India","region":"Daman & Diu","level":"subnational"},"geometry":{"type":"Polygon","coordinates":[[[72.8,20.4],[72.9,20.5],[72.9,20.4],[72.9,20.3],[72.8,20.4]]]}},{"type":"Feature","properties":{"code":"IN-DN","name":"India (Dadra and Nagar Haveli)","country_code":"IN","country":"India","region":"Dadra and Nagar Haveli","level":"subnational"},"geometry":{"type":"MultiPolygon","coordinates":[[[[73,20.3],[73,20.3],[73,20.3],[73,20.3],[73,20.3]]],[[[73.2,20.1],[73,20.1],[73.1,20.3],[73.2,20.1],[73.2,20.1]]]]}},{"type":"Feature","properties":{"code":"IN-TG","name":"India (Telangana)","country_code":"IN","country":"India","region":"Telangana","level":"subnational"},"geometry":{"type":"Polygon","coordinates":[[[81,17.8],[81,17.7],[80.9,17.8],[80.9,17.6],[81.3,17.4],[81.3,17.3],[81.2,17.4],[81.2,17.3],[80.9,17.2],[80.8,17],[80.6,17.1],[80.5,17.1],[80.4,17.1],[80.4,17],[80.6,16.9],[80.6,16.8],[80.4,16.8],[80.2,17.1],[80,16.9],[80.1,16.8],[79.9,16.6],[79.8,16.7],[79.3,16.6],[79.2,16.2],[79.1,16.2],[78.9,16.2],[78.9,16.1],[78.9,16.2],[78.8,16],[78.7,16.1],[78.3,16.1],[78.2,15.8],[77.5,15.9],[77.5,15.9],[77.6,16.3],[77.2,16.5],[77.5,16.6],[77.4,17.2],[77.7,17.5],[77.5,17.6],[77.7,17.9],[77.6,18.4],[78,18.9],[77.8,19.1],[77.9,19.3],[78.2,19.3],[78.4,19.8],[79.6,19.5],[79.8,19.6],[80,19.4],[79.9,19],[80,18.8],[80.3,18.7],[80.7,18.4],[81,17.8]]]}},{"type":"Feature","properties":{"code":"IN-AN","name":"India (Andhra Pradesh)","country_code":"IN","country":"India","region":"Andhra Pradesh","level":"subnational"},"geometry":{"type":"Polygon","coordinates":[[[77.5,15.9],[78.2,15.8],[78.3,16.1],[78.7,16.1],[78.8,16],[78.9,16.2],[78.9,16.1],[78.9,16.2],[79.1,16.2],[79.2,16.2],[79.3,16.6],[79.8,16.7],[79.9,16.6],[80.1,16.8],[80,16.9],[80.2,17.1],[80.4,16.8],[80.6,16.8],[80.6,16.9],[80.4,17],[80.4,17.1],[80.5,17.1],[80.6,17.1],[80.8,17],[80.9,17.2],[81.2,17.3],[81.2,17.4],[81.3,17.3],[81.3,17.4],[80.9,17.6],[80.9,17.8],[81,17.7],[81,17.8],[81.1,17.8],[81.6,17.8],[82.1,18.1],[82.2,18],[82.4,18.5],[82.6,18.3],[82.8,18.4],[83.1,18.4],[83,18.7],[83.6,19.2],[83.9,18.8],[84.3,18.8],[84.6,19.2],[84.8,19.1],[84.1,18.3],[82.4,17.1],[82.3,16.6],[81.7,16.3],[81.3,16.4],[81,15.8],[80.9,16],[80.8,15.8],[80.7,15.9],[80.3,15.7],[80,15.1],[80.3,13.4],[80.2,13.7],[80.1,13.5],[79.8,13.2],[79.5,13.3],[79.1,13],[78.7,13.1],[78.4,12.6],[78.3,12.8],[78.4,12.9],[78.5,12.9],[78.6,13.2],[78.4,13.3],[78.4,13.6],[78.1,13.6],[78.1,13.9],[78,14],[77.6,13.7],[77.2,13.9],[77,13.7],[76.9,14.2],[77.4,13.9],[77.4,14.1],[77.5,14.3],[76.9,14.2],[77,14.5],[76.8,14.6],[76.8,15.1],[77.1,15],[77.2,15.1],[77,15.5],[77.1,15.6],[77,15.8],[77.5,15.9]],[[82.3,16.7],[82.3,16.7],[82.2,16.8],[82.2,16.7],[82.3,16.7]]]}},{"type":"Feature","properties":{"code":"IN-KT","name":"India (Karnataka)","country_code":"IN","country":"India","region":"Karnataka","level":"subnational"},"geometry":{"type":"Polygon","coordinates":[[[77.6,18.3],[77.7,17.9],[77.5,17.6],[77.7,17.5],[77.4,17.2],[77.5,16.6],[77.2,16.5],[77.6,16.3],[77.5,15.9],[77,15.8],[77.1,15.6],[77,15.5],[77.2,15.1],[77.1,15],[76.8,15.1],[76.8,14.6],[77,14.5],[76.9,14.2],[77.5,14.3],[77.4,14.1],[77.4,13.9],[76.9,14.2],[77,13.7],[77.2,13.9],[77.6,13.7],[78,14],[78.1,13.9],[78.1,13.6],[78.4,13.6],[78.4,13.3],[78.6,13.3],[78.5,12.9],[78.4,12.9],[78.3,12.8],[77.9,12.9],[77.6,12.7],[77.5,12.2],[77.8,12.1],[77.4,11.8],[77,11.8],[76.8,11.6],[76.6,11.6],[76.1,12],[75.8,12],[75.2,12.6],[74.9,12.8],[74.4,14.5],[74.1,14.8],[74.3,15],[74.4,15.3],[74.3,15.6],[74.2,15.7],[74.4,15.8],[74.6,16.1],[74.4,16.5],[75,16.8],[75,16.9],[75.3,16.8],[75.4,17],[75.7,17],[75.6,17.4],[76.4,17.3],[76.3,17.6],[76.5,17.8],[76.7,17.7],[76.9,17.9],[76.9,18.2],[77.1,18.1],[77.4,18.4],[77.4,18.3],[77.6,18.3]]]}},{"type":"Feature","properties":{"code":"IN-GA","name":"India (Goa)","country_code":"IN","country":"India","region":"Goa","level":"subnational"},"geometry":{"type":"Polygon","coordinates":[[[74.2,15.7],[74.4,15.3],[74.3,15],[74.1,14.9],[73.8,15.4],[73.9,15.4],[73.7,15.7],[73.9,15.8],[74,15.6],[74.2,15.7]]]}},{"type":"Feature","properties":{"code":"IN-TN","name":"India (Tamil Nadu)","country_code":"IN","country":"India","region":"Tamil Nadu","level":"subnational"},"geometry":{"type":"Polygon","coordinates":[[[80.1,13.5],[80.3,13.3],[80.3,12.8],[79.8,11.9],[79.7,11.9],[79.8,11.8],[79.9,11],[79.7,10.9],[79.9,10.3],[79.3,10.3],[78.9,9.5],[79,9.3],[79.3,9.3],[79.4,9.2],[79,9.3],[78.4,9.1],[78.2,8.9],[78.1,8.4],[77.5,8.1],[77.3,8.1],[77.1,8.3],[77.3,8.6],[77.2,9.1],[77.4,9.5],[77.2,9.6],[77.3,10.2],[77.2,10.4],[76.8,10.3],[76.9,10.8],[76.7,10.9],[76.7,11.2],[76.4,11.2],[76.6,11.3],[76.2,11.6],[76.5,11.7],[76.8,11.6],[77,11.8],[77.4,11.8],[77.8,12.1],[77.5,12.3],[77.9,12.9],[78.5,12.6],[78.7,13.1],[79.1,13],[79.5,13.3],[79.8,13.2],[80.1,13.5]],[[79.7,12],[79.7,12],[79.7,12],[79.7,12]],[[79.6,12],[79.6,12],[79.6,12],[79.6,12]],[[79.7,11.8],[79.7,11.9],[79.6,11.9],[79.6,11.8],[79.7,11.8]],[[79.7,11.8],[79.7,11.8],[79.7,11.8],[79.7,11.8],[79.7,11.8]]]}},{"type":"Feature","properties":{"code":"IN-IN22","name":"India (Pondicherry)","country_code":"IN","country":"India","region":"Pondicherry","level":"subnational"},"geometry":{"type":"MultiPolygon","coordinates":[[[[79.8,10.8],[79.7,10.9],[79.7,11],[79.9,11],[79.8,10.8]]],[[[75.5,11.8],[75.5,11.7],[75.5,11.8],[75.5,11.8]]],[[[79.7,11.8],[79.7,11.8],[79.7,11.8],[79.7,11.8],[79.7,11.8]]],[[[79.8,11.8],[79.7,11.8],[79.7,11.8],[79.8,11.8],[79.8,11.8]]],[[[79.7,11.8],[79.6,11.8],[79.6,11.9],[79.7,11.9],[79.7,11.8]]],[[[79.8,11.8],[79.7,11.9],[79.7,12],[79.8,11.9],[79.8,11.8]]],[[[79.6,12],[79.6,12],[79.6,12],[79.6,12]]],[[[79.7,12],[79.7,12],[79.7,12],[79.7,12]]],[[[79.9,12],[79.9,12],[79.8,12],[79.9,12],[79.9,12]]],[[[82.3,16.7],[82.2,16.7],[82.2,16.8],[82.3,16.7],[82.3,16.7]]]]}},{"type":"Feature","properties":{"code":"IN-AI","name":"India (Andaman and Nicobar Islands)","country_code":"IN","country":"India","region":"Andaman and Nicobar Islands","level":"subnational"},"geometry":{"type":"MultiPolygon","coordinates":[[[[93.9,6.8],[93.8,6.8],[93.7,7.2],[93.9,7.2],[93.9,6.8]]],[[[93.7,7.3],[93.6,7.2],[93.6,7.3],[93.7,7.4],[93.7,7.3]]],[[[93.5,7.9],[93.3,7.9],[93.3,8],[93.4,8],[93.5,7.9]]],[[[93.5,8],[93.4,8.1],[93.5,8.2],[93.5,8.2],[93.5,8]]],[[[92.8,9.1],[92.7,9.2],[92.8,9.3],[92.8,9.2],[92.8,9.1]]],[[[92.5,10.5],[92.3,10.7],[92.5,10.9],[92.6,10.7],[92.5,10.5]]],[[[92.6,11.4],[92.6,11.4],[92.6,11.5],[92.7,11.4],[92.6,11.4]]],[[[92.7,12.2],[92.8,11.9],[92.7,11.5],[92.5,11.9],[92.7,12.2]]],[[[92.8,12.3],[92.9,12.3],[92.8,12.1],[92.8,12.3],[92.8,12.3]]],[[[92.9,12.9],[93,12.5],[92.8,12.3],[92.7,12.8],[92.9,12.9]]],[[[93.1,13.2],[93,13],[92.8,12.9],[93,13.6],[93.1,13.2]]]]}},{"type":"Feature","properties":{"code":"IN-KR","name":"India (Kerala)","country_code":"IN","country":"India","region":"Kerala","level":"subnational"},"geometry":{"type":"Polygon","coordinates":[[[76.4,11.7],[76.2,11.5],[76.6,11.3],[76.4,11.2],[76.7,11.2],[76.7,10.9],[76.9,10.8],[76.8,10.3],[77.2,10.4],[77.3,10.2],[77.2,9.6],[77.4,9.5],[77.2,9.1],[77.3,8.6],[77.1,8.3],[76.6,8.9],[76.7,9],[76.5,9],[76.4,9.3],[76.2,10],[76.4,9.5],[76.5,9.5],[75.7,11.4],[75.2,12],[74.9,12.8],[76.4,11.7]],[[75.5,11.8],[75.5,11.8],[75.5,11.7],[75.5,11.8]]]}},{"type":"Feature","properties":{"code":"IN-LK","name":"India (Lakshadweep)","country_code":"IN","country":"India","region":"Lakshadweep","level":"subnational"},"geometry":{"type":"MultiPolygon","coordinates":[[[[73,8.3],[73,8.3],[73.1,8.3],[73.1,8.3],[73,8.3]]],[[[73.6,10.1],[73.6,10.1],[73.6,10.1],[73.6,10.1],[73.6,10.1]]],[[[72.6,10.6],[72.6,10.6],[72.7,10.6],[72.6,10.6],[72.6,10.6]]],[[[72.2,10.8],[72.2,10.8],[72.2,10.9],[72.2,10.8],[72.2,10.8]]],[[[72.8,11.2],[72.8,11.2],[72.8,11.3],[72.8,11.2]]]]}},{"type":"Feature","properties":{"code":"GB-SC","name":"United Kingdom (Scotland)","country_code":"GB","country":"United Kingdom","region":"Scotland","level":"subnational"},"geometry":{"type":"MultiPolygon","coordinates":[[[[-5.1,55.4],[-5.3,55.5],[-5.4,55.7],[-5.2,55.7],[-5.1,55.4]]],[[[-5,55.7],[-5.1,55.8],[-5.2,55.9],[-5,55.8],[-5,55.7]]],[[[-6.1,55.9],[-6.1,55.6],[-6.3,55.6],[-6.3,55.8],[-6.5,55.7],[-6.4,55.9],[-6.1,55.9]]],[[[-5.9,55.8],[-6.1,55.9],[-5.7,56.1],[-5.7,56.1],[-5.9,55.8]]],[[[-6.7,56.5],[-6.9,56.4],[-7,56.5],[-6.8,56.5],[-6.7,56.5]]],[[[-5.8,56.5],[-5.6,56.4],[-5.8,56.3],[-6.4,56.3],[-6,56.4],[-6.2,56.4],[-6,56.5],[-6.3,56.6],[-5.8,56.5]]],[[[-6.6,56.6],[-6.7,56.6],[-6.5,56.7],[-6.5,56.6],[-6.6,56.6]]],[[[-6.3,56.9],[-6.4,56.9],[-6.5,57],[-6.3,57],[-6.3,56.9]]],[[[-7.5,56.9],[-7.6,57],[-7.4,57.1],[-7.4,57],[-7.5,56.9]]],[[[-7.2,57.3],[-7.2,57.1],[-7.4,57.1],[-7.4,57.4],[-7.2,57.3]]],[[[-7.3,57.4],[-7.4,57.4],[-7.4,57.5],[-7.2,57.5],[-7.3,57.4]]],[[[-6,57.3],[-6.1,57.4],[-6,57.5],[-6,57.3],[-6,57.3]]],[[[-6.1,57.6],[-6.1,57.3],[-5.7,57.2],[-6,57],[-6,57.2],[-6.3,57.2],[-6.5,57.3],[-6.3,57.3],[-6.8,57.4],[-6.6,57.6],[-6.4,57.5],[-6.3,57.7],[-6.1,57.6]]],[[[-7.2,57.7],[-7.1,57.6],[-7.2,57.5],[-7.5,57.6],[-7.2,57.7]]],[[[-6.2,58.4],[-6.3,58.2],[-6.2,58.2],[-6.6,58.1],[-6.4,58.1],[-6.5,57.9],[-6.7,57.9],[-6.7,58.1],[-6.7,57.8],[-7.1,57.8],[-6.8,57.9],[-7.1,58],[-7,58.2],[-6.9,58.1],[-6.8,58.3],[-6.3,58.5],[-6.2,58.4]]],[[[-3,58.6],[-3.1,58.4],[-4,57.9],[-4.4,57.9],[-4,57.8],[-3.8,57.9],[-4,57.7],[-4.3,57.7],[-4.4,57.6],[-4,57.6],[-4.2,57.5],[-3.3,57.7],[-1.9,57.6],[-1.8,57.5],[-2.5,56.6],[-3.3,56.4],[-2.9,56.5],[-2.6,56.3],[-3.4,56],[-3.7,56.1],[-3.1,55.9],[-2.7,56.1],[-2.1,55.9],[-2.3,55.6],[-2.2,55.5],[-3.1,55],[-3.6,55],[-4,54.8],[-4.4,54.9],[-4.4,54.7],[-4.9,54.9],[-4.9,54.6],[-5.2,55],[-4.6,55.5],[-4.9,55.7],[-4.9,55.9],[-4.5,55.9],[-4.9,56],[-4.8,56.1],[-5,55.9],[-5.2,55.9],[-5.3,55.9],[-5.3,56],[-4.9,56.3],[-5,56.2],[-5.4,56],[-5.5,55.4],[-5.8,55.3],[-5.6,56.3],[-5.2,56.4],[-5.1,56.5],[-5.1,56.6],[-5.4,56.5],[-5.1,56.8],[-5.7,56.5],[-6,56.6],[-5.6,56.7],[-6.2,56.7],[-5.7,56.9],[-5.9,56.9],[-5.8,57],[-5.6,57],[-5.5,57],[-5.7,57.1],[-5.4,57.1],[-5.6,57.2],[-5.4,57.2],[-5.6,57.3],[-5.5,57.4],[-5.8,57.4],[-5.8,57.6],[-5.7,57.5],[-5.5,57.5],[-5.8,57.6],[-5.8,57.9],[-5.1,57.9],[-5.5,58.1],[-5.3,58.1],[-5.4,58.3],[-5.1,58.3],[-5.2,58.3],[-5,58.6],[-4.7,58.6],[-4.8,58.4],[-4.6,58.6],[-3,58.6]]],[[[-2.9,58.7],[-3,58.7],[-3,58.8],[-2.9,58.8],[-2.9,58.7]]],[[[-3.2,58.8],[-3.3,58.8],[-3.4,58.9],[-3.3,58.9],[-3.2,58.8]]],[[[-2.8,59],[-3.2,58.9],[-3.4,59.1],[-3.1,59.1],[-2.8,59]]],[[[-2.7,59.2],[-2.6,59.3],[-2.4,59.3],[-2.4,59.3],[-2.7,59.2]]],[[[-1.1,60.3],[-1.3,59.9],[-1.4,59.9],[-1.3,60.2],[-1.5,60.2],[-1.7,60.3],[-1.3,60.4],[-1.6,60.5],[-1.3,60.6],[-1.3,60.5],[-1,60.4],[-1.1,60.3]]],[[[-1,60.5],[-1.2,60.5],[-1.1,60.7],[-1,60.7],[-1,60.5]]],[[[-0.8,60.7],[-1,60.7],[-0.9,60.8],[-0.8,60.8],[-0.8,60.7]]]]}},{"type":"Feature","properties":{"code":"GB-NI","name":"United Kingdom (Northern Ireland)","country_code":"GB","country":"United Kingdom","region":"Northern Ireland","level":"subnational"},"geometry":{"type":"Polygon","coordinates":[[[-6.3,54.1],[-6.6,54],[-7,54.4],[-7.3,54.1],[-7.6,54.1],[-8.2,54.5],[-7.8,54.6],[-7.9,54.7],[-7.6,54.8],[-7.3,55],[-6.1,55.2],[-5.7,54.8],[-5.9,54.6],[-5.6,54.7],[-5.4,54.5],[-5.5,54.4],[-5.7,54.6],[-5.6,54.3],[-6,54],[-6.3,54.1]]]}},{"type":"Feature","properties":{"code":"GB-WA","name":"United Kingdom (Wales)","country_code":"GB","country":"United Kingdom","region":"Wales","level":"subnational"},"geometry":{"type":"MultiPolygon","coordinates":[[[[-3.2,53.3],[-2.7,52.9],[-3.1,52.9],[-3,52.7],[-3.1,52.6],[-3,52.5],[-3.2,52.4],[-3,52.3],[-3.1,52.1],[-2.7,51.8],[-2.7,51.6],[-3.4,51.4],[-3.8,51.6],[-4.3,51.6],[-4.1,51.7],[-4.6,51.7],[-4.9,51.6],[-5.1,51.6],[-4.9,51.7],[-4.9,51.7],[-5.2,51.7],[-5.1,51.8],[-5.2,51.9],[-4.1,52.4],[-4.1,52.9],[-4.7,52.8],[-4.2,53.2],[-3.2,53.3]]],[[[-4.2,53.3],[-4,53.3],[-4.4,53.1],[-4.6,53.4],[-4.2,53.3]]]]}},{"type":"Feature","properties":{"code":"GB-EN","name":"United Kingdom (England)","country_code":"GB","country":"United Kingdom","region":"England","level":"subnational"},"geometry":{"type":"MultiPolygon","coordinates":[[[[-1.1,50.7],[-1.3,50.6],[-1.6,50.7],[-1.3,50.8],[-1.1,50.7]]],[[[0.9,51.4],[0.8,51.4],[0.7,51.4],[0.9,51.4],[0.9,51.4]]],[[[-1.8,55.6],[-1.6,55.6],[-1.3,54.8],[-0.1,54.1],[-0.2,54],[0.1,53.6],[0.1,53.6],[-0.3,53.7],[-0.7,53.7],[-0.3,53.7],[0.2,53.4],[0.3,53.1],[0,52.9],[0.4,52.8],[0.5,53],[1.2,52.9],[1.7,52.7],[1.6,52.1],[1.3,51.9],[1.2,52],[1.3,51.8],[0.7,51.7],[0.9,51.7],[1,51.6],[0.8,51.5],[0.5,51.5],[0.4,51.4],[0.9,51.3],[1.4,51.4],[1.4,51.2],[0.3,50.7],[-1.1,50.8],[-2.4,50.5],[-2.9,50.7],[-3.4,50.6],[-3.7,50.2],[-4.4,50.4],[-5,50.2],[-5.2,50],[-5.5,50.1],[-5.7,50.1],[-4.8,50.6],[-4.2,51.2],[-3,51.2],[-2.4,51.7],[-2.7,51.6],[-2.7,51.8],[-3.1,52.1],[-3,52.3],[-3.2,52.4],[-3,52.5],[-3.1,52.6],[-3,52.7],[-3.1,52.9],[-2.7,52.9],[-3.2,53.4],[-2.9,53.3],[-2.7,53.4],[-3,53.4],[-3.1,53.6],[-2.9,53.7],[-3.1,53.9],[-2.8,54.2],[-3.2,54.1],[-3.6,54.5],[-3.4,54.9],[-2.2,55.4],[-2.3,55.6],[-2.1,55.8],[-1.8,55.6]]]]}},{"type":"Feature","properties":{"code":"JP-HK","name":"Japan (Hokkaido)","country_code":"JP","country":"Japan","region":"Hokkaido","level":"subnational"},"geometry":{"type":"MultiPolygon","coordinates":[[[[139.6,42.2],[139.5,42.1],[139.4,42.1],[139.4,42.2],[139.6,42.2]]],[[[141.3,45.1],[141.1,45.1],[141.1,45.2],[141.3,45.2],[141.3,45.1]]],[[[141,45.3],[141,45.3],[141,45.5],[141.1,45.4],[141,45.3]]],[[[143.7,44.1],[144.7,43.9],[145.3,44.3],[145.1,43.8],[145.4,43.6],[145.2,43.6],[145.3,43.3],[145.8,43.4],[145,43],[144,42.9],[143.4,42.4],[143.2,41.9],[141.8,42.6],[141,42.3],[140.8,42.6],[140.5,42.6],[140.3,42.2],[141.2,41.8],[141,41.7],[140.7,41.8],[140.4,41.5],[140,41.4],[140.1,42],[139.8,42.2],[139.8,42.6],[140.5,43],[140.4,43.3],[141.2,43.1],[141.4,43.3],[141.3,43.7],[141.6,43.9],[141.8,44.6],[141.6,45.2],[141.7,45.4],[142,45.5],[143.7,44.1]]]]}},{"type":"Feature","properties":{"code":"FR-CC","name":"France (Corse)","country_code":"FR","country":"France","region":"Corse","level":"subnational"},"geometry":{"type":"Polygon","coordinates":[[[9.4,42.7],[9.6,42.1],[9.2,41.4],[8.8,41.6],[8.9,41.7],[8.6,42],[8.7,42],[8.6,42.4],[8.7,42.6],[9.3,42.7],[9.3,43],[9.5,43],[9.4,42.7]]]}},{"type":"Feature","properties":{"code":"ES-BI","name":"Spain (Isles Baleares)","country_code":"ES","country":"Spain","region":"Isles Baleares","level":"subnational"},"geometry":{"type":"MultiPolygon","coordinates":[[[[1.6,38.7],[1.4,38.6],[1.4,38.7],[1.4,38.7],[1.6,38.7]]],[[[1.5,39],[1.4,38.8],[1.2,38.9],[1.5,39.1],[1.5,39]]],[[[3.2,39.8],[3.5,39.7],[3.1,39.3],[2.7,39.6],[2.4,39.6],[3,39.9],[3.2,39.8]]],[[[4.3,40],[4.3,39.8],[3.8,40],[4.2,40.1],[4.3,40]]]]}},{"type":"Feature","properties":{"code":"JP-HS","name":"Japan (Honshu)","country_code":"JP","country":"Japan","region":"Honshu","level":"subnational"},"geometry":{"type":"MultiPolygon","coordinates":[[[[132.3,33.9],[132.3,33.9],[132.5,33.9],[132.3,33.8],[132.2,33.9],[132.3,33.9]]],[[[132.5,34.1],[132.4,34.1],[132.4,34.3],[132.5,34.3],[132.5,34.1]]],[[[134.8,34.2],[134.7,34.3],[135,34.6],[134.9,34.3],[134.8,34.2]]],[[[133.3,36.3],[133.4,36.2],[133.3,36.2],[133.2,36.2],[133.3,36.3]]],[[[138.4,38.1],[138.6,38.1],[138.5,37.9],[138.2,37.8],[138.3,38],[138.2,38.1],[138.5,38.3],[138.4,38.1]]],[[[141.3,41.3],[141.5,41.3],[141.5,40.6],[141.8,40.3],[142.1,39.5],[141.8,39],[141.6,39],[141.5,38.8],[141.5,38.3],[141.1,38.4],[141,38.1],[141,37],[140.7,36.8],[140.6,36.2],[140.8,35.7],[140.5,35.5],[140.3,35.1],[139.8,35],[140.1,35.6],[140,35.7],[139.6,35.5],[139.7,35.1],[139.6,35.3],[139.2,35.2],[139.1,34.9],[138.9,34.6],[138.8,35],[138.9,35],[138.7,35.1],[138.3,34.9],[138.2,34.6],[137,34.6],[137.3,34.7],[137,34.8],[137,34.9],[137,34.7],[136.9,34.7],[136.8,35.1],[136.5,34.7],[136.9,34.4],[136.9,34.3],[136.3,34.2],[135.8,33.5],[135.1,33.9],[135.1,34.3],[135.5,34.5],[135.3,34.7],[135.1,34.6],[134.7,34.8],[134.3,34.7],[133.9,34.6],[134,34.6],[133.9,34.5],[133.7,34.5],[132.6,34.2],[132.4,34.4],[132.1,33.8],[131.7,34.1],[130.9,33.9],[130.9,34.4],[131.4,34.4],[132.6,35.3],[132.6,35.4],[133.1,35.6],[133.4,35.4],[135.2,35.8],[135.2,35.5],[135.4,35.5],[135.5,35.6],[135.7,35.5],[136,35.7],[136.1,35.6],[136,36],[136.7,36.8],[136.8,37.4],[137.4,37.5],[136.9,37.1],[137,37.1],[137,36.8],[137.3,36.7],[138.6,37.4],[138.8,37.8],[139.4,38.2],[140,39.4],[140,39.8],[139.7,40],[139.9,40],[140,40.2],[139.9,40.6],[140.3,40.8],[140.3,41.2],[140.6,41.2],[140.7,40.8],[140.9,41],[141.1,40.9],[141.2,41.2],[140.8,41.2],[140.9,41.5],[141.3,41.3]]]]}},{"type":"Feature","properties":{"code":"IT-SC","name":"Italy (Sicilia)","country_code":"IT","country":"Italy","region":"Sicilia","level":"subnational"},"geometry":{"type":"Polygon","coordinates":[[[15.5,38.1],[15.1,37.5],[15.3,37],[15.1,36.6],[13.2,37.5],[12.7,37.6],[12.4,37.8],[12.6,38.1],[12.9,38],[13.3,38.2],[13.8,38],[15.6,38.3],[15.5,38.1]]]}},{"type":"Feature","properties":{"code":"PT-AZ","name":"Portugal (Azores)","country_code":"PT","country":"Portugal","region":"Azores","level":"subnational"},"geometry":{"type":"MultiPolygon","coordinates":[[[[-25,37],[-25,36.9],[-25.2,37],[-25.1,37],[-25,37]]],[[[-25.6,37.8],[-25.2,37.9],[-25.1,37.8],[-25.5,37.7],[-25.9,37.9],[-25.6,37.8]]],[[[-28.1,38.4],[-28.5,38.4],[-28.5,38.5],[-28.4,38.6],[-28.1,38.4]]],[[[-28.6,38.6],[-28.8,38.5],[-28.8,38.6],[-28.7,38.6],[-28.6,38.6]]],[[[-27.8,38.5],[-28.2,38.6],[-28.3,38.7],[-27.8,38.5],[-27.8,38.5]]],[[[-27.1,38.6],[-27.3,38.7],[-27.4,38.8],[-27.1,38.8],[-27.1,38.6]]],[[[-31.2,39.4],[-31.3,39.4],[-31.2,39.5],[-31.1,39.5],[-31.2,39.4]]]]}},{"type":"Feature","properties":{"code":"GR-CT","name":"Greece (Crete)","country_code":"GR","country":"Greece","region":"Crete","level":"subnational"},"geometry":{"type":"Polygon","coordinates":[[[23.8,35.5],[24.2,35.6],[24.1,35.5],[24.3,35.4],[25.8,35.3],[25.8,35.1],[26.3,35.3],[26.3,35.1],[26.1,35],[24.8,34.9],[24.7,35.1],[24.4,35.2],[23.5,35.3],[23.6,35.6],[23.7,35.5],[23.7,35.7],[23.8,35.5]]]}},{"type":"Feature","properties":{"code":"JP-SK","name":"Japan (Shikoku)","country_code":"JP","country":"Japan","region":"Shikoku","level":"subnational"},"geometry":{"type":"MultiPolygon","coordinates":[[[[134.2,34.3],[134.6,34.2],[134.7,33.8],[134.4,33.6],[134.2,33.2],[133.9,33.5],[133.6,33.5],[133.3,33.4],[133,32.8],[132.8,32.7],[132.6,32.8],[132.7,32.9],[132.5,32.9],[132.5,33.2],[132.4,33.5],[132,33.3],[132.6,33.7],[132.9,34.1],[133.1,33.9],[133.5,34],[133.9,34.4],[134.2,34.3]]],[[[134.4,34.5],[134.2,34.5],[134.2,34.5],[134.4,34.6],[134.4,34.5]]]]}},{"type":"Feature","properties":{"code":"JP-KS","name":"Japan (Kyushu)","country_code":"JP","country":"Japan","region":"Kyushu","level":"subnational"},"geometry":{"type":"MultiPolygon","coordinates":[[[[129,27.7],[128.9,27.8],[129,27.9],[129,27.8],[129,27.7]]],[[[129.7,28.5],[129.4,28.1],[129.1,28.3],[129.6,28.5],[129.7,28.5]]],[[[130.6,30.2],[130.4,30.3],[130.4,30.4],[130.7,30.4],[130.6,30.2]]],[[[131,30.4],[130.9,30.5],[131.1,30.8],[131.1,30.7],[131,30.4]]],[[[130.4,32.4],[130.2,32.4],[130.2,32.4],[130.4,32.5],[130.4,32.4]]],[[[130,32.2],[130,32.4],[130.2,32.5],[130.2,32.3],[130,32.2]]],[[[128.9,32.6],[128.7,32.6],[128.6,32.6],[128.7,32.8],[128.9,32.6]]],[[[129.1,33],[129.2,33],[129.1,32.8],[129.1,33.1],[129.1,33]]],[[[129.4,33.2],[129.5,33.3],[129.6,33.4],[129.5,33.2],[129.4,33.2]]],[[[129.8,33.7],[129.7,33.7],[129.7,33.9],[129.8,33.8],[129.8,33.7]]],[[[131.2,33.6],[131.7,33.6],[131.7,33.5],[131.5,33.3],[131.9,33.2],[131.8,33.1],[132,32.8],[131.7,32.5],[131.3,31.4],[131.1,31.4],[131.1,31.3],[130.7,31],[130.8,31.3],[130.6,31.6],[130.8,31.7],[130.6,31.7],[130.5,31.5],[130.6,31.2],[130.2,31.2],[130.3,31.6],[130.2,32],[130.6,32.4],[130.6,32.6],[130.5,32.6],[130.6,32.8],[130.2,33.2],[130.1,32.9],[130.3,32.9],[130.3,32.7],[130.2,32.6],[130.1,32.8],[129.7,32.6],[129.9,32.7],[129.7,32.8],[129.7,33.1],[129.8,32.9],[130,32.9],[129.6,33.2],[129.6,33.4],[129.8,33.3],[129.9,33.5],[130,33.4],[130.2,33.7],[130.4,33.6],[130.7,33.9],[131,33.9],[131.2,33.6]]],[[[129.2,34.1],[129.2,34.1],[129.2,34.3],[129.3,34.3],[129.2,34.1]]],[[[129.4,34.3],[129.2,34.4],[129.5,34.7],[129.5,34.5],[129.4,34.3]]]]}},{"type":"Feature","properties":{"code":"JP-RA","name":"Japan (Ryukyu Archipelago)","country_code":"JP","country":"Japan","region":"Ryukyu Archipelago","level":"subnational"},"geometry":{"type":"MultiPolygon","coordinates":[[[[123.9,24.3],[123.7,24.3],[123.7,24.3],[123.8,24.4],[123.9,24.4],[123.9,24.3]]],[[[124.3,24.5],[124.2,24.3],[124.1,24.4],[124.3,24.6],[124.3,24.5]]],[[[125.3,24.8],[125.4,24.7],[125.3,24.7],[125.3,24.9],[125.3,24.8]]],[[[128.3,26.6],[127.8,26.4],[127.8,26.2],[127.7,26.1],[127.7,26.4],[128,26.5],[127.9,26.7],[128.1,26.6],[128.3,26.9],[128.3,26.6]]]]}},{"type":"Feature","properties":{"code":"MY-SB","name":"Malaysia (Sabah)","country_code":"MY","country":"Malaysia","region":"Sabah","level":"subnational"},"geometry":{"type":"MultiPolygon","coordinates":[[[[117.7,4.2],[117.6,4.2],[117.9,4.2],[117.7,4.2]]],[[[118.6,4.6],[118.5,4.6],[118.3,4.7],[118.5,4.7],[118.6,4.6]]],[[[117.4,6.6],[117.3,6.7],[117.5,6.8],[117.5,6.7],[117.4,6.6]]],[[[116.8,6.6],[117.2,7],[117.3,6.6],[117.7,6.4],[117.6,6.2],[117.7,6],[117.5,5.9],[118,6.1],[118.1,5.9],[117.9,5.8],[118,5.7],[118.4,5.8],[118.9,5.4],[119.2,5.4],[119.2,5.1],[118.1,4.9],[118.3,4.7],[118.6,4.5],[118.6,4.4],[118,4.2],[117.7,4.4],[117.6,4.2],[117.2,4.4],[115.9,4.4],[115.6,4.1],[115.5,5],[115.6,5.2],[115.4,5.4],[115.8,5.6],[116.8,7],[116.8,6.6]]],[[[117.3,7.3],[117.3,7.2],[117.1,7.1],[117.1,7.3],[117.3,7.3]]],[[[116.9,7.2],[116.9,7.2],[116.9,7.3],[117,7.4],[116.9,7.2]]]]}},{"type":"Feature","properties":{"code":"MY-PM","name":"Malaysia (West)","country_code":"MY","country":"Malaysia","region":"West","level":"subnational"},"geometry":{"type":"MultiPolygon","coordinates":[[[[104.2,2.7],[104.1,2.8],[104.2,2.9],[104.2,2.8],[104.2,2.7]]],[[[100.3,5.3],[100.2,5.3],[100.2,5.5],[100.3,5.5],[100.3,5.3]]],[[[99.9,6.4],[99.7,6.2],[99.6,6.4],[99.9,6.5],[99.9,6.4]]],[[[100.4,6.5],[100.8,6.5],[100.9,6.2],[101.1,6.3],[101,5.8],[101.1,5.6],[101.6,5.9],[101.8,5.7],[102.1,6.2],[102.3,6.2],[103.1,5.4],[103.4,4.8],[103.3,3.7],[103.5,3.5],[103.4,2.9],[103.8,2.6],[104.3,1.4],[104.1,1.4],[104,1.6],[104,1.4],[103.7,1.4],[103.5,1.3],[103.4,1.5],[101.3,2.8],[101.3,3.3],[100.7,3.9],[100.9,4],[100.6,4.2],[100.6,4.8],[100.4,5.1],[100.4,6],[100.1,6.4],[100.2,6.7],[100.4,6.5]]]]}},{"type":"Feature","properties":{"code":"MY-SW","name":"Malaysia (Sarawak)","country_code":"MY","country":"Malaysia","region":"Sarawak","level":"subnational"},"geometry":{"type":"MultiPolygon","coordinates":[[[[111.4,2.4],[111.3,2.4],[111.3,2.8],[111.4,2.7],[111.4,2.4]]],[[[115.6,5],[115.6,3.4],[115.5,3],[115.1,2.9],[115.1,2.6],[115.2,2.5],[114.8,2.2],[114.9,1.9],[114.6,1.4],[113.9,1.4],[113.7,1.2],[113,1.6],[112.5,1.6],[111.8,1],[111.2,1.1],[110.6,0.9],[109.7,1.6],[109.5,1.9],[109.6,2.1],[109.9,1.7],[110.3,1.8],[110.7,1.5],[110.7,1.4],[110.8,1.6],[111.2,1.4],[111.4,1.3],[111,1.6],[111.4,2.1],[111.2,2.1],[111.2,2.3],[111.2,2.4],[111.4,2.3],[111.5,2.4],[111.4,2.7],[113,3.2],[113.9,4.2],[114,4.6],[114.2,4.5],[114.6,4],[114.9,4.4],[114.8,4.7],[115,4.9],[115.1,4.4],[115.3,4.3],[115.1,4.9],[115.6,5]]]]}},{"type":"Feature","properties":{"code":"ID-KM","name":"Indonesia (Kalimantan)","country_code":"ID","country":"Indonesia","region":"Kalimantan","level":"subnational"},"geometry":{"type":"MultiPolygon","coordinates":[[[[116.4,-3.6],[116.3,-3.5],[116.4,-3.4],[116.4,-3.4],[116.4,-3.6]]],[[[116.1,-4],[116,-3.6],[116.3,-3.2],[116.3,-3.9],[116.1,-4]]],[[[108.9,-1.7],[108.8,-1.6],[108.9,-1.5],[108.9,-1.6],[108.9,-1.7]]],[[[109.6,-1],[109.8,-1.1],[109.5,-1.3],[109.4,-1],[109.6,-1]]],[[[117.7,3.3],[117.6,3.3],[117.5,3.4],[117.7,3.4],[117.7,3.3]]],[[[117.4,3.6],[117.5,3.5],[117.2,3.5],[117.3,3.6],[117.4,3.6]]],[[[117.7,4],[117.6,4],[117.6,4.1],[117.7,4.1],[117.7,4]]],[[[117.9,4],[117.8,4],[117.7,4.2],[117.9,4.2],[117.9,4]]],[[[116,4.3],[117.2,4.4],[117.6,4.2],[117.4,4.1],[117.8,3.7],[117.7,3.6],[117.2,3.6],[117,3.6],[117.4,3.4],[117.3,3.2],[117.6,3.1],[117.7,2.8],[118.1,2.3],[117.8,2.1],[117.9,1.9],[119,1],[118.8,0.8],[118.3,0.8],[117.9,1.1],[118,0.8],[117.7,0.7],[117.5,0.1],[117.4,-0.5],[117.6,-0.4],[117.6,-0.8],[117.3,-0.8],[116.9,-1.3],[116.7,-1],[116.8,-1.4],[116.2,-1.8],[116.4,-1.8],[116.3,-2.1],[116.6,-2.2],[116.5,-2.6],[116.3,-2.5],[116.3,-3],[116.1,-2.8],[116.2,-3.1],[116,-3.4],[116,-3.6],[114.6,-4.2],[114.5,-3.5],[114.1,-3.4],[113.7,-3.5],[113.6,-3.2],[113.4,-3.3],[113.1,-3],[112.7,-3.4],[112.2,-3.3],[111.9,-3.6],[111.8,-2.7],[111.5,-3],[111.3,-2.9],[111,-3.1],[110.8,-3],[110.9,-2.9],[110.7,-3.1],[110.6,-2.9],[110.3,-3],[110.1,-2],[109.9,-1.8],[110.1,-1.3],[109.7,-1],[109.3,-0.9],[109.3,-0.7],[109.5,-0.7],[109.1,-0.5],[109.2,0.1],[108.9,0.3],[108.8,0.8],[109,1.2],[109.1,1.2],[109.3,1.4],[109,1.2],[109.3,1.9],[109.6,2.1],[109.5,1.9],[109.7,1.6],[110.6,0.9],[111.2,1.1],[111.8,1],[112.5,1.6],[113,1.6],[113.7,1.2],[113.9,1.4],[114.6,1.4],[114.9,1.9],[114.8,2.2],[115.2,2.5],[115.1,2.6],[115.1,2.9],[115.5,3],[115.7,4.2],[115.9,4.4],[116,4.3]]]]}},{"type":"Feature","properties":{"code":"ID-SM","name":"Indonesia (Sumatra)","country_code":"ID","country":"Indonesia","region":"Sumatra","level":"subnational"},"geometry":{"type":"MultiPolygon","coordinates":[[[[102.4,-5.5],[102.3,-5.5],[102.1,-5.3],[102.4,-5.4],[102.4,-5.5]]],[[[106.9,-3],[106.7,-3],[106.7,-2.9],[106.9,-2.9],[106.9,-3]]],[[[100.5,-3.1],[100.5,-3.3],[100.2,-2.8],[100.5,-3],[100.5,-3.1]]],[[[107.8,-2.5],[108.3,-2.8],[108.1,-3.2],[107.9,-3.1],[107.6,-3.2],[107.6,-2.6],[107.8,-2.5]]],[[[100.1,-2.8],[100,-2.8],[100,-2.5],[100.2,-2.7],[100.1,-2.8]]],[[[99.9,-2.4],[99.6,-2.2],[99.6,-2],[99.7,-2.1],[99.9,-2.4]]],[[[106.1,-1.8],[106.3,-2.4],[106.8,-2.6],[106.6,-2.9],[106.7,-3.1],[106,-2.8],[105.7,-2.1],[105.1,-2],[105.6,-1.5],[105.8,-1.8],[105.7,-1.5],[105.9,-1.5],[106.1,-1.8]]],[[[98.9,-1],[99.3,-1.6],[99.2,-1.8],[98.9,-1.7],[98.6,-1.2],[98.7,-1],[98.9,-1]]],[[[104.5,-0.6],[104.3,-0.6],[104.3,-0.4],[104.5,-0.4],[104.5,-0.6]]],[[[98.5,-0.5],[98.3,-0.5],[98.4,-0.2],[98.5,-0.4],[98.5,-0.5]]],[[[103.8,-0.4],[103.6,-0.4],[103.5,-0.4],[103.6,-0.2],[103.8,-0.4]]],[[[98.5,-0.4],[98.5,-0.4],[98.3,0],[98.4,-0.1],[98.5,-0.4]]],[[[104.7,-0.1],[104.9,-0.3],[104.4,-0.2],[104.5,0],[104.7,-0.1]]],[[[98.8,0.1],[98.6,0.1],[98.5,0.1],[98.8,0.2],[98.8,0.1]]],[[[104.7,0],[104.6,0.1],[104.5,0.2],[104.5,0.2],[104.7,0]]],[[[103.2,0.5],[103.1,0.6],[103.2,0.7],[103.3,0.6],[103.2,0.5]]],[[[103.4,0.6],[103.3,0.8],[103.4,0.9],[103.5,0.7],[103.4,0.6]]],[[[104.2,0.8],[104.2,0.8],[104.1,0.9],[104.3,0.9],[104.2,0.8]]],[[[103.4,1],[103.3,1],[103.3,1.1],[103.4,1.1],[103.4,1]]],[[[102.6,1],[102.9,0.9],[103,0.7],[102.4,0.9],[102.5,1.1],[102.6,1]]],[[[103,1],[103.1,0.8],[102.7,1.1],[102.8,1.2],[103,1]]],[[[104.1,1],[104,1],[103.9,1.1],[104.1,1.2],[104.1,1]]],[[[104.7,1],[104.6,0.8],[104.2,1.1],[104.4,1.2],[104.7,1]]],[[[102.4,0.9],[102.2,1.1],[102.2,1.4],[102.5,1.2],[102.4,0.9]]],[[[97.5,1.4],[97.9,1],[97.8,0.5],[97.1,1.4],[97.5,1.4]]],[[[102.5,1.4],[102.5,1.3],[102,1.6],[102.4,1.5],[102.5,1.4]]],[[[98.6,1.6],[98.5,1.6],[98.4,1.7],[98.6,1.7],[98.6,1.6]]],[[[101.6,1.7],[101.4,2],[101.6,2.1],[101.8,1.9],[101.6,1.7]]],[[[97.3,2],[97.2,2.2],[97.1,2.2],[97.3,2.2],[97.3,2]]],[[[96.4,2.3],[95.8,2.7],[95.7,2.8],[95.9,2.9],[96.4,2.5],[96.4,2.3]]],[[[108.8,2.8],[108.8,2.9],[108.9,3],[108.9,2.9],[108.8,2.8]]],[[[105.7,2.8],[105.7,2.9],[105.7,3.1],[105.8,3],[105.7,2.8]]],[[[108.3,3.7],[108.1,3.7],[108.2,3.8],[108,4],[108.2,4.2],[108.4,4],[108.3,3.7]]],[[[95.7,5.6],[96.3,5.2],[97.5,5.2],[97.9,4.9],[98,4.6],[98.3,4.4],[98.3,4.1],[100,2.9],[100,2.7],[100,2.6],[100,2.7],[100.1,2.5],[100.2,2.7],[100.4,2.3],[100.9,1.8],[100.8,2.2],[101.1,2.3],[101.4,1.7],[102.1,1.4],[102.2,1],[102.4,0.8],[102.9,0.7],[103.1,0.4],[102.6,0.2],[102.4,0.2],[102.5,0.2],[102.9,0.3],[103.4,0.5],[103.7,0.3],[103.8,0],[103.3,-0.3],[103.5,-0.2],[103.3,-0.4],[103.6,-0.4],[103.4,-0.7],[103.7,-1],[104.4,-1],[104.5,-1.9],[104.9,-2.1],[104.5,-2.8],[104.9,-2.3],[105.6,-2.4],[105.8,-2.9],[106.1,-3],[105.8,-3.7],[106,-3.9],[105.8,-4.2],[105.9,-4.5],[105.7,-5.9],[105.3,-5.4],[105.1,-5.8],[104.5,-5.5],[104.7,-5.9],[104.6,-5.9],[103.9,-5.1],[102.3,-4],[102.2,-3.6],[101.6,-3.2],[100.9,-2.3],[100.9,-1.9],[100.3,-0.8],[99.6,0.1],[99.1,0.3],[98.7,1.6],[98.8,1.7],[97.8,2.3],[97.6,2.9],[96.9,3.7],[96.5,3.8],[95.5,4.7],[95.2,5.6],[95.7,5.6]]],[[[95.4,5.8],[95.3,5.8],[95.2,5.9],[95.3,5.9],[95.4,5.8]]]]}},{"type":"Feature","properties":{"code":"ID-SL","name":"Indonesia (Sulawesi)","country_code":"ID","country":"Indonesia","region":"Sulawesi","level":"subnational"},"geometry":{"type":"MultiPolygon","coordinates":[[[[120.9,-7.3],[121.1,-7.3],[120.8,-7.3],[120.8,-7.3],[120.9,-7.3]]],[[[120.7,-7],[120.8,-7.1],[120.8,-7.1],[120.6,-7.1],[120.7,-7]]],[[[120.5,-6.4],[120.5,-6.5],[120.5,-5.8],[120.6,-6],[120.5,-6.4]]],[[[123.6,-5.4],[123.6,-5.4],[123.5,-5.3],[123.6,-5.3],[123.6,-5.4]]],[[[122,-5.5],[121.8,-5.3],[121.9,-5.1],[122.1,-5.2],[122,-5.5]]],[[[122.7,-4.6],[122.6,-5.4],[122.3,-5.4],[122.4,-4.8],[122.7,-4.6]]],[[[123.2,-4.7],[123.2,-4.8],[123,-4.8],[123,-5.1],[123.2,-5.3],[122.7,-5.7],[122.6,-5.5],[122.8,-5.1],[122.9,-4.5],[123.1,-4.4],[123.2,-4.7]]],[[[123.1,-4],[123.3,-4.1],[123.1,-4.2],[123,-4.1],[123.1,-4]]],[[[123.2,-1.3],[123.2,-1.4],[123.5,-1.2],[123.5,-1.4],[123.3,-1.4],[123.2,-1.6],[123.1,-1.3],[122.9,-1.6],[122.9,-1.2],[123.2,-1.1],[123.2,-1.3]]],[[[121.9,-0.5],[121.9,-0.5],[121.6,-0.5],[121.7,-0.4],[121.9,-0.5]]],[[[122,-0.4],[121.9,-0.4],[121.9,-0.4],[122,-0.3],[122,-0.4]]],[[[125.1,1.4],[124.9,1],[124.2,0.4],[123.6,0.3],[123.3,0.3],[123.1,0.5],[121.8,0.4],[121.5,0.5],[121.1,0.4],[120.5,0.5],[120.2,0.3],[120,-0.1],[120.1,-0.6],[120.5,-1],[120.7,-1.4],[121.1,-1.4],[121.6,-0.8],[121.9,-1],[122.2,-0.8],[122.9,-0.8],[122.7,-0.7],[123.1,-0.6],[123.4,-0.7],[123.4,-0.8],[123.3,-1.1],[123.2,-0.9],[122.8,-0.9],[122.4,-1.5],[121.8,-1.7],[121.7,-1.9],[121.3,-1.8],[122.5,-3.2],[122.2,-3.6],[122.6,-3.9],[122.7,-4.1],[122.9,-4.1],[122.9,-4.4],[122.1,-4.5],[122.1,-4.8],[121.6,-4.7],[121.6,-4.1],[120.9,-3.5],[121.1,-3.2],[121.1,-2.8],[120.8,-2.6],[120.2,-3],[120.4,-3.3],[120.4,-4.7],[120.3,-5.2],[120.5,-5.6],[120.3,-5.5],[119.8,-5.7],[119.5,-5.6],[119.4,-5.3],[119.6,-4.2],[119.5,-3.5],[119.3,-3.4],[118.9,-3.6],[118.9,-2.9],[118.8,-2.8],[119.1,-2.5],[119.2,-2],[119.4,-1.9],[119.3,-1.3],[119.5,-0.9],[119.7,-0.7],[119.9,-0.8],[119.8,-0.1],[119.6,0],[119.8,-0.1],[119.8,0.2],[120,0.7],[120.3,1],[120.6,0.8],[121,1.3],[121.6,1.1],[122.5,1],[122.8,0.8],[123.2,1],[123.8,0.8],[124.6,1.2],[124.6,1.4],[125,1.7],[125.2,1.6],[125.1,1.4]]],[[[125.4,2.6],[125.4,2.7],[125.4,2.8],[125.5,2.8],[125.4,2.6]]],[[[125.9,3.4],[125.6,3.7],[125.7,3.7],[125.9,3.5],[125.9,3.4]]],[[[126.7,3.8],[126.7,3.8],[126.6,4],[126.7,3.9],[126.7,3.8]]],[[[126.8,4],[126.7,4.1],[126.7,4.5],[126.9,4.3],[126.8,4]]]]}},{"type":"Feature","properties":{"code":"ID-IJ","name":"Indonesia (Irian Jaya)","country_code":"ID","country":"Indonesia","region":"Irian Jaya","level":"subnational"},"geometry":{"type":"MultiPolygon","coordinates":[[[[138.9,-8.4],[138.6,-8.4],[138.5,-8.3],[138.8,-8.2],[138.9,-8.4]]],[[[138.6,-8.3],[138.3,-8.4],[137.6,-8.4],[138,-7.6],[138.8,-7.4],[139,-7.6],[138.9,-8],[138.6,-8.3]]],[[[138.6,-6.7],[138.7,-6.8],[138.8,-6.8],[138.7,-6.9],[138.6,-6.7]]],[[[133.6,-4.2],[133.6,-4.3],[133.3,-4.1],[133.4,-4.2],[133.6,-4.2]]],[[[130.2,-2.1],[129.9,-2],[129.7,-1.9],[130.4,-1.7],[130.4,-2],[130.2,-2.1]]],[[[136.3,-1.7],[136.9,-1.8],[136.2,-1.9],[135.4,-1.6],[136.3,-1.7]]],[[[129.9,-1.2],[129.8,-1.2],[129.7,-1.2],[129.9,-1.1],[129.9,-1.2]]],[[[134.9,-1.1],[134.8,-1],[134.8,-0.9],[135,-1],[134.9,-1.1]]],[[[130.9,-0.9],[131.1,-1],[131,-1.4],[130.6,-1],[130.9,-0.9]]],[[[130.9,-0.8],[130.8,-0.9],[130.4,-0.9],[130.5,-0.8],[130.9,-0.8]]],[[[135.5,-0.7],[135.9,-0.7],[136.4,-1.1],[135.9,-1.2],[135.8,-0.8],[135.5,-0.8],[135.4,-0.7],[135.5,-0.7]]],[[[130.6,-0.5],[130.5,-0.5],[130.5,-0.5],[130.7,-0.4],[130.6,-0.5]]],[[[133.6,-0.8],[134.1,-0.8],[134,-1],[134.3,-1.4],[134.1,-1.7],[134.2,-2.3],[134.5,-2.9],[134.5,-2.5],[134.6,-2.5],[134.7,-3],[134.9,-2.9],[134.8,-3.1],[135,-3.3],[135.5,-3.4],[136.3,-2.6],[136.4,-2.3],[137.2,-2.1],[137.1,-1.8],[137.9,-1.5],[139.8,-2.4],[140.2,-2.3],[140.7,-2.5],[140.7,-2.6],[141,-2.6],[141,-6.3],[140.9,-6.7],[141,-6.9],[141,-9.1],[140,-8.2],[140.1,-7.9],[139.9,-8.1],[139.4,-8.2],[139.2,-8.1],[138.9,-8.3],[138.8,-8.1],[139,-7.9],[139.1,-7.6],[138.7,-7.2],[139.1,-7.3],[139.2,-7.2],[139.2,-7.2],[138.8,-7.2],[138.6,-6.9],[139.2,-7],[138.7,-6.7],[138.2,-5.8],[138.4,-5.7],[138.1,-5.7],[138.1,-5.4],[135.9,-4.5],[135.2,-4.5],[134.6,-4.1],[134.7,-3.9],[135,-3.9],[134.7,-3.9],[134.5,-4],[134.2,-4],[134.2,-3.8],[133.6,-3.5],[133.8,-3],[133.4,-3.7],[133.5,-3.9],[133.2,-4.1],[132.9,-4.1],[132.8,-3.7],[132.9,-3.6],[132.8,-3.3],[132,-2.8],[132.3,-2.7],[132.7,-2.8],[133.2,-2.4],[133.6,-2.5],[133.7,-2.7],[134,-2.3],[133.9,-2.2],[133.8,-2.3],[133.9,-2.1],[133.6,-2.2],[132.3,-2.3],[132,-2.1],[131.9,-1.6],[131,-1.4],[131.2,-1.1],[131.3,-0.8],[131.9,-0.7],[132.3,-0.4],[132.7,-0.4],[133.6,-0.8]]],[[[130.9,0],[131.3,-0.2],[131.3,-0.4],[131,-0.4],[130.7,-0.1],[130.9,-0.4],[130.2,-0.2],[130.9,0]]]]}},{"type":"Feature","properties":{"code":"ID-ML","name":"Indonesia (Maluku)","country_code":"ID","country":"Indonesia","region":"Maluku","level":"subnational"},"geometry":{"type":"MultiPolygon","coordinates":[[[[129,-8.3],[128.9,-8.3],[128.8,-8.2],[129,-8.2],[129,-8.3]]],[[[127.8,-8.1],[128.1,-8.1],[128.1,-8.2],[128,-8.3],[127.8,-8.1]]],[[[130.8,-8.4],[131,-8.1],[131.2,-8.1],[131,-8.2],[130.8,-8.4]]],[[[129.8,-8.1],[129.6,-7.9],[129.6,-7.8],[129.8,-7.8],[129.8,-8.1]]],[[[126.7,-7.7],[126.8,-7.7],[126.4,-7.9],[125.8,-8],[126,-7.7],[126.6,-7.6],[126.7,-7.7]]],[[[127.4,-7.7],[127.3,-7.6],[127.4,-7.5],[127.5,-7.5],[127.4,-7.7]]],[[[131.1,-7.5],[131,-7.4],[131.2,-7.4],[131.1,-7.5],[131.1,-7.5]]],[[[131.7,-7.2],[131.3,-8],[131.1,-8],[131.2,-7.5],[131.5,-7.1],[131.7,-7.2]]],[[[131.9,-7.1],[132,-7.3],[131.7,-7.2],[131.8,-7.1],[131.9,-7.1]]],[[[128.7,-7.2],[128.5,-7.2],[128.5,-7.1],[128.7,-7.1],[128.7,-7.2]]],[[[134.7,-6.6],[134.7,-6.7],[134.6,-6.8],[134.6,-6.7],[134.7,-6.6]]],[[[134.8,-6.5],[134.8,-6.4],[134.9,-6.3],[134.9,-6.3],[134.8,-6.5]]],[[[134.6,-6.4],[134.5,-6.5],[134.3,-6.4],[134.4,-6.3],[134.6,-6.4]]],[[[134.2,-6.9],[134.1,-6.8],[134.1,-6.2],[134.5,-6.6],[134.2,-6.9]]],[[[134.2,-6],[134.2,-6],[134.2,-6.1],[134.4,-6.3],[134.1,-6.2],[134.2,-6]]],[[[134.7,-6.3],[134.3,-6.2],[134.3,-6],[134.6,-5.9],[134.8,-6.1],[134.7,-6.3]]],[[[132.8,-5.9],[132.7,-5.9],[132.6,-5.6],[132.8,-5.8],[132.8,-5.9]]],[[[134.6,-5.4],[134.7,-6],[134.6,-5.9],[134.3,-6],[134.4,-5.8],[134.2,-5.7],[134.6,-5.4]]],[[[133,-5.9],[132.8,-6],[133.2,-5.3],[133.1,-5.6],[133,-5.9]]],[[[128.5,-3.6],[128.4,-3.6],[128.4,-3.6],[128.4,-3.5],[128.5,-3.6]]],[[[128.3,-3.6],[128.1,-3.8],[128.2,-3.6],[127.9,-3.7],[128.3,-3.5],[128.3,-3.6]]],[[[128.6,-3.5],[128.7,-3.5],[128.7,-3.6],[128.6,-3.6],[128.6,-3.5]]],[[[127.6,-3.4],[127.5,-3.3],[127.5,-3.3],[127.6,-3.3],[127.6,-3.4]]],[[[127.8,-3.3],[127.7,-3.3],[127.6,-3.2],[127.8,-3.2],[127.8,-3.3]]],[[[127,-3.1],[127.1,-3.4],[127.3,-3.4],[127.2,-3.6],[126.7,-3.8],[126,-3.4],[126.1,-3.1],[127,-3.1]]],[[[129.8,-2.9],[130.6,-3.1],[130.9,-3.6],[130.8,-3.9],[129.9,-3.3],[129.5,-3.3],[129.5,-3.5],[129,-3.4],[128.9,-3.2],[128.5,-3.5],[128.2,-3.1],[127.9,-3.5],[127.9,-3.2],[128.2,-2.9],[129.1,-3],[129.5,-2.8],[129.8,-2.9]]],[[[126.1,-2.5],[125.9,-2.2],[125.9,-2],[126,-2],[126.1,-2.5]]],[[[125.4,-1.8],[126,-1.8],[126.3,-1.8],[125.5,-1.9],[125.3,-1.9],[125.4,-1.8]]],[[[125,-1.7],[125.3,-1.7],[125.3,-1.9],[124.4,-2],[124.3,-1.9],[124.4,-1.7],[125,-1.7]]],[[[127.9,-1.4],[128.1,-1.7],[127.4,-1.6],[127.6,-1.3],[127.9,-1.4]]],[[[127.6,-1.3],[127.5,-1.3],[127.5,-1.2],[127.5,-1.2],[127.6,-1.3]]],[[[127.3,-0.8],[127.2,-0.8],[127.2,-0.6],[127.3,-0.6],[127.3,-0.8]]],[[[127.6,-0.3],[127.6,-0.7],[127.9,-0.8],[127.8,-0.9],[127.5,-0.8],[127.3,-0.5],[127.3,-0.3],[127.6,-0.3]]],[[[127.2,-0.5],[127.1,-0.3],[127.2,-0.3],[127.3,-0.4],[127.2,-0.5]]],[[[129.6,-0.2],[129.5,-0.2],[129.3,0],[129.5,-0.1],[129.6,-0.2]]],[[[127.9,1.8],[128,1.5],[127.6,1],[127.8,0.8],[128.2,1.1],[128.2,1.4],[128.7,1.6],[128.7,1.1],[128.2,0.8],[128.7,0.6],[128.7,0.4],[128.8,0.3],[128.9,0.2],[128.1,0.5],[127.9,0.3],[128,-0.4],[128.4,-0.9],[128,-0.7],[127.7,-0.2],[127.5,0.6],[127.6,0.9],[127.4,1.1],[127.6,1.7],[128.1,2.2],[127.9,1.8]]],[[[128.5,2],[128.3,2],[128.2,2.3],[128.6,2.6],[128.7,2.4],[128.5,2]]]]}},{"type":"Feature","properties":{"code":"ID-JV","name":"Indonesia (Java)","country_code":"ID","country":"Indonesia","region":"Java","level":"subnational"},"geometry":{"type":"MultiPolygon","coordinates":[[[[115.6,-8.8],[115.5,-8.7],[115.5,-8.7],[115.6,-8.7],[115.6,-8.8]]],[[[115.5,-8.2],[115.7,-8.4],[115.1,-8.9],[115.2,-8.7],[114.6,-8.4],[114.4,-8.1],[115.5,-8.2]]],[[[114.4,-7.2],[114.3,-7.2],[114.3,-7.1],[114.4,-7.1],[114.4,-7.2]]],[[[114,-6.9],[114.1,-7],[113.5,-7.2],[112.7,-7.1],[112.9,-6.9],[114,-6.9]]],[[[115.3,-6.8],[115.5,-6.9],[115.6,-6.9],[115.3,-7],[115.3,-6.8]]],[[[105.2,-6.7],[105.1,-6.6],[105.3,-6.5],[105.3,-6.6],[105.2,-6.7]]],[[[106.2,-6],[107,-6.1],[107,-5.9],[107.3,-6],[107.7,-6.2],[108.3,-6.3],[108.7,-6.8],[110.4,-7],[110.7,-6.5],[110.9,-6.4],[111.1,-6.7],[111.5,-6.6],[112.1,-6.9],[112.6,-6.9],[112.6,-7.2],[112.8,-7.3],[112.8,-7.6],[113.3,-7.8],[114,-7.6],[114.4,-7.8],[114.4,-8.5],[114.6,-8.7],[113.2,-8.3],[112.6,-8.4],[111.8,-8.3],[111.7,-8.4],[109.3,-7.7],[108.2,-7.8],[107.5,-7.5],[106.4,-7.4],[106.5,-7],[105.2,-6.8],[105.5,-6.8],[105.6,-6.5],[105.8,-6.5],[106,-5.9],[106.2,-6]]],[[[112.7,-5.9],[112.6,-5.8],[112.6,-5.7],[112.7,-5.7],[112.7,-5.9]]]]}},{"type":"Feature","properties":{"code":"ID-NT","name":"Indonesia (Nusa Tenggara)","country_code":"ID","country":"Indonesia","region":"Nusa Tenggara","level":"subnational"},"geometry":{"type":"MultiPolygon","coordinates":[[[[123.2,-10.8],[122.8,-10.9],[122.8,-10.8],[123.4,-10.4],[123.4,-10.7],[123.2,-10.8]]],[[[121.9,-10.6],[121.7,-10.6],[122,-10.4],[122,-10.5],[121.9,-10.6]]],[[[123.4,-10.3],[123.3,-10.3],[123.4,-10.1],[123.5,-10.2],[123.4,-10.3]]],[[[120,-9.4],[120.8,-10],[120.7,-10.2],[120.2,-10.2],[119.6,-9.8],[119.1,-9.7],[118.9,-9.6],[119.3,-9.4],[120,-9.4]]],[[[124.9,-9],[125.2,-9.1],[125,-9.2],[125.1,-9.4],[124.5,-10.1],[123.8,-10.4],[123.5,-10.3],[123.8,-10.1],[123.6,-9.9],[123.8,-9.5],[124,-9.3],[124.3,-9.5],[124.5,-9.2],[124.9,-9]]],[[[119.7,-8.8],[119.6,-8.8],[119.6,-8.6],[119.7,-8.7],[119.7,-8.8]]],[[[123,-8.6],[123,-8.5],[123.2,-8.4],[123.2,-8.5],[123,-8.6]]],[[[119.5,-8.4],[119.6,-8.6],[119.5,-8.8],[119.4,-8.7],[119.5,-8.4]]],[[[123.3,-8.4],[123,-8.4],[123,-8.4],[123.2,-8.2],[123.3,-8.3],[123.3,-8.4]]],[[[116.5,-8.8],[116.6,-8.9],[116.3,-8.9],[115.8,-8.8],[116.1,-8.7],[116.1,-8.4],[116.4,-8.2],[116.7,-8.4],[116.5,-8.8]]],[[[123.8,-8.3],[123.5,-8.6],[123.2,-8.5],[123.5,-8.4],[123.4,-8.3],[123.6,-8.4],[123.8,-8.2],[123.9,-8.2],[123.8,-8.3]]],[[[124.3,-8.3],[124.1,-8.6],[123.9,-8.4],[124.3,-8.2],[124.3,-8.3]]],[[[117.5,-8.4],[117.5,-8.2],[117.7,-8.2],[117.7,-8.2],[117.5,-8.4]]],[[[119.1,-8.3],[119,-8.2],[119.1,-8.1],[119.1,-8.2],[119.1,-8.3]]],[[[124.5,-8.1],[125.1,-8.2],[125.1,-8.3],[124.4,-8.5],[124.5,-8.1]]],[[[118.3,-8.3],[118.7,-8.3],[118.7,-8.5],[118.8,-8.3],[119,-8.3],[119.2,-8.7],[118.5,-8.9],[118.4,-8.6],[118.1,-8.9],[117,-9.1],[116.8,-9],[116.8,-8.6],[117.2,-8.4],[117.6,-8.4],[118,-8.7],[118.3,-8.6],[117.8,-8.4],[117.7,-8.2],[118.1,-8.1],[118.3,-8.3]]],[[[123,-8.1],[122.8,-8.6],[121.8,-8.9],[121.4,-8.8],[121,-8.9],[120.5,-8.8],[119.9,-8.9],[119.8,-8.7],[119.9,-8.5],[120.5,-8.3],[121.5,-8.6],[122,-8.4],[122.3,-8.6],[122.9,-8.3],[122.7,-8.2],[122.8,-8.1],[123,-8.1]]]]}},{"type":"Feature","properties":{"code":"IT-SD","name":"Italy (Sardegna)","country_code":"IT","country":"Italy","region":"Sardegna","level":"subnational"},"geometry":{"type":"Polygon","coordinates":[[[9.5,40.9],[9.8,40.5],[9.6,40.3],[9.7,40],[9.6,39.1],[9,39.3],[8.9,38.9],[8.6,38.9],[8.5,39.1],[8.4,39],[8.4,39.4],[8.6,39.8],[8.4,39.9],[8.4,40.5],[8.1,40.6],[8.2,40.9],[8.6,40.8],[9.2,41.3],[9.6,41.1],[9.6,41],[9.5,40.9]]]}},{"type":"Feature","properties":{"code":"PT-MD","name":"Portugal (Madeira)","country_code":"PT","country":"Portugal","region":"Madeira","level":"subnational"},"geometry":{"type":"Polygon","coordinates":[[[-17.1,32.8],[-16.9,32.8],[-16.7,32.8],[-16.9,32.6],[-17.3,32.8],[-17.1,32.8]]]}},{"type":"Feature","properties":{"code":"ES-CI","name":"Spain (Canarias)","country_code":"ES","country":"Spain","region":"Canarias","level":"subnational"},"geometry":{"type":"MultiPolygon","coordinates":[[[[-17.9,27.8],[-18,27.6],[-18.2,27.7],[-17.9,27.8],[-17.9,27.8]]],[[[-15.7,28.2],[-15.4,28.2],[-15.4,27.8],[-15.8,27.8],[-15.7,28.2]]],[[[-17.2,28],[-17.3,28],[-17.3,28.2],[-17.1,28.1],[-17.2,28]]],[[[-16.3,28.4],[-16.7,28],[-16.9,28.3],[-16.2,28.6],[-16.3,28.4]]],[[[-14.3,28],[-14.4,28.1],[-13.9,28.7],[-13.9,28.2],[-14.3,28]]],[[[-17.8,28.5],[-18,28.7],[-17.9,28.8],[-17.7,28.7],[-17.8,28.5]]],[[[-13.6,28.9],[-13.9,28.9],[-13.4,29.2],[-13.5,29],[-13.6,28.9]]]]}},{"type":"Feature","properties":{"code":"CN-CQ","name":"China (Chongqing)","country_code":"CN","country":"China","region":"Chongqing","level":"subnational"},"geometry":{"type":"Polygon","coordinates":[[[109.6,31.7],[110.1,31.4],[110.1,30.8],[109.9,30.9],[109.4,30.6],[109,30.6],[108.4,30.4],[108.5,30.3],[108.4,29.7],[108.6,29.9],[109.3,29],[109.3,28.6],[109.1,28.2],[108.7,28.2],[108.7,28.5],[108.6,28.4],[108.6,28.6],[108.3,28.7],[108.2,29.1],[107.8,29],[107.5,29.2],[107.4,28.9],[106.8,28.8],[106.9,28.7],[106.7,28.5],[106.5,28.8],[106.5,28.7],[106.4,28.5],[106.2,28.9],[105.8,28.9],[105.7,29.3],[105.3,29.4],[105.3,29.6],[105.7,29.9],[105.7,30],[105.5,30.2],[105.8,30.4],[106.2,30.2],[106.6,30.3],[106.7,30],[107.1,30.1],[107.5,30.8],[107.9,30.8],[108.2,31.5],[108.5,31.7],[108.3,32],[108.4,32.1],[108.4,32.2],[109.3,31.7],[109.6,31.7]]]}},{"type":"Feature","properties":{"code":"IN-UK","name":"India (Uttarakhand)","country_code":"IN","country":"India","region":"Uttarakhand","level":"subnational"},"geometry":{"type":"Polygon","coordinates":[[[81,30.2],[80.4,29.7],[80.3,29.2],[80,28.7],[78.9,29.2],[78.7,29.3],[78.9,29.5],[78.5,29.7],[78,29.5],[77.9,29.7],[77.8,29.7],[77.7,29.9],[77.9,30.2],[77.6,30.4],[77.8,30.5],[77.8,30.9],[77.9,31.1],[78.3,31.3],[79,31.1],[78.9,31.3],[79.1,31.4],[79.6,31],[79.9,31],[80.3,30.7],[80.2,30.6],[81,30.2]]]}},{"type":"Feature","properties":{"code":"IN-JH","name":"India (Jharkhand)","country_code":"IN","country":"India","region":"Jharkhand","level":"subnational"},"geometry":{"type":"Polygon","coordinates":[[[87.8,25.2],[87.9,24.7],[87.7,24.2],[87.5,24],[87.2,24],[87.3,23.8],[86.9,23.9],[86.8,23.7],[86.6,23.7],[86.3,23.4],[86,23.6],[85.8,23.3],[86.2,23],[86.6,23],[86.4,22.8],[86.8,22.6],[86.9,22.3],[86.7,22.2],[86,22.6],[85.9,22],[85.4,22.2],[85.2,22],[85,22.2],[85.1,22.5],[84.4,22.4],[84.1,22.5],[84.5,23],[83.9,23.4],[84,23.7],[83.7,23.6],[83.3,24.1],[83.4,24.5],[84,24.6],[84.1,24.5],[84.3,24.6],[84.5,24.3],[84.8,24.5],[85.1,24.4],[85.7,24.6],[85.7,24.8],[86.1,24.8],[86.5,24.4],[86.6,24.6],[87.1,24.6],[87.3,25.2],[87.6,25.3],[87.8,25.2]]]}},{"type":"Feature","properties":{"code":"IN-CT","name":"India (Chhattisgarh)","country_code":"IN","country":"India","region":"Chhattisgarh","level":"subnational"},"geometry":{"type":"Polygon","coordinates":[[[83.3,24.1],[83.7,23.6],[84,23.7],[83.9,23.4],[84.5,23],[84.1,22.6],[84.1,22.5],[83.7,22.2],[83.5,21.4],[83.2,21.2],[82.8,21.2],[82.6,20.9],[82.4,20.9],[82.5,20.1],[82.8,20],[82.9,19.9],[82.5,19.9],[82.4,20],[82,20.1],[82.3,19.4],[82.4,18.9],[81.7,18.2],[81.5,17.8],[81.1,17.8],[80.7,18.4],[80.2,18.8],[80.5,19.3],[80.7,19.2],[81,19.5],[80.6,19.8],[80.5,19.8],[80.6,20.2],[80.5,20.2],[80.7,20.3],[80.7,20.5],[80.6,20.6],[80.5,21.2],[80.7,21.4],[80.7,21.7],[81.1,22.4],[81.6,22.5],[81.9,23.1],[82.2,23.1],[82.2,23.3],[81.9,23.5],[81.6,23.5],[81.6,23.9],[82.5,23.8],[82.8,24],[83.2,23.9],[83.3,24.1]]]}},{"type":"Feature","properties":{"code":"BR-GO","name":"Brazil (Goias)","country_code":"BR","country":"Brazil","region":"Goias","level":"subnational"},"geometry":{"type":"Polygon","coordinates":[[[-47.3,-16],[-47.5,-16.5],[-47.2,-16.9],[-47.5,-17.5],[-47.3,-17.6],[-47.3,-18.1],[-47.9,-18.5],[-48.9,-18.3],[-49.4,-18.6],[-49.6,-18.5],[-50.3,-18.7],[-50.9,-19.4],[-50.9,-19.4],[-52.5,-18.7],[-52.9,-18.7],[-52.8,-18.4],[-53,-18.4],[-53.1,-18],[-53.2,-17.5],[-53,-16.9],[-52.7,-16.7],[-52.2,-15.9],[-51.9,-15.8],[-51.6,-15.2],[-51.2,-15],[-51,-14.5],[-50.9,-13.7],[-50.5,-12.9],[-50.5,-12.8],[-50.5,-12.8],[-50.3,-12.5],[-50.4,-12.8],[-49.4,-13.2],[-49,-12.6],[-48.8,-13.2],[-48.2,-13],[-48.2,-13.2],[-47.8,-13.3],[-47.7,-13.1],[-47.5,-13.3],[-46.2,-12.8],[-46.2,-12.7],[-46.1,-12.9],[-46.3,-13.9],[-45.9,-14.4],[-46,-15],[-46,-14.9],[-46.3,-14.9],[-46.5,-14.7],[-46.6,-15.1],[-46.9,-15.1],[-46.8,-15.9],[-47.3,-16]],[[-47.3,-16],[-47.4,-15.5],[-48.2,-15.5],[-48.2,-16],[-47.3,-16]]]}},{"type":"Feature","properties":{"code":"EC-GA","name":"Ecuador (Galápagos Islands)","country_code":"EC","country":"Ecuador","region":"Galápagos Islands","level":"subnational"},"geometry":{"type":"MultiPolygon","coordinates":[[[[-91.3,0],[-90.8,-0.7],[-90.9,-1],[-91.2,-1],[-91.5,-0.9],[-91.1,-0.6],[-91.4,0],[-91.6,0],[-91.4,0.1],[-91.3,0]]],[[[-91.5,-0.5],[-91.7,-0.3],[-91.5,-0.2],[-91.4,-0.4],[-91.5,-0.5]]],[[[-90.5,-0.3],[-90.6,-0.4],[-90.9,-0.3],[-90.8,-0.1],[-90.5,-0.3]]],[[[-90.4,-1.4],[-90.5,-1.3],[-90.5,-1.2],[-90.4,-1.3],[-90.4,-1.4]]],[[[-90.3,-0.7],[-90.4,-0.8],[-90.5,-0.6],[-90.2,-0.5],[-90.3,-0.7]]],[[[-89.4,-0.9],[-89.6,-0.9],[-89.3,-0.7],[-89.3,-0.8],[-89.4,-0.9]]]]}}]}