{"type":"FeatureCollection","features":[{"type":"Feature","geometry":{"type":"Polygon","coordinates":[[[-61.7,17],[-61.9,17.1],[-61.8,17.2],[-61.7,17]],[[-61.7,17.6],[-61.9,17.6],[-61.9,17.7],[-61.7,17.6]]]},"properties":{"iso2":"AG","name":"Antigua and Barbuda"}},{"type":"Feature","geometry":{"type":"Polygon","coordinates":[[[3,36.8],[4.8,36.9],[5.3,36.6],[6.4,37.1],[8.6,36.9],[8.2,36.5],[8.3,34.6],[7.5,33.9],[8.3,32.5],[9.1,32.1],[9.5,30.2],[9.3,30.1],[9.8,29.4],[9.9,27.8],[9.9,26.5],[9.4,26.2],[10.3,24.6],[11.6,24.3],[12,23.5],[7.5,20.9],[5.8,19.4],[4.2,19.1],[3.3,19],[3.2,19.8],[1.8,20.3],[1.2,20.7],[1.2,21.1],[-4.8,25],[-6.7,26.1],[-8.7,27.3],[-8.7,27.7],[-8.7,28.7],[-7.1,29.6],[-5.5,29.9],[-4.9,30.5],[-3.6,31],[-3.8,31.7],[-2.9,32.1],[-1.2,32.1],[-1,32.5],[-1.7,33.3],[-1.7,34.7],[-2.2,35.1],[0.9,36.5],[3,36.8]]]},"properties":{"iso2":"DZ","name":"Algeria"}},{"type":"Feature","geometry":{"type":"Polygon","coordinates":[[[45.1,39.8],[45.8,39.5],[46.2,38.8],[45,39.4],[44.8,39.6],[44.8,39.7],[45.1,39.8]],[[45.5,40.6],[45.5,40.7],[45.6,40.6],[45.5,40.6]],[[45.2,41],[45.2,41],[45.2,41],[45.2,41]],[[45,41],[45,41],[45,41.1],[45,41]],[[46.6,41.9],[47.8,41.2],[48.6,41.8],[49.5,40.7],[50.4,40.3],[49.5,40.2],[48.9,38.4],[48,38.8],[48.4,39.4],[48,39.7],[46.5,38.9],[46.5,39.6],[45.6,40],[46,40.2],[45.2,41.2],[45,41.3],[45.3,41.5],[46.5,41],[46.7,41.3],[46.2,41.7],[46.5,41.9],[46.6,41.9]]]},"properties":{"iso2":"AZ","name":"Azerbaijan"}},{"type":"Feature","geometry":{"type":"Polygon","coordinates":[[[19.4,41],[19.6,41.8],[19.4,41.8],[19.6,42.6],[20.1,42.6],[20.6,41.9],[20.5,41.3],[20.8,40.9],[21,40.9],[20.7,40.1],[20,39.7],[19.9,40],[19.3,40.4],[19.5,40.4],[19.4,41]]]},"properties":{"iso2":"AL","name":"Albania"}},{"type":"Feature","geometry":{"type":"Polygon","coordinates":[[[45.2,41.2],[46,40.2],[45.6,40],[46.5,39.6],[46.5,38.9],[46.2,38.8],[45.8,39.5],[45.1,39.8],[44.8,39.7],[44.3,40],[43.7,40.1],[43.8,40.7],[43.5,41.1],[45,41.3],[45.2,41.2]],[[45,41],[45,41],[45,41.1],[45,41]],[[45.2,41],[45.2,41],[45.2,41],[45.2,41]],[[45.6,40.6],[45.5,40.7],[45.5,40.6],[45.6,40.6]]]},"properties":{"iso2":"AM","name":"Armenia"}},{"type":"Feature","geometry":{"type":"Polygon","coordinates":[[[11.8,-16.8],[11.7,-16.5],[11.8,-16.8],[11.8,-16.8]],[[14,-5.8],[16.6,-5.9],[16.9,-7.2],[17.6,-8.1],[19.4,-8],[19.5,-7],[20.6,-6.9],[20.5,-7.3],[21.8,-7.3],[21.8,-9.4],[22.3,-10.4],[22.3,-11.2],[24,-10.9],[24,-13],[22,-13],[22,-16.2],[23.5,-17.6],[23.3,-17.7],[20.9,-18],[18.9,-17.8],[18.5,-17.4],[14,-17.4],[13.2,-17],[11.8,-17.3],[11.8,-16.5],[11.8,-16],[11.7,-15.8],[12.5,-13.4],[13.8,-11.8],[13.8,-10.7],[13,-9.1],[13.4,-8.4],[12.2,-6.1],[13.2,-5.9],[14,-5.8]],[[13.1,-4.7],[12.6,-5],[12.5,-5.7],[12.2,-5.8],[12,-5],[12.8,-4.4],[13.1,-4.6],[13.1,-4.7]]]},"properties":{"iso2":"AO","name":"Angola"}},{"type":"Feature","geometry":{"type":"Polygon","coordinates":[[[-170.5,-14.3],[-170.6,-14.3],[-170.5,-14.3],[-170.5,-14.3]],[[-170.6,-14.3],[-170.8,-14.3],[-170.6,-14.3],[-170.6,-14.3]],[[-169.4,-14.3],[-169.5,-14.3],[-169.5,-14.2],[-169.4,-14.3]],[[-169.6,-14.2],[-169.6,-14.2],[-169.6,-14.2],[-169.6,-14.2]],[[-169.7,-14.2],[-169.7,-14.2],[-169.7,-14.2],[-169.7,-14.2]]]},"properties":{"iso2":"AS","name":"American Samoa"}},{"type":"Feature","geometry":{"type":"Polygon","coordinates":[[[-68.6,-54.9],[-68.6,-54.9],[-68.6,-54.8],[-68.6,-54.9]],[[-63.8,-54.7],[-64.7,-54.9],[-64.8,-54.8],[-63.8,-54.7]],[[-68.3,-53],[-68.5,-53.2],[-67.4,-54],[-65.1,-54.7],[-65.4,-54.9],[-66.4,-55.1],[-68.6,-54.8],[-68.6,-52.6],[-68.3,-53]],[[-61.9,-39.2],[-62.1,-39.1],[-61.9,-39.1],[-61.9,-39.2]],[[-62,-39.1],[-62.1,-39],[-62,-39],[-62,-39.1]],[[-65.7,-22.1],[-65.2,-22.1],[-64.6,-22.2],[-64.3,-22.9],[-63.9,-22],[-62.8,-22],[-62.6,-22.2],[-61,-23.8],[-57.8,-25.2],[-57.6,-25.5],[-58.6,-27.3],[-55.7,-27.4],[-54.7,-26.4],[-54.6,-25.6],[-53.9,-25.7],[-53.8,-27.1],[-55.8,-28.2],[-57.6,-30.2],[-57.8,-30.7],[-58.2,-32.5],[-58.1,-33.1],[-58.4,-33.1],[-58.5,-33.5],[-58.4,-34.1],[-58.5,-34.5],[-57.2,-35.3],[-57.4,-36],[-56.7,-36.3],[-56.7,-36.9],[-57.6,-38.1],[-58.3,-38.5],[-61.1,-39],[-62.4,-38.8],[-62,-39.4],[-62.3,-39.3],[-62.1,-39.5],[-62.5,-40.3],[-62.2,-40.6],[-62.4,-40.9],[-63.8,-41.2],[-65.1,-40.8],[-65,-42.1],[-64.5,-42.4],[-63.7,-42.1],[-63.6,-42.6],[-64.1,-42.9],[-64.4,-42.5],[-65,-42.7],[-64.3,-43],[-65.3,-43.7],[-65.2,-44.3],[-65.7,-44.7],[-65.6,-45],[-66.9,-45.3],[-67.6,-46],[-67.5,-46.5],[-66.8,-47],[-65.8,-47.2],[-65.9,-47.8],[-66.2,-47.9],[-65.8,-48],[-67.6,-49],[-67.9,-50],[-69,-50],[-68.4,-50.1],[-68.9,-50.4],[-69.4,-51.1],[-69.2,-51],[-69,-51.6],[-69.6,-51.6],[-69,-51.6],[-68.4,-52.4],[-70,-52],[-71.9,-52],[-72.4,-51.5],[-72.3,-50.6],[-73.2,-50.8],[-73.6,-49.5],[-72.6,-48.8],[-72.3,-48.3],[-72.5,-47.9],[-72.4,-47.5],[-71.9,-47.2],[-71.9,-46.8],[-71.7,-46.7],[-71.8,-45.6],[-71.3,-45.3],[-72.1,-44.8],[-71.3,-44.8],[-71.1,-44.5],[-71.9,-44.4],[-71.7,-43.2],[-72.1,-43],[-72.1,-42.3],[-71.7,-42.1],[-72,-40.7],[-71.7,-39.6],[-71.4,-38.9],[-70.8,-38.6],[-71.2,-36.8],[-70.4,-36.1],[-70.6,-35.2],[-69.8,-34.2],[-69.8,-33.4],[-70.1,-33.2],[-70.5,-31.2],[-69.8,-30.2],[-70,-29.3],[-69.7,-28.4],[-68.8,-27.1],[-68.3,-26.9],[-68.6,-26.5],[-68.4,-25.1],[-68.6,-24.8],[-67.3,-24],[-67,-23],[-67.2,-22.8],[-66.2,-21.8],[-65.7,-22.1]]]},"properties":{"iso2":"AR","name":"Argentina"}},{"type":"Feature","geometry":{"type":"Polygon","coordinates":[[[158.9,-54.7],[158.8,-54.7],[159,-54.5],[158.9,-54.7]],[[147.4,-43.4],[147.1,-43.4],[147.3,-43.3],[147.4,-43.4]],[[147.4,-43.3],[147.3,-43.2],[147.4,-43.1],[147.4,-43.3]],[[148.2,-42.7],[148,-42.8],[148,-42.6],[148.2,-42.7]],[[148.3,-42.4],[148.2,-42.3],[148.3,-42.3],[148.3,-42.4]],[[145.1,-40.8],[146.6,-41.2],[148.2,-40.9],[148.4,-42.2],[148.2,-41.9],[147.8,-42.9],[148,-43.2],[147.3,-42.8],[146.9,-43.6],[146,-43.5],[146.2,-43.3],[145.5,-43],[145.2,-42.3],[145.6,-42.3],[144.7,-41.2],[144.7,-40.8],[145.1,-40.8]],[[144.9,-40.7],[144.9,-40.6],[145,-40.7],[144.9,-40.7]],[[148.2,-40.6],[148.1,-40.5],[148.2,-40.5],[148.2,-40.6]],[[144.8,-40.6],[144.7,-40.5],[144.8,-40.4],[144.8,-40.6]],[[144.9,-40.5],[144.8,-40.4],[144.9,-40.4],[144.9,-40.5]],[[148.4,-40.3],[148.5,-40.4],[148,-40.4],[148.4,-40.3]],[[148.2,-40.3],[147.9,-39.8],[148.3,-40],[148.2,-40.3]],[[144,-40.1],[144,-39.6],[144.1,-39.9],[144,-40.1]],[[147.4,-39.5],[147.3,-39.5],[147.3,-39.4],[147.4,-39.5]],[[147.3,-39.5],[147.3,-39.5],[147.3,-39.4],[147.3,-39.5]],[[146.7,-38.8],[146.5,-38.8],[146.5,-38.8],[146.7,-38.8]],[[145.3,-38.5],[145.4,-38.6],[145.1,-38.5],[145.3,-38.5]],[[145.5,-38.4],[145.3,-38.4],[145.3,-38.3],[145.5,-38.4]],[[137.6,-35.7],[138.1,-35.9],[136.5,-35.9],[137.6,-35.7]],[[136.5,-35.2],[136.4,-35.2],[136.5,-35.1],[136.5,-35.2]],[[136.2,-35.1],[136.1,-34.9],[136.2,-35],[136.2,-35.1]],[[118.5,-34.9],[118.4,-34.9],[118.5,-34.9],[118.5,-34.9]],[[137.4,-34.5],[137.3,-34.5],[137.4,-34.5],[137.4,-34.5]],[[122.2,-34.2],[122.2,-34.1],[122.3,-34.1],[122.2,-34.2]],[[123.2,-34.1],[123.2,-34.1],[123.2,-34.1],[123.2,-34.1]],[[134.5,-33.8],[134.5,-33.7],[134.5,-33.7],[134.5,-33.8]],[[133.6,-32.3],[133.5,-32.3],[133.7,-32.2],[133.6,-32.3]],[[115.7,-32.2],[115.7,-32.2],[115.6,-32.2],[115.7,-32.2]],[[159.1,-31.5],[159.1,-31.6],[159.1,-31.6],[159.1,-31.5]],[[153.5,-27.7],[153.4,-27.4],[153.5,-27.4],[153.5,-27.7]],[[153.4,-27.2],[153.5,-27],[153.4,-27.4],[153.4,-27.2]],[[113.2,-26.1],[113,-25.8],[113,-25.5],[113.2,-26.1]],[[153,-25.3],[152.9,-25.3],[153,-25.3],[153,-25.3]],[[113.1,-25.2],[113.1,-25.3],[113.1,-25.1],[113.1,-25.2]],[[113.1,-24.9],[113.1,-25],[113.1,-24.8],[113.1,-24.9]],[[153.1,-25.8],[152.9,-25.6],[153.3,-24.7],[153.1,-25.8]],[[151.4,-23.9],[151.3,-23.8],[151.3,-23.8],[151.4,-23.9]],[[151.3,-23.8],[151,-23.5],[151.2,-23.5],[151.3,-23.8]],[[151,-23.2],[150.9,-23.2],[151,-23.2],[151,-23.2]],[[149.7,-22.4],[149.7,-22.3],[149.8,-22.4],[149.7,-22.4]],[[150.5,-22.4],[150.5,-22.2],[150.6,-22.3],[150.5,-22.4]],[[149.9,-22.2],[149.9,-22.2],[149.9,-22],[149.9,-22.2]],[[150.3,-21.8],[150.3,-21.7],[150.4,-21.7],[150.3,-21.8]],[[150.3,-21.7],[150.3,-21.6],[150.3,-21.7],[150.3,-21.7]],[[115.5,-20.8],[115.3,-20.9],[115.4,-20.7],[115.5,-20.8]],[[149.1,-20.5],[149,-20.5],[149.1,-20.5],[149.1,-20.5]],[[149,-20.3],[149,-20.3],[149,-20.2],[149,-20.3]],[[148.9,-20.2],[148.9,-20.1],[149,-20],[148.9,-20.2]],[[148.5,-20],[148.4,-20],[148.5,-20],[148.5,-20]],[[146.9,-19.2],[146.8,-19.1],[146.9,-19.1],[146.9,-19.2]],[[146.3,-18.5],[146.1,-18.3],[146.3,-18.3],[146.3,-18.5]],[[139.6,-17.1],[139.4,-17.1],[139.5,-17],[139.6,-17.1]],[[139.1,-16.9],[139.1,-16.8],[139.1,-16.8],[139.1,-16.9]],[[139.7,-16.5],[139.1,-16.8],[139.3,-16.5],[139.7,-16.5]],[[136.7,-15.8],[136.6,-15.7],[136.7,-15.7],[136.7,-15.8]],[[136.7,-15.8],[136.7,-15.6],[136.8,-15.7],[136.7,-15.8]],[[137.1,-15.8],[136.9,-15.7],[137,-15.6],[137.1,-15.8]],[[136.5,-15.6],[136.6,-15.5],[136.6,-15.6],[136.5,-15.6]],[[136.9,-15.6],[136.8,-15.5],[136.9,-15.5],[136.9,-15.6]],[[124.6,-15.4],[124.5,-15.4],[124.5,-15.4],[124.5,-15.3],[124.6,-15.4]],[[124.4,-15.3],[124.3,-15.3],[124.4,-15.2],[124.4,-15.3]],[[124.8,-15.3],[124.8,-15.2],[124.8,-15.2],[124.8,-15.3]],[[128.2,-15.2],[128.1,-15.1],[128.1,-15],[128.2,-15.2]],[[124.9,-15],[124.9,-15],[124.9,-14.9],[124.9,-15]],[[128.4,-15],[128.4,-15],[128.4,-14.9],[128.4,-15]],[[135.8,-14.9],[135.7,-14.9],[135.7,-14.8],[135.8,-14.9]],[[129.6,-14.9],[129.6,-14.8],[129.6,-14.9],[129.6,-14.9]],[[129.6,-14.9],[129.6,-15],[129.5,-14.8],[129.6,-14.9]],[[125.1,-14.6],[125.1,-14.6],[125.2,-14.4],[125.1,-14.6]],[[126.6,-13.9],[126.5,-13.9],[126.5,-13.9],[126.6,-13.9]],[[136.7,-13.8],[136.9,-13.8],[136.7,-14.1],[136.9,-14.3],[136.4,-14.2],[136.7,-13.8]],[[136.3,-13.7],[136.1,-13.8],[136.2,-13.7],[136.3,-13.7]],[[136.2,-13.5],[136.2,-13.5],[136.1,-13.4],[136.2,-13.5]],[[132.4,-12.1],[132.3,-12.1],[132.4,-12.1],[132.4,-12.1]],[[136.8,-12.1],[136.8,-12.1],[136.8,-12.1],[136.8,-12.1]],[[134.9,-12.1],[134.9,-12.1],[134.9,-12.1],[134.9,-12.1]],[[135,-12],[134.9,-12.1],[134.9,-12],[135,-12]],[[136.3,-12],[136.2,-12.1],[136.3,-12],[136.3,-12]],[[135.1,-11.9],[135,-11.9],[135.1,-11.9],[135.1,-11.9]],[[136.5,-11.9],[136.5,-11.8],[136.5,-11.8],[136.5,-11.9]],[[136.6,-11.8],[136.5,-11.8],[136.6,-11.7],[136.6,-11.8]],[[136,-11.7],[136,-11.7],[136.1,-11.7],[136,-11.7]],[[132.6,-11.7],[132.5,-11.6],[132.6,-11.6],[132.6,-11.7]],[[133.4,-11.7],[133.4,-11.6],[133.5,-11.6],[133.4,-11.7]],[[136.5,-11.5],[136.2,-11.7],[136.5,-11.5],[136.5,-11.5]],[[133.5,-11.5],[133.4,-11.5],[133.5,-11.5],[133.5,-11.5]],[[130.5,-11.7],[130,-11.8],[130.3,-11.3],[130.5,-11.7]],[[130.6,-11.3],[131.3,-11.2],[131.5,-11.5],[131,-11.9],[130.4,-11.2],[130.6,-11.3]],[[132.6,-11.3],[132.5,-11.1],[132.6,-11],[132.6,-11.3]],[[136.5,-11.5],[136.8,-11],[136.7,-11.2],[136.5,-11.5]],[[142.5,-10.9],[143.4,-12.6],[143.8,-14.4],[144.5,-14.2],[145.3,-14.9],[145.4,-16.5],[146,-16.9],[145.9,-17.1],[146.1,-17.7],[146,-18.2],[146.3,-18.5],[146.3,-18.9],[148.8,-20.2],[148.9,-20.5],[148.7,-20.6],[149.2,-21.1],[149.7,-22.5],[150,-22.7],[150,-22.1],[150.6,-22.6],[150.6,-22.3],[150.9,-23.5],[151.5,-24.1],[151.7,-24],[151.9,-24.2],[153.2,-25.9],[153,-27.2],[153.6,-28.7],[153.1,-31],[152.5,-32.4],[151.5,-33.3],[150.8,-35.1],[150.2,-35.9],[150,-37.5],[147.8,-38],[146.9,-38.7],[146.2,-38.7],[146.4,-39.1],[145.4,-38.5],[145.6,-38.4],[145.4,-38.2],[144.9,-38.5],[145.1,-38.1],[144.9,-37.9],[143.5,-38.9],[142.4,-38.4],[141.6,-38.4],[140.5,-38],[139.8,-37.3],[139.8,-36.5],[139.1,-35.7],[139.7,-36.2],[139.1,-35.6],[139.3,-35.7],[139.4,-35.4],[138.1,-35.6],[138.5,-35],[138.1,-34.1],[137.7,-35.1],[136.8,-35.3],[137,-34.9],[137.4,-34.9],[137.4,-34.2],[138,-33.6],[137.8,-32.5],[137.8,-33],[137.2,-33.7],[135.9,-34.5],[136,-35],[135.1,-34.6],[135.5,-34.6],[134.7,-33.2],[134.3,-33.2],[134.2,-32.5],[133.9,-32.5],[134,-32.4],[133.6,-32.1],[133.4,-32.2],[132.8,-32],[132.2,-32],[131.2,-31.5],[129,-31.7],[127.3,-32.3],[126,-32.3],[124.3,-33],[123.5,-33.9],[120,-33.9],[117.9,-35.1],[116.5,-35],[115,-34.3],[115,-33.5],[115.4,-33.6],[115.7,-33.3],[115.7,-31.9],[115,-30.5],[114.9,-29.2],[113.2,-26.2],[113.3,-26],[113.6,-26.7],[113.9,-26.5],[113.4,-25.7],[113.5,-25.5],[113.7,-26.2],[113.9,-26],[114.1,-26.5],[114.2,-26.3],[114.3,-25.8],[113.4,-24.4],[114,-21.9],[114.2,-22.5],[114.7,-21.8],[116.7,-20.6],[117.7,-20.7],[119.1,-20],[121,-19.6],[122.4,-18.1],[122.2,-17.2],[122.9,-16.4],[123.6,-17.6],[123.6,-17],[123.9,-17.2],[123.4,-16.5],[123.7,-16.4],[123.6,-16.2],[123.7,-16.1],[123.9,-16.4],[124,-16.2],[124.2,-16.4],[124.9,-16.4],[124.4,-16.3],[124.7,-15.8],[124.4,-15.9],[124.4,-15.5],[124.7,-15.5],[124.7,-15.3],[125.2,-15.5],[124.8,-15.2],[125.4,-15.1],[125.1,-14.7],[125.6,-14.5],[125.6,-14.2],[125.6,-14.6],[125.7,-14.4],[126,-14.5],[126,-13.9],[126.3,-14.2],[126.9,-13.7],[127.4,-13.9],[128.2,-14.7],[128,-15.5],[128.1,-15.2],[128.3,-15.4],[128.2,-15.1],[128.3,-14.9],[128.4,-15],[128.5,-15],[128.4,-14.8],[128.5,-14.8],[129.7,-15.2],[129.6,-14.8],[129.9,-14.8],[129.4,-14.3],[129.9,-13.4],[130.3,-13.3],[130.1,-12.9],[130.7,-12.7],[130.6,-12.4],[130.9,-12.6],[131,-12.1],[132.4,-12.4],[132.8,-12.1],[132.6,-12],[132.7,-11.7],[132.5,-11.5],[132.1,-11.5],[131.8,-11.3],[132,-11.1],[132.2,-11.4],[132.1,-11.1],[132.3,-11.1],[133.2,-11.7],[135.2,-12.3],[135.9,-11.8],[135.7,-12.2],[136,-12.1],[136,-12.5],[136.6,-11.9],[137,-12.4],[136.5,-12.8],[136.5,-13.3],[136.4,-13.1],[135.9,-13.3],[136,-13.8],[135.5,-14.9],[136.8,-15.9],[137.7,-16.2],[138.2,-16.7],[139,-16.9],[139.3,-17.3],[140.5,-17.6],[141.4,-16.1],[141.6,-13],[141.8,-12.7],[141.9,-12.9],[141.8,-12.5],[141.6,-12.5],[142,-12.1],[142.1,-11],[142.5,-10.9]],[[142.3,-10.7],[142.2,-10.8],[142.1,-10.7],[142.3,-10.7]],[[142.3,-10.6],[142.2,-10.6],[142.3,-10.6],[142.3,-10.6]],[[142.2,-10.6],[142.2,-10.6],[142.2,-10.5],[142.2,-10.6]],[[142.3,-10.5],[142.3,-10.5],[142.3,-10.5],[142.3,-10.5]],[[142.3,-10.3],[142.2,-10.1],[142.3,-10.2],[142.3,-10.3]],[[142.2,-10.2],[142.1,-10.1],[142.1,-10.1],[142.2,-10.2]]]},"properties":{"iso2":"AU","name":"Australia"}},{"type":"Feature","geometry":{"type":"Polygon","coordinates":[[[50.8,25.6],[50.8,25.7],[50.8,25.7],[50.8,25.6]],[[50.8,25.7],[50.8,25.7],[50.8,25.7],[50.8,25.7]],[[50.8,25.6],[50.7,25.7],[50.8,25.7],[50.8,25.6]],[[50.8,25.7],[50.8,25.8],[50.8,25.8],[50.8,25.7]],[[50.5,26.2],[50.6,25.8],[50.5,26],[50.5,26.2]],[[50.7,26.2],[50.6,26.3],[50.6,26.3],[50.7,26.2]]]},"properties":{"iso2":"BH","name":"Bahrain"}},{"type":"Feature","geometry":{"type":"Polygon","coordinates":[[[-59.5,13.1],[-59.6,13.3],[-59.4,13.2],[-59.5,13.1]]]},"properties":{"iso2":"BB","name":"Barbados"}},{"type":"Feature","geometry":{"type":"Polygon","coordinates":[[[-64.9,32.3],[-64.9,32.3],[-64.8,32.3],[-64.9,32.3]],[[-64.6,32.4],[-64.7,32.4],[-64.7,32.4],[-64.6,32.4]],[[-64.8,32.3],[-64.9,32.3],[-64.7,32.4],[-64.8,32.3]]]},"properties":{"iso2":"BM","name":"Bermuda"}},{"type":"Feature","geometry":{"type":"Polygon","coordinates":[[[-73,21.1],[-73.7,20.9],[-73,21.3],[-73,21.1]],[[-72.9,21.5],[-73,21.4],[-73.1,21.5],[-72.9,21.5]],[[-72.8,22.4],[-72.8,22.3],[-73.2,22.4],[-72.8,22.4]],[[-73.6,22.6],[-73.6,22.6],[-73.6,22.6],[-73.6,22.6]],[[-73.5,22.6],[-73.6,22.6],[-73.5,22.6],[-73.5,22.6]],[[-74.4,22.5],[-74.4,22.6],[-74.3,22.7],[-74.4,22.5]],[[-73.8,22.7],[-73.9,22.5],[-74.3,22.2],[-73.8,22.7]],[[-74.1,22.7],[-74.3,22.8],[-74,22.7],[-74.1,22.7]],[[-73.7,23.1],[-73.8,23.1],[-73.7,23.1],[-73.7,23.1]],[[-75.6,23.4],[-75.5,23.4],[-75.7,23.5],[-75.6,23.4]],[[-75,23.1],[-75.3,23.7],[-74.8,22.9],[-75,23.1]],[[-75.8,23.5],[-76,23.6],[-76,23.7],[-75.8,23.5]],[[-74.8,23.7],[-74.8,23.6],[-74.9,23.7],[-74.8,23.7]],[[-76.4,24.1],[-76.3,24],[-76.4,24.1],[-76.4,24.1]],[[-74.5,24],[-74.5,24.1],[-74.5,24.1],[-74.5,24]],[[-77.9,24.1],[-78,24.2],[-77.8,24.3],[-77.9,24.1]],[[-77.9,24.2],[-78,24.3],[-77.9,24.3],[-77.9,24.2]],[[-76.5,24.2],[-76.5,24.2],[-76.5,24.3],[-76.5,24.2]],[[-77.7,24],[-77.6,24.2],[-77.6,23.7],[-77.9,24.1],[-77.7,24.3],[-77.7,24]],[[-77.7,24.3],[-77.8,24.3],[-77.7,24.4],[-77.7,24.3]],[[-75.3,24.2],[-75.5,24.1],[-75.7,24.7],[-75.3,24.2]],[[-77.4,25],[-77.6,25],[-77.3,25],[-77.4,25]],[[-78.2,25.2],[-77.7,24.5],[-78,24.3],[-78.4,24.6],[-78.2,24.6],[-78.2,25.2]],[[-76.5,25.4],[-76.3,25.3],[-76.1,25.1],[-76.2,24.7],[-76.2,25.1],[-76.4,25.3],[-76.7,25.4],[-76.7,25.6],[-76.5,25.4]],[[-77.8,25.7],[-77.9,25.8],[-77.9,25.8],[-77.8,25.7]],[[-77.6,26.3],[-77.6,26.3],[-77.5,26.3],[-77.6,26.3]],[[-77.9,26.7],[-78.7,26.5],[-79,26.7],[-77.9,26.7]],[[-77.7,26.9],[-77,26.5],[-77.2,25.9],[-77.4,26],[-77.1,26.5],[-78,26.9],[-77.7,26.9]]]},"properties":{"iso2":"BS","name":"Bahamas, The"}},{"type":"Feature","geometry":{"type":"Polygon","coordinates":[[[91.9,21.5],[91.9,21.8],[92,21.6],[91.9,21.5]],[[90.5,21.8],[90.5,21.8],[90.5,21.8],[90.5,21.8]],[[90.4,21.8],[90.4,21.8],[90.5,21.9],[90.4,21.8]],[[89.1,21.7],[89.1,21.9],[89.1,21.7],[89.1,21.7]],[[90.8,21.9],[90.7,21.9],[90.8,21.9],[90.8,21.9]],[[91.8,21.7],[91.9,21.9],[91.9,21.8],[91.8,21.7]],[[90.6,21.9],[90.6,21.9],[90.7,22],[90.6,21.9]],[[90.7,22],[90.7,21.9],[90.7,22],[90.7,22]],[[90.5,21.9],[90.5,21.9],[90.6,22],[90.5,21.9]],[[90.4,21.9],[90.4,22],[90.5,22],[90.4,21.9]],[[90.4,22],[90.3,22],[90.4,22.1],[90.4,22]],[[90.5,22],[90.5,22.1],[90.6,22.2],[90.5,22]],[[90.5,22.2],[90.5,22.2],[90.5,22.2],[90.5,22.2]],[[90.9,22.1],[90.9,22.1],[91,22.2],[90.9,22.1]],[[91,22.2],[91,22.2],[91,22.3],[91,22.2]],[[90.9,22.2],[91,22.4],[91,22.3],[90.9,22.2]],[[91,22.4],[91,22.4],[91,22.4],[91,22.4]],[[90.7,22.4],[90.6,22.3],[90.6,22.5],[90.7,22.4]],[[91,22.4],[91,22.4],[91,22.5],[91,22.4]],[[91.2,22.4],[91.2,22.4],[91.2,22.5],[91.2,22.4]],[[91,22.4],[91,22.4],[91,22.5],[91,22.4]],[[90.7,22.4],[90.6,22.4],[90.7,22.5],[90.7,22.4]],[[91,22.1],[91.1,22.5],[91.2,22.2],[91,22.1]],[[91.5,22.3],[91.4,22.5],[91.4,22.6],[91.5,22.3]],[[91.3,22.6],[91.3,22.6],[91.3,22.6],[91.3,22.6]],[[90.8,22.1],[90.6,22],[90.7,22.4],[90.6,22.6],[90.6,22.6],[90.6,22.8],[90.9,22.5],[90.8,22.1]],[[90.5,22.7],[90.5,22.9],[90.7,22.8],[90.5,22.8],[90.5,22.7]],[[90.7,23],[90.6,22.9],[90.7,22.9],[90.5,23],[90.6,23],[90.7,23]],[[90.5,23],[90.5,23.1],[90.5,23.1],[90.5,23]],[[90.5,23],[90.5,23.1],[90.5,23.1],[90.5,23]],[[90.5,23.3],[90.6,23.3],[90.4,23.4],[90.5,23.3]],[[90.6,23.6],[90.6,23.6],[90.6,23.6],[90.6,23.6]],[[88.4,26.6],[89.3,26],[89.7,26.2],[89.8,25.3],[92.4,25],[92.1,24.4],[91.4,24.1],[91.2,23.6],[91.6,22.9],[91.9,23.7],[92.3,23.7],[92.6,22],[92.7,21.3],[92.3,21.4],[92.3,21.1],[92.3,20.7],[91.7,22.5],[91.5,22.8],[90.8,22.7],[90.6,23.6],[90.3,23.4],[90.6,23.2],[90.6,23.1],[90.4,23.1],[90.4,22.8],[90.6,22.4],[90.4,22.1],[90.4,22.3],[90.3,21.8],[90,21.9],[90.1,22.2],[89.9,22],[90,22.5],[89.6,21.7],[89.6,22.3],[89.2,21.6],[89.1,22.1],[89,23.2],[88.6,23.7],[88.8,24.2],[88,24.7],[88.5,25.2],[89,25.3],[88.1,25.8],[88.4,26.6]],[[90.2,22.2],[90.1,22],[90.2,22.1],[90.2,22.2]],[[90.7,23.5],[90.7,23.5],[90.7,23.5],[90.7,23.5]]]},"properties":{"iso2":"BD","name":"Bangladesh"}},{"type":"Feature","geometry":{"type":"Polygon","coordinates":[[[-87.8,17.3],[-87.8,17.3],[-87.8,17.4],[-87.8,17.3]],[[-87.8,17.4],[-87.9,17.3],[-87.8,17.5],[-87.8,17.4]],[[-88,17.6],[-88.1,17.6],[-88.1,17.6],[-88,17.6]],[[-88.1,17.7],[-88.2,17.7],[-88.1,17.7],[-88.1,17.7]],[[-87.9,18],[-88,17.9],[-87.9,18.2],[-87.9,18]],[[-88.4,18.5],[-88.3,18.5],[-88.1,18.2],[-88.3,17.6],[-88.2,17],[-88.9,15.9],[-89.2,15.9],[-89.1,17.8],[-88.4,18.5]]]},"properties":{"iso2":"BZ","name":"Belize"}},{"type":"Feature","geometry":{"type":"Polygon","coordinates":[[[17.6,42.9],[17.6,42.9],[16.1,44.2],[15.8,45.2],[18.3,45.1],[19,44.9],[19.4,44.9],[19.1,44.4],[19.6,44],[19.2,44],[19.5,43.7],[19.2,43.5],[18.7,43.3],[18.5,42.6],[17.6,42.9]]]},"properties":{"iso2":"BA","name":"Bosnia and Herzegovina"}},{"type":"Feature","geometry":{"type":"Polygon","coordinates":[[[-65.2,-22.1],[-65.7,-22.1],[-66.2,-21.8],[-67.2,-22.8],[-67.9,-22.8],[-68.2,-21.3],[-68.8,-20.4],[-68.4,-19.4],[-68.9,-19.1],[-69.1,-18],[-69.5,-17.6],[-69.5,-17.5],[-69.6,-17.2],[-68.8,-16.3],[-69.4,-15.6],[-69.1,-15.2],[-69.4,-14.8],[-68.9,-14.2],[-69,-12.9],[-68.7,-12.5],[-69.6,-11],[-68.6,-11.1],[-66.6,-9.9],[-65.4,-9.7],[-65.4,-11.3],[-65,-12],[-64.4,-12.5],[-63.1,-12.7],[-61.8,-13.5],[-61,-13.5],[-60.5,-13.8],[-60.3,-15.1],[-60.6,-15.1],[-60.2,-16.3],[-58.3,-16.3],[-58.4,-17.2],[-57.7,-17.6],[-57.5,-18.2],[-58.1,-19.7],[-57.8,-20],[-58.2,-20.2],[-58.2,-19.8],[-59.1,-19.3],[-61.7,-19.6],[-62.6,-22.2],[-62.8,-22],[-63.9,-22],[-64.3,-22.9],[-64.6,-22.2],[-65.2,-22.1]]]},"properties":{"iso2":"BO","name":"Bolivia"}},{"type":"Feature","geometry":{"type":"Polygon","coordinates":[[[98,9.8],[98,9.8],[98.1,9.8],[98,9.8]],[[98.3,10],[98.1,9.9],[98.2,10],[98.3,10]],[[98.2,10],[98.2,10.2],[98.2,10.2],[98.2,10]],[[97.9,10.4],[97.9,10.5],[97.9,10.4],[97.9,10.4]],[[98.2,10.5],[98.2,10.5],[98.2,10.5],[98.2,10.5]],[[98.5,10.8],[98.5,10.9],[98.6,10.9],[98.5,10.8]],[[97.9,10.9],[97.9,10.8],[97.9,10.9],[97.9,10.9]],[[98.2,10.9],[98.3,10.7],[98.1,10.9],[98.2,10.9]],[[98.4,11],[98.4,11],[98.5,11],[98.4,11]],[[98.5,11],[98.5,11],[98.5,11.1],[98.5,11]],[[98.3,11.2],[98.2,11.3],[98.3,11.3],[98.3,11.2]],[[98.2,11.4],[98.3,11.8],[98.3,11.5],[98.2,11.4]],[[98.5,11.6],[98.4,11.8],[98.5,11.8],[98.5,11.6]],[[97.5,11.8],[97.4,11.8],[97.5,11.8],[97.5,11.8]],[[98.1,11.6],[98,11.7],[98,11.9],[98.1,11.6]],[[97.7,11.8],[97.6,11.9],[97.7,11.9],[97.7,11.8]],[[98.3,11.8],[98.3,11.9],[98.3,11.9],[98.3,11.8]],[[98.3,11.9],[98.2,11.9],[98.3,12],[98.3,11.9]],[[98.5,11.9],[98.4,12.1],[98.7,11.9],[98.5,11.9]],[[98.1,12.1],[98.1,12.3],[98.1,12.3],[98.1,12.1]],[[98.6,12.4],[98.6,12.4],[98.6,12.4],[98.6,12.4]],[[98.6,12.4],[98.7,12.3],[98.6,12.3],[98.5,12.4],[98.6,12.4],[98.6,12.4]],[[98.1,12.4],[98,12.3],[97.9,12.3],[98.1,12.4]],[[98.5,12.4],[98.5,12.4],[98.5,12.5],[98.5,12.4]],[[98.3,12.5],[98.2,12.5],[98.2,12.5],[98.3,12.5]],[[97.9,12.5],[97.8,12.6],[97.8,12.6],[97.9,12.5]],[[98.3,12.3],[98.3,12.7],[98.5,12.6],[98.3,12.3]],[[97.9,12.8],[97.8,12.8],[97.8,12.8],[97.9,12.8]],[[98.3,13],[98.3,12.9],[98.2,13.2],[98.3,13]],[[97.9,13.8],[97.9,13.9],[97.9,13.9],[97.9,13.8]],[[97.9,13.9],[97.9,13.9],[97.9,13.9],[97.9,13.9]],[[93.4,14.1],[93.4,14.2],[93.4,14.1],[93.4,14.1]],[[97.8,14.1],[97.8,14.2],[97.8,14.2],[97.8,14.1]],[[93.7,14.9],[93.7,14.8],[93.7,14.9],[93.7,14.9]],[[97.7,15.5],[97.7,15.5],[97.7,15.6],[97.7,15.5]],[[94.8,15.8],[94.7,15.8],[94.8,15.9],[94.8,15.8]],[[94.6,16],[94.4,15.9],[94.4,16],[94.6,16.2],[94.6,16]],[[97.6,16.2],[97.5,16.5],[97.6,16.5],[97.6,16.2]],[[93.7,18.9],[93.7,18.7],[93.5,18.9],[93.7,18.9]],[[93.8,19.2],[93.9,18.9],[93.5,19.4],[93.8,19.2]],[[93.8,19.3],[93.7,19.6],[94,19.4],[93.8,19.3]],[[93.5,19.7],[93.4,20],[93.5,19.9],[93.5,19.7]],[[93,19.8],[92.9,20.1],[93,20.1],[93,19.8]],[[97.8,28.3],[98.3,27.5],[98.7,27.5],[98.8,26.6],[98.7,25.9],[97.6,24.7],[97.8,24.3],[97.5,23.9],[98.9,24.2],[98.7,24],[98.9,23.2],[99.6,22.9],[99.2,22.2],[100,22],[100.2,21.4],[101.1,21.8],[101.1,21.6],[100.1,20.3],[100.1,20.3],[99.5,20.4],[99,19.8],[98,19.8],[97.8,18.6],[97.3,18.6],[98.7,16.3],[98.9,16.4],[98.2,15.1],[99.2,13.7],[99.1,13.1],[99.7,11.8],[98.7,10.3],[98.5,10],[98.5,10.7],[98.7,10.9],[98.7,11.7],[98.9,11.7],[98.6,11.8],[98.7,12],[98.7,12.2],[98.5,12.2],[98.7,12.3],[98.6,13.2],[98.2,14.1],[98.1,13.5],[97.8,14.9],[97.7,16.6],[97.4,16.5],[96.9,17.4],[96.8,16.7],[96.4,16.5],[96.2,16.8],[96.3,16.4],[95.4,15.7],[95.4,16.1],[95.2,15.8],[95.1,16.1],[94.8,15.8],[95,16.2],[94.7,15.9],[94.8,16.2],[94.6,15.9],[94.7,16.1],[94.6,16.3],[94.2,16],[94.6,17.5],[94,19.5],[93.6,19.7],[93.7,19.9],[93.1,20.1],[93.1,19.8],[93.1,20.5],[92.9,20.1],[92.3,21.1],[92.3,21.4],[92.7,21.3],[92.6,22],[93.2,22.3],[93.3,24.1],[94.2,23.9],[94.7,25],[94.6,25.4],[95.2,26.1],[95.1,26.6],[96.2,27.3],[97.1,27.1],[96.9,27.6],[97.3,28.2],[97.6,28.5],[97.8,28.3]]]},"properties":{"iso2":"MM","name":"Myanmar (Burma)"}},{"type":"Feature","geometry":{"type":"Polygon","coordinates":[[[2.5,6.3],[1.6,6.2],[1.4,9.4],[1.4,10],[0.8,10.4],[0.9,11],[1.4,11.5],[2,11.4],[2.4,11.9],[2.4,12.2],[2.8,12.4],[3.6,11.7],[3.9,10.6],[3.1,9.1],[2.8,9],[2.7,6.4],[2.5,6.3]]]},"properties":{"iso2":"BJ","name":"Benin"}},{"type":"Feature","geometry":{"type":"Polygon","coordinates":[[[166.9,-11.7],[166.8,-11.6],[166.9,-11.7],[166.9,-11.7]],[[160.1,-11.5],[160.5,-11.8],[160,-11.5],[160.1,-11.5]],[[159.9,-11.3],[159.8,-11.3],[159.8,-11.3],[159.9,-11.3]],[[166.5,-11.4],[166.5,-11.3],[166.6,-11.3],[166.5,-11.4]],[[162.5,-10.9],[162.5,-10.8],[162.5,-10.8],[162.5,-10.9]],[[166.1,-10.8],[165.8,-10.8],[165.9,-10.7],[166.1,-10.8]],[[161.5,-10.3],[162.4,-10.8],[161.3,-10.3],[161.5,-10.3]],[[161.8,-10.3],[161.7,-10.2],[161.8,-10.3],[161.8,-10.3]],[[167.2,-10],[167.2,-9.9],[167.2,-10],[167.2,-10]],[[167.1,-9.9],[167.1,-9.9],[167.1,-9.9],[167.1,-9.9]],[[167.1,-9.9],[167.1,-9.8],[167.1,-9.8],[167.1,-9.9]],[[162,-9.9],[161.9,-9.7],[162,-9.7],[162,-9.9]],[[161.6,-9.7],[161.4,-9.7],[161.3,-9.3],[161.6,-9.7]],[[161.4,-9.5],[161.4,-9.5],[161.4,-9.5],[161.4,-9.5]],[[159.9,-9.4],[160.4,-9.4],[160.8,-9.9],[159.8,-9.8],[159.6,-9.3],[159.9,-9.4]],[[159.8,-9.2],[159.8,-9.1],[159.8,-9.1],[159.8,-9.2]],[[160.4,-9.1],[160.2,-9.2],[160.3,-9.1],[160.4,-9.1]],[[159.2,-9.1],[159.2,-9.1],[159.2,-9],[159.2,-9.1]],[[159.1,-9.1],[159,-9.1],[159.1,-9],[159.1,-9.1]],[[160.1,-9],[160.1,-9],[160.1,-8.9],[160.1,-9]],[[160,-8.9],[160,-8.9],[160,-8.9],[160,-8.9]],[[161.1,-8.7],[161,-8.8],[161,-8.8],[161.1,-8.7]],[[157.6,-8.7],[157.6,-8.8],[157.4,-8.7],[157.6,-8.7]],[[158.2,-8.8],[158.1,-8.8],[158.2,-8.7],[158.2,-8.8]],[[158,-8.8],[157.9,-8.6],[158.1,-8.5],[158,-8.8]],[[157.4,-8.5],[157.4,-8.7],[157.2,-8.6],[157.4,-8.5]],[[159.7,-8.5],[159.5,-8.5],[159.6,-8.4],[159.7,-8.5]],[[162.7,-8.4],[162.8,-8.4],[162.7,-8.4],[162.7,-8.4]],[[161,-8.8],[161.4,-9.6],[160.6,-8.3],[161,-8.8]],[[157.1,-8.3],[157.2,-8.3],[157,-8.2],[157.1,-8.3]],[[157.2,-8.3],[157.1,-8.2],[157.2,-8.2],[157.2,-8.3]],[[156.8,-8.1],[156.8,-8.1],[156.8,-8.1],[156.8,-8.1]],[[157.6,-8.2],[157.8,-8.6],[157.2,-8.2],[157.5,-8],[157.6,-8.2]],[[156.6,-8.2],[156.5,-8.1],[156.5,-7.9],[156.6,-8.2]],[[157.2,-8.2],[157,-8],[157,-7.9],[157.2,-8.2]],[[158.6,-7.7],[158.5,-7.7],[158.5,-7.7],[158.6,-7.7]],[[158.5,-7.7],[158.4,-7.6],[158.3,-7.6],[158.5,-7.7]],[[156.7,-7.9],[156.6,-7.6],[156.8,-7.7],[156.7,-7.9]],[[159.9,-8.3],[159.9,-8.6],[158.5,-7.6],[159.9,-8.3]],[[158.4,-7.5],[158.4,-7.6],[158.3,-7.5],[158.4,-7.5]],[[157.8,-7.5],[157.7,-7.4],[157.7,-7.4],[157.8,-7.5]],[[155.6,-7.4],[155.5,-7.4],[155.6,-7.3],[155.6,-7.4]],[[155.9,-7.1],[155.7,-7.1],[155.7,-7],[155.9,-7.1]],[[156.1,-6.9],[156.1,-7],[156.1,-6.8],[156.1,-6.9]],[[156,-6.8],[156,-6.8],[156,-6.8],[156,-6.8]],[[157.4,-7.3],[156.9,-7.2],[156.4,-6.6],[157.4,-7.3]],[[159.7,-5.5],[159.7,-5.5],[159.7,-5.5],[159.7,-5.5]],[[159.5,-5.5],[159.5,-5.5],[159.5,-5.5],[159.5,-5.5]],[[159.4,-5.4],[159.4,-5.4],[159.3,-5.4],[159.4,-5.4]],[[159.3,-5.3],[159.3,-5.3],[159.2,-5.3],[159.3,-5.3]]]},"properties":{"iso2":"SB","name":"Solomon Islands"}},{"type":"Feature","geometry":{"type":"Polygon","coordinates":[[[-48.6,-27.8],[-48.5,-27.4],[-48.4,-27.4],[-48.6,-27.8]],[[-48.6,-26.4],[-48.7,-26.3],[-48.5,-26.2],[-48.6,-26.4]],[[-48.3,-25.5],[-48.3,-25.4],[-48.3,-25.3],[-48.3,-25.5]],[[-47.9,-25],[-47.8,-24.9],[-47.6,-24.8],[-47.9,-25]],[[-46.3,-24],[-46.4,-24],[-46.3,-23.9],[-46.3,-24]],[[-45.1,-23.8],[-45.1,-23.8],[-45.1,-23.8],[-45.1,-23.8]],[[-45.2,-23.8],[-45.2,-24],[-45.4,-23.9],[-45.2,-23.8]],[[-44.1,-23.2],[-44.4,-23.2],[-44.2,-23.1],[-44.1,-23.2]],[[-29.8,-20.5],[-29.8,-20.5],[-29.9,-20.5],[-29.8,-20.5]],[[-30.3,-20.5],[-30.3,-20.5],[-30.3,-20.5],[-30.3,-20.5]],[[-38.9,-13.7],[-39,-13.6],[-38.9,-13.6],[-38.9,-13.7]],[[-38.9,-13.6],[-39,-13.6],[-39,-13.5],[-39,-13.5],[-39,-13.4],[-38.9,-13.4],[-38.9,-13.6]],[[-38.8,-13.1],[-38.6,-12.9],[-38.6,-13],[-38.8,-13.1]],[[-37.1,-11.1],[-37.1,-11.1],[-37,-11],[-37.1,-11.1]],[[-34.9,-7.1],[-34.9,-7.1],[-34.9,-7],[-34.9,-7.1]],[[-34.9,-7],[-34.9,-7],[-34.9,-7],[-34.9,-7]],[[-32.5,-3.9],[-32.4,-3.8],[-32.4,-3.8],[-32.5,-3.9]],[[-44.6,-3],[-44.7,-3],[-44.6,-2.9],[-44.6,-3]],[[-44.6,-3.1],[-44.6,-2.8],[-44.5,-2.7],[-44.6,-3.1]],[[-42.1,-2.8],[-42.2,-2.7],[-42.1,-2.7],[-42.1,-2.8]],[[-43.7,-2.3],[-43.7,-2.4],[-43.6,-2.3],[-43.7,-2.3]],[[-50.9,-1.9],[-51,-2],[-51.1,-1.8],[-50.9,-1.9]],[[-49,-1.8],[-49.2,-1.9],[-49.1,-1.7],[-49,-1.8]],[[-49,-1.8],[-49,-1.7],[-48.9,-1.6],[-49,-1.8]],[[-44.7,-1.6],[-44.7,-1.7],[-44.8,-1.7],[-44.8,-1.6],[-44.7,-1.6],[-44.7,-1.6]],[[-52,-1.6],[-52.2,-1.6],[-52,-1.4],[-51.9,-1.5],[-52,-1.6]],[[-52.4,-1.5],[-52.4,-1.5],[-52.2,-1.4],[-52.4,-1.5]],[[-48.6,-1.5],[-48.7,-1.4],[-48.7,-1.4],[-48.6,-1.5]],[[-48.5,-1.5],[-48.6,-1.4],[-48.6,-1.4],[-48.5,-1.5]],[[-45,-1.4],[-45,-1.3],[-44.9,-1.3],[-45,-1.4]],[[-45.6,-1.3],[-45.7,-1.4],[-45.6,-1.1],[-45.6,-1.3]],[[-48.3,-1.2],[-48.5,-1.2],[-48.4,-1.1],[-48.3,-1.1],[-48.3,-1.2]],[[-46.5,-1],[-46.5,-1],[-46.5,-1],[-46.5,-0.9],[-46.4,-1],[-46.5,-1]],[[-51,-0.9],[-50.9,-0.9],[-51,-0.9],[-51,-1],[-51.1,-1],[-51.2,-1.1],[-51,-0.9]],[[-51.4,-1.2],[-51.4,-1.2],[-51.4,-1.1],[-51.2,-1],[-51.2,-0.8],[-51.2,-1.1],[-51.4,-1.2]],[[-50.9,-0.8],[-50.9,-0.7],[-50.8,-0.7],[-50.9,-0.8]],[[-47.9,-0.7],[-48,-0.7],[-48,-0.7],[-47.9,-0.6],[-47.9,-0.7],[-47.9,-0.7]],[[-47.7,-0.7],[-47.7,-0.7],[-47.7,-0.6],[-47.7,-0.6],[-47.6,-0.6],[-47.7,-0.7]],[[-51.1,-1],[-51.1,-0.7],[-50.8,-0.6],[-51.1,-1]],[[-51.1,-0.7],[-51.1,-0.6],[-51,-0.6],[-51.1,-0.7]],[[-51.9,-1.5],[-52,-1.4],[-51.9,-1.2],[-51.7,-1.1],[-51.6,-0.7],[-51.4,-0.5],[-51.2,-0.5],[-51.1,-0.7],[-51.3,-1],[-51.5,-1.2],[-51.9,-1.5]],[[-51.4,-0.5],[-51.4,-0.5],[-51.2,-0.5],[-51.4,-0.5]],[[-51,-0.6],[-50.9,-0.4],[-50.8,-0.4],[-51,-0.6]],[[-51.1,-0.5],[-51,-0.3],[-50.9,-0.4],[-51.1,-0.5]],[[-50.9,-0.3],[-51,-0.2],[-50.9,-0.3],[-50.9,-0.3]],[[-49.7,-0.2],[-48.4,-0.3],[-48.6,-1.1],[-49.2,-1.6],[-50.6,-1.8],[-50.8,-1.4],[-50.8,-1.2],[-50.6,-1.1],[-50.8,-1],[-50.7,-0.3],[-49.7,-0.2]],[[-50.8,-0.4],[-50.9,-0.4],[-50.7,-0.2],[-50.8,-0.4]],[[-51.4,-0.5],[-51.1,-0.1],[-51.1,-0.3],[-51.4,-0.5]],[[-50.6,-0.1],[-50.9,-0.3],[-51,-0.2],[-50.6,-0.1]],[[-50.9,0],[-50.8,0.1],[-50.7,0],[-50.9,0]],[[-49.5,-0.1],[-49.9,-0.1],[-49.5,0.1],[-49.5,-0.1]],[[-50.5,0],[-50.6,0.2],[-50.5,0.1],[-50.5,0]],[[-49.6,0.2],[-50,-0.1],[-50.4,0.1],[-49.6,0.2]],[[-50.2,0.2],[-50.2,0.3],[-50.1,0.3],[-50.2,0.2]],[[-50.4,0.2],[-50.5,0.2],[-50.4,0.6],[-50.4,0.2]],[[-50.2,0.4],[-50.3,0.5],[-50.1,0.6],[-50.2,0.4]],[[-50,0.9],[-50.3,0.8],[-50.2,0.9],[-50,0.9]],[[-50,0.9],[-50.1,0.9],[-50,0.9],[-50,0.9]],[[-50,0.9],[-50.1,1],[-49.9,1.1],[-50,0.9]],[[-50.4,1.9],[-50.5,2],[-50.4,2.1],[-50.4,1.9]],[[-50.5,2.1],[-50.5,2.2],[-50.4,2.2],[-50.5,2.1]],[[-60.1,5.2],[-60.1,4.5],[-59.7,4.4],[-59.6,3.9],[-60,2.7],[-59.6,1.7],[-58.8,1.2],[-57.3,2],[-56.5,1.9],[-55.9,1.9],[-56,2.5],[-54.6,2.3],[-52.9,2.2],[-51.7,4],[-51.4,4],[-51.5,4.4],[-51.1,3.9],[-50.7,2.2],[-50.4,1.8],[-49.9,1.7],[-50.1,1.2],[-49.9,1.2],[-51.3,-0.1],[-51.7,-0.8],[-51.7,-1],[-51.9,-1.2],[-51.9,-1.3],[-52.1,-1.4],[-52.2,-1.3],[-52.7,-1.6],[-52.2,-1.7],[-51.3,-1.2],[-51,-1],[-51,-0.9],[-51,-0.9],[-50.9,-0.9],[-50.8,-1.4],[-50.7,-1.8],[-51.3,-1.6],[-51.5,-2.3],[-51.3,-1.8],[-50.8,-2.5],[-51,-2.1],[-50.7,-2.2],[-50.7,-1.8],[-49.3,-1.7],[-49.5,-2.6],[-48.7,-1.5],[-48.4,-1.7],[-48.4,-1.5],[-48.2,-1.5],[-48.5,-1.5],[-48.5,-1.3],[-48.3,-1.3],[-48.3,-0.9],[-48.1,-0.7],[-48,-0.8],[-47.7,-0.6],[-47.7,-0.8],[-47.5,-0.6],[-47.4,-0.8],[-47.4,-0.6],[-47,-0.7],[-47,-0.9],[-46.8,-0.7],[-46.6,-1],[-46.6,-1],[-46.5,-1],[-46.4,-1],[-46.2,-1],[-46.3,-1.2],[-46,-1.2],[-46,-1.1],[-45.9,-1.3],[-45.7,-1.2],[-45.7,-1.4],[-45.4,-1.3],[-45.5,-1.5],[-45.3,-1.3],[-45.3,-1.7],[-44.9,-1.4],[-45,-1.6],[-44.8,-1.6],[-44.8,-1.7],[-44.7,-1.8],[-44.5,-1.8],[-44.5,-2],[-44.7,-2.3],[-44.4,-2.3],[-44.6,-2.6],[-44.8,-3.3],[-44.4,-2.9],[-44.4,-2.5],[-44.1,-2.4],[-44.3,-2.8],[-43.3,-2.4],[-41.2,-3],[-40,-2.8],[-37.2,-4.9],[-35.4,-5.2],[-34.8,-7.6],[-35.3,-9.2],[-36.4,-10.5],[-37,-10.9],[-37.2,-10.7],[-38,-12.6],[-38.5,-13],[-38.7,-12.6],[-38.9,-12.7],[-38.7,-12.9],[-39,-13.4],[-39.1,-13.4],[-39.1,-13.5],[-39,-13.7],[-39,-14.2],[-38.9,-13.9],[-39.1,-14.6],[-38.9,-15.9],[-39.2,-17.1],[-39.1,-17.7],[-39.6,-18.2],[-39.8,-19.6],[-41,-21.2],[-41,-22],[-41.8,-22.3],[-42,-22.9],[-43.1,-23],[-43.1,-22.7],[-43.2,-23],[-44.7,-23],[-44.6,-23.4],[-45.4,-23.8],[-46.4,-23.9],[-48,-25],[-48.2,-25.5],[-48.1,-25.3],[-48.7,-25.4],[-48.4,-25.6],[-48.8,-25.9],[-48.6,-26.2],[-48.8,-26.1],[-48.5,-27.2],[-48.8,-28.5],[-49.8,-29.4],[-50.7,-31.1],[-52.1,-32.2],[-52.1,-31.8],[-51.3,-31.5],[-50.6,-30.5],[-50.6,-30.2],[-50.9,-30.4],[-51.3,-30],[-51.3,-30.8],[-52,-31.3],[-52.6,-33.1],[-53.4,-33.7],[-53.5,-33.1],[-53.1,-32.7],[-53.9,-32],[-55.6,-30.8],[-56,-31.1],[-56.8,-30.1],[-57.6,-30.2],[-55.8,-28.2],[-53.8,-27.1],[-53.9,-25.7],[-54.6,-25.6],[-54.3,-24.7],[-54.4,-23.9],[-55.4,-24],[-55.8,-22.3],[-58,-22.1],[-57.8,-21],[-58.2,-20.2],[-57.8,-20],[-58.1,-19.7],[-57.5,-18.2],[-57.7,-17.6],[-58.4,-17.2],[-58.3,-16.3],[-60.2,-16.3],[-60.6,-15.1],[-60.3,-15.1],[-60.5,-13.8],[-61,-13.5],[-61.8,-13.5],[-63.1,-12.7],[-64.4,-12.5],[-65,-12],[-65.4,-11.3],[-65.4,-9.7],[-66.6,-9.9],[-68.6,-11.1],[-69.6,-11],[-70.6,-11],[-70.5,-9.4],[-71.3,-10],[-72.1,-10],[-72.4,-9.5],[-73.2,-9.4],[-73,-9],[-74,-7.5],[-73.7,-6.9],[-73.1,-6.4],[-72.9,-5.1],[-70.8,-4.1],[-70,-4.2],[-69.4,-1.3],[-69.6,-0.5],[-70.1,-0.2],[-70,0.6],[-69.1,0.6],[-69.3,1],[-69.8,1.1],[-69.8,1.7],[-68.2,1.7],[-68.2,2],[-67.9,1.7],[-67.4,2.1],[-67.1,1.2],[-66.9,1.2],[-66.3,0.8],[-65.6,1],[-65.5,0.6],[-63.4,2.2],[-63.4,2.4],[-64,2.5],[-64.2,3.6],[-64.8,4.3],[-64,3.9],[-63.3,4],[-62.9,3.6],[-62.7,4],[-61,4.5],[-60.6,4.9],[-60.7,5.2],[-60.1,5.2]]]},"properties":{"iso2":"BR","name":"Brazil"}},{"type":"Feature","geometry":{"type":"Polygon","coordinates":[[[27.9,42.8],[27.4,42.5],[28,42],[27.4,42],[26.4,41.7],[26.3,41.7],[26.1,41.7],[26.1,41.4],[25.3,41.2],[24.3,41.6],[22.9,41.3],[23,41.8],[22.4,42.3],[22.4,42.8],[23,43.2],[22.4,43.8],[22.7,44.2],[23,44.1],[22.9,43.8],[24.2,43.7],[25.4,43.6],[27,44.1],[28.6,43.7],[27.9,42.8]]]},"properties":{"iso2":"BG","name":"Bulgaria"}},{"type":"Feature","geometry":{"type":"Polygon","coordinates":[[[115.2,4.8],[115.3,4.3],[115,4.8],[115.1,4.9],[115.2,4.8]],[[115,4.9],[115,4.9],[114.6,4],[114.1,4.6],[115,4.9]]]},"properties":{"iso2":"BN","name":"Brunei"}},{"type":"Feature","geometry":{"type":"Polygon","coordinates":[[[-53.8,48.5],[-53,48.6],[-53.9,48.2],[-53.6,48.1],[-53.9,47.8],[-53.6,47.5],[-53.3,48],[-52.8,48.1],[-53.3,47.6],[-53.1,47.4],[-52.8,47.8],[-52.6,47.5],[-53.1,46.6],[-53.6,46.6],[-53.6,47.2],[-54.2,46.8],[-53.9,47.4],[-54.2,47.9],[-54.5,47.4],[-54.4,47.6],[-55.7,46.9],[-56,47],[-54.8,47.6],[-54.9,47.8],[-55.6,47.4],[-56.2,47.5],[-55.6,47.7],[-55.9,47.7],[-55.8,48],[-56.8,47.5],[-59.1,47.6],[-59.4,47.9],[-58.4,48.5],[-59.3,48.5],[-58.8,48.8],[-59,48.6],[-58.7,48.6],[-58.4,49.1],[-57.9,49],[-58.2,49.4],[-57.7,49.5],[-57.9,49.7],[-57.1,50.6],[-57.4,50.7],[-55.9,51.6],[-55.4,51.6],[-56.1,51.4],[-55.7,51.1],[-56.2,50.9],[-56.8,49.5],[-56.2,50.2],[-55.5,50],[-56.1,49.4],[-55.3,49.3],[-55.1,49.5],[-55.4,49],[-55.1,49.4],[-54.8,49.3],[-54.5,49.5],[-54.5,49.3],[-53.8,49.4],[-53.5,49.2],[-54.1,48.8],[-53.6,48.7],[-54,48.5],[-53.8,48.5]],[[-53.8,48.5],[-54.1,48.4],[-54.1,48.4],[-53.8,48.5]],[[-56.8,49.8],[-56.8,49.8],[-56.8,49.8],[-56.8,49.8]],[[-56,51.2],[-56,51.2],[-56,51.2],[-56,51.2]],[[-58.3,49.1],[-58.3,49.1],[-58.4,49.1],[-58.3,49.1]],[[-134.3,68.7],[-134.6,69.1],[-130.5,70.2],[-129.4,70.1],[-130.9,69.6],[-131.1,69.6],[-132,69.5],[-133.5,68.8],[-132.5,68.8],[-132.9,69.1],[-131.7,69.5],[-131.3,69.3],[-131.2,69.4],[-131.3,69.6],[-131.1,69.5],[-131.1,69.4],[-131.1,69.5],[-131.2,69.6],[-131.1,69.6],[-131,69.5],[-131.1,69.3],[-131,69.5],[-130.9,69.1],[-130.4,69.7],[-128.9,70],[-129.2,69.8],[-128.9,69.7],[-127.5,70.2],[-128.2,70.4],[-128,70.6],[-125.4,69.3],[-125.1,69.4],[-125.6,69.4],[-125.1,69.5],[-125.4,69.7],[-124.8,69.7],[-125.3,69.8],[-124.8,70],[-125.2,70],[-124.4,70.2],[-124.5,69.7],[-124,69.7],[-124.4,69.4],[-123.5,69.4],[-123,69.8],[-121.7,69.8],[-117.2,68.9],[-115.6,69],[-114.1,68.5],[-114,68.2],[-115.5,67.9],[-115.1,67.8],[-112.4,67.7],[-111,67.8],[-110.1,68],[-109.1,67.7],[-108.8,67.3],[-108.7,67.6],[-108.5,67.3],[-108.4,67.4],[-108,67.3],[-107.9,67],[-108.6,67.1],[-107.2,66.3],[-107.7,66.9],[-107.1,66.8],[-108,67.7],[-107.7,67.9],[-107.9,68.1],[-106.4,68.2],[-106.5,68.3],[-105.7,68.4],[-105.6,68.6],[-106.5,68.5],[-106.5,68.3],[-106.8,68.4],[-107.9,68.3],[-107.6,68.2],[-108.8,68.3],[-108.3,68.6],[-106.2,68.9],[-105.5,68.7],[-105.4,68.5],[-105.5,68.4],[-104.6,68.2],[-104.7,68.1],[-104.5,68],[-103.4,68.2],[-102.3,67.7],[-98.4,67.8],[-98.6,68.1],[-98.1,67.8],[-97.5,67.6],[-97.1,67.8],[-97.7,68],[-98,67.9],[-98.1,67.8],[-98.6,68.1],[-98.3,68.2],[-98.7,68.4],[-96.4,68.3],[-96.7,68],[-96,68.3],[-96.5,67.5],[-96.1,67.5],[-96.1,67.2],[-95.6,67.4],[-95.8,67.2],[-95.3,67],[-95.9,66.9],[-95.2,67],[-95.2,67.3],[-95.7,67.7],[-95.5,68.1],[-94.7,68.1],[-93.6,68.6],[-93.7,69],[-94.6,68.8],[-94.1,69.1],[-94.3,69.3],[-93.4,69.4],[-96,69.8],[-96.5,70.1],[-96.2,70.6],[-95.8,70.5],[-96.6,70.8],[-96.4,71.1],[-96.6,71.1],[-96.5,71.2],[-96.5,71.3],[-96.5,71.3],[-95.5,71.3],[-95.9,71.6],[-94.6,71.9],[-95.2,71.9],[-93.7,71.8],[-93,71.3],[-93,70.9],[-91.5,70.2],[-92.3,70.2],[-92.5,70.1],[-91.9,70],[-92.9,69.7],[-90.3,69.5],[-91.4,69.4],[-90.4,68.9],[-90.6,68.4],[-90.3,68.2],[-89.3,69.3],[-88.1,68.8],[-87.8,68.3],[-88.4,68.3],[-88.4,68],[-87.4,67.3],[-87.5,67.1],[-86.5,67.4],[-85.7,68.7],[-84.8,68.7],[-85.2,68.9],[-84.5,69],[-85.5,69.3],[-85.3,69.8],[-85.6,69.9],[-85.1,69.8],[-84.4,69.9],[-83.7,69.7],[-82.3,69.6],[-83.2,69.5],[-81.3,69.2],[-82.1,68.9],[-81.3,68.6],[-82.6,68.5],[-81.2,67.5],[-81.5,67],[-83.4,66.3],[-84,66.6],[-83.9,66.9],[-84.1,66.7],[-84.4,66.8],[-84.4,67],[-84.9,67.1],[-84.6,67],[-85.2,66.9],[-84.6,66.9],[-84.7,66.9],[-84.5,66.8],[-84.7,66.8],[-84.5,66.8],[-84.4,66.7],[-84.1,66.7],[-83.7,66.2],[-86.8,66.5],[-85.9,66.2],[-87.4,65.3],[-89.7,65.9],[-91.4,66],[-86.9,65.1],[-88.1,64.1],[-90.1,64.1],[-89.8,63.9],[-90.3,64],[-90,63.8],[-90.2,63.6],[-92.5,63.8],[-92.1,63.7],[-92.5,63.5],[-91.8,63.7],[-90.7,63.4],[-90.6,63.1],[-92.4,62.8],[-91.9,62.6],[-92.7,62.5],[-92.5,62.1],[-93.1,62.3],[-92.8,62.2],[-93.6,61.9],[-93.2,61.8],[-94,61.5],[-94.7,60.5],[-94.8,59.6],[-94.8,59.1],[-94.2,58.8],[-94.4,58.2],[-94.1,58.8],[-93.2,58.7],[-92.4,57.3],[-92.9,56.9],[-90.8,57.3],[-85.7,55.6],[-85.1,55.3],[-85.4,55],[-85,55.3],[-82.3,55.1],[-82.3,53],[-81.5,52.4],[-81.9,52.2],[-81,52],[-80.4,51.5],[-81,51],[-80.1,51.3],[-79.3,50.7],[-79.8,51.2],[-79.3,51.7],[-78.9,51.2],[-79,51.8],[-78.5,52.5],[-79.1,53.5],[-79,54.2],[-79.8,54.7],[-77.7,55.3],[-77.1,55.7],[-76.5,56.3],[-76.5,57.1],[-76.9,57.7],[-78.6,58.6],[-78.6,59],[-77.7,59.4],[-77.9,59.4],[-77.8,59.7],[-77.3,59.6],[-77.4,59.9],[-76.8,60.2],[-77.6,60.1],[-77.7,60.4],[-77.4,60.5],[-77.8,60.6],[-77.5,60.8],[-78.2,60.8],[-77.5,61.5],[-78,61.7],[-78.2,62.3],[-77.5,62.6],[-74.6,62.1],[-74.8,62.2],[-73.7,62.5],[-72,61.7],[-72.3,61.6],[-71.6,61.6],[-71.9,61.4],[-71.4,61.1],[-70.1,61.1],[-69.9,60.8],[-69.5,61.1],[-69.4,60.8],[-69.8,60.5],[-69.6,60.1],[-70.9,60.1],[-69.6,59.8],[-69.8,59.3],[-69.2,59.2],[-69.5,59.2],[-69.5,58.8],[-69.9,59.1],[-69.8,58.8],[-70.2,58.8],[-69.8,58.6],[-69.3,58.9],[-68.4,58.8],[-68.3,58.1],[-69.4,57.8],[-68.4,58],[-68,58.6],[-67.9,58.5],[-67.9,58.3],[-68.1,58.1],[-67.8,58.3],[-67.8,58.4],[-67.7,58.5],[-67.7,57.9],[-66.4,58.9],[-65.9,58.6],[-66.1,58.3],[-65.9,58.6],[-66.1,58.8],[-65.8,58.9],[-66,58.9],[-65.3,59],[-65.7,59.2],[-65.4,59.3],[-65.6,59.5],[-65,59.4],[-65.5,59.7],[-65,59.8],[-65.2,59.9],[-64.9,60.4],[-64.5,60.3],[-64.8,60],[-64.2,60],[-64.3,59.8],[-64.1,59.6],[-64.1,59.5],[-63.7,59.5],[-64.1,59.4],[-63.4,59.2],[-64,59],[-63.1,59.1],[-63.3,58.9],[-62.8,58.7],[-63.6,58.3],[-62.6,58.5],[-62.8,58.3],[-62.6,58.2],[-63.3,58],[-62.5,58.2],[-62.3,58],[-62.7,57.9],[-62.1,58],[-62.1,57.9],[-62.1,57.8],[-62.1,57.8],[-61.9,57.6],[-62.5,57.5],[-61.4,57.1],[-61.9,56.8],[-61.7,56.6],[-62.6,56.8],[-61.7,56.5],[-62.1,56.4],[-61.7,56.3],[-62,56.2],[-61.4,56.2],[-61.5,56.1],[-61.2,56],[-61.5,56],[-61.1,56],[-61.1,55.9],[-61.2,55.9],[-61.1,55.8],[-60.7,55.8],[-60.9,55.7],[-60.6,55.8],[-60.7,55.6],[-60.3,55.8],[-60.5,55.3],[-60.2,55.4],[-60.7,55],[-59.8,55.3],[-60,55.1],[-59.4,55.1],[-59.9,54.7],[-59.2,55.2],[-59.4,55],[-59,55.2],[-58.9,54.8],[-57.3,54.6],[-59.6,54],[-58.4,54.2],[-60.1,53.5],[-60.9,53.8],[-60.1,53.5],[-60.4,53.3],[-57.8,54.1],[-58.4,54.1],[-58.2,54.2],[-57.4,54.2],[-57.1,53.8],[-57.5,53.6],[-57.3,53.4],[-56.5,53.8],[-56.7,53.7],[-55.8,53.3],[-56.2,53],[-55.8,52.6],[-56.5,52.6],[-55.6,52.4],[-56.2,52.4],[-55.7,52.1],[-56.9,51.4],[-58.6,51.3],[-60,50.2],[-66.5,50.3],[-67.4,49.3],[-69.1,48.8],[-71.3,46.7],[-68.2,48.6],[-66.3,49.2],[-65,49.2],[-64.2,48.9],[-64.5,48.9],[-64.2,48.5],[-65.3,48],[-65.9,48.2],[-66.8,48],[-66.4,48.1],[-65.6,47.6],[-64.8,47.8],[-65.4,47.1],[-64.8,47.1],[-64.5,46.2],[-62.5,45.6],[-61.9,45.9],[-61.3,45.5],[-61.5,45.3],[-61,45.3],[-63.7,44.7],[-63.6,44.4],[-64.2,44.6],[-65.5,43.5],[-66.2,43.9],[-65.8,44.6],[-66.2,44.4],[-64.5,45.3],[-64.2,45],[-63.4,45.4],[-64.9,45.3],[-64.3,45.8],[-64.7,46.1],[-64.8,45.6],[-65.9,45.2],[-66,45.5],[-66.4,45.1],[-67.2,45.2],[-67.8,45.7],[-67.8,47.1],[-69.2,47.5],[-70.9,45.2],[-75,45],[-76.8,43.6],[-78.7,43.6],[-79.2,43.5],[-79,42.8],[-82.7,41.7],[-83.2,42],[-82.5,42.6],[-82.1,43.6],[-82.5,45.4],[-83.6,45.8],[-83.6,46.1],[-84,46.1],[-84.1,46.5],[-84.6,46.5],[-84.9,46.9],[-88.4,48.3],[-89.4,48],[-90.9,48.2],[-91.4,48],[-93,48.6],[-94.6,48.7],[-95.1,49.4],[-95.2,49],[-122.8,49],[-123,49],[-123.1,49],[-123.2,49.3],[-122.9,49.4],[-123.2,49.3],[-123.2,49.7],[-123.5,49.5],[-123.5,49.4],[-124.1,49.6],[-123.5,49.7],[-123.9,49.8],[-123.8,50.2],[-123.9,49.8],[-124.4,49.8],[-124.8,50.1],[-124.7,50],[-124.6,50.2],[-124.7,50.3],[-124.3,50.5],[-125.1,50.3],[-124.8,50.9],[-125.1,50.4],[-125.5,50.5],[-125.4,50.7],[-125.7,50.4],[-126.3,50.6],[-125.6,50.8],[-125.6,51.1],[-125.7,50.7],[-126.1,50.7],[-126.2,50.9],[-126.6,50.8],[-126.2,51],[-127.5,51],[-126.7,51.2],[-127.8,51.2],[-127.1,51.3],[-127.8,51.3],[-127.5,51.6],[-126.6,51.7],[-127.4,51.7],[-127.4,51.9],[-127.7,51.5],[-127.9,51.7],[-127.2,52.3],[-126.7,52],[-126.9,52.3],[-126.7,52.4],[-127.2,52.4],[-127,52.8],[-127.6,52.3],[-128,52.3],[-127.9,52.6],[-128.4,52.3],[-128.2,52.5],[-128.1,52.9],[-128.4,52.8],[-128.5,53.1],[-128.9,53.3],[-128.9,53.4],[-129,53.6],[-127.9,53.2],[-128.8,53.6],[-128.5,53.8],[-128.6,54],[-129.2,53.6],[-129.3,53.4],[-130.1,53.9],[-130,54.2],[-129.5,54.2],[-130.5,54.4],[-130.4,54.6],[-130,54.3],[-130.4,54.7],[-129.9,54.6],[-130.2,54.8],[-129.6,55],[-130,55],[-129.5,55.5],[-129.8,55.6],[-129.8,55.3],[-130.1,55],[-129.9,55.3],[-130.1,55.7],[-130,55.9],[-131.8,56.6],[-133.4,58.5],[-135.5,59.8],[-137.5,58.9],[-137.6,59.2],[-139.2,60.1],[-139.1,60.4],[-141,60.3],[-141,69.6],[-139.1,69.5],[-138.6,69.2],[-135.4,68.7],[-135.1,68.7],[-135.5,68.8],[-135.3,68.8],[-135.6,68.9],[-135.2,68.9],[-135.2,68.9],[-135,68.9],[-134.8,68.9],[-134.5,68.8],[-134.3,68.7],[-134.2,68.7],[-134.3,68.7]],[[-95.9,66.9],[-96.5,67.1],[-95.6,66.7],[-95.9,66.9]],[[-89,65.4],[-89,65.4],[-89.1,65.4],[-89,65.4]],[[-93.5,63.8],[-92.5,63.8],[-93.8,64.2],[-93.5,63.8]],[[-70.8,48.4],[-69.8,48.2],[-71,48.4],[-70.8,48.4]],[[-71.1,46.9],[-70.9,46.9],[-70.8,47],[-71.1,46.9]],[[-77.7,58.2],[-77.8,58.3],[-78,58.3],[-77.7,58.2]],[[-91.3,63.6],[-91.5,63.6],[-91.4,63.6],[-91.3,63.6]],[[-84.8,68.8],[-84.9,68.8],[-84.9,68.8],[-84.8,68.8]],[[-73.4,68.3],[-73.9,68.3],[-73.8,68.7],[-74.1,68.7],[-74,68.5],[-74.9,68.8],[-74.8,69.1],[-76.7,68.7],[-76.6,69],[-75.6,69.2],[-76.6,69.6],[-76.2,69.7],[-77.2,69.6],[-76.8,69.7],[-77.3,69.8],[-77,69.9],[-77.6,69.7],[-77.7,70.2],[-78.4,70.2],[-79.1,70.5],[-78.7,70.5],[-79,70.7],[-79.6,70.4],[-78.9,70.3],[-78.8,69.9],[-81.8,70.1],[-81,69.7],[-82.1,70.1],[-83,70.3],[-81.7,69.9],[-82.1,69.8],[-83.1,70],[-85.7,70.1],[-85.9,70.1],[-85.2,70],[-85.8,70],[-86.6,70.2],[-86.4,70.5],[-87.9,70.2],[-89.5,71.1],[-87,71],[-89.8,71.3],[-90,72],[-89.6,72.2],[-90,72.3],[-89.2,73.1],[-88.4,73.5],[-85.1,73.8],[-84.8,73.7],[-86.7,72.7],[-86.2,72.4],[-86.4,72],[-84.8,71.3],[-86.8,71],[-85,71.2],[-85.1,71.1],[-84.8,70.9],[-84.6,71.7],[-86.1,72],[-85.5,72.3],[-84.2,72],[-84.9,72.3],[-84.4,72.4],[-85.5,72.5],[-85.7,72.9],[-84,72.8],[-85.4,73.1],[-83.6,73],[-85.2,73.2],[-81.6,73.7],[-80.2,72.7],[-81.4,72.2],[-80.5,72.5],[-80.9,72.2],[-80.6,72.1],[-81.1,72.1],[-80.8,72],[-81,71.9],[-80.4,72],[-80.5,72.2],[-80.3,72.3],[-79.7,72.1],[-80.2,72.3],[-79.8,72.5],[-79.7,72.2],[-79,72.3],[-79.2,72],[-78.5,71.9],[-78.9,72.2],[-77.8,71.8],[-78.9,72.2],[-77,72.1],[-78.6,72.4],[-77.6,72.8],[-75.2,72.5],[-74.9,72.2],[-76.3,71.9],[-75.2,72.1],[-76.1,71.7],[-75,72.1],[-74.1,72],[-75.4,71.7],[-74.6,71.7],[-75.2,71.5],[-74.7,71.4],[-75.1,71.2],[-73.7,71.8],[-74.2,71.2],[-73.6,71.6],[-73.4,71.4],[-73.9,71.1],[-73,71.3],[-73.4,71],[-72.5,71.7],[-71.1,71.3],[-72.7,70.8],[-72.2,70.8],[-72.6,70.6],[-70.6,71.1],[-70.7,70.7],[-71.8,70.4],[-71.2,70.5],[-71.5,70],[-71,70.6],[-69.9,70.9],[-70.5,70.5],[-69.5,70.8],[-68.3,70.6],[-70.5,69.8],[-68.6,70.1],[-70,69.6],[-67.8,70.3],[-67.1,69.7],[-68,69.8],[-68.3,69.6],[-70,69.5],[-66.8,69.3],[-66.8,69.1],[-69,69.4],[-69.3,69.3],[-68.1,69.2],[-69,69.2],[-68.5,69.2],[-69,69],[-68.2,69.1],[-67.7,69],[-68.6,69],[-67.8,68.8],[-69.4,68.9],[-67.6,68.4],[-66.7,68.4],[-67.9,68.3],[-67.2,68.4],[-67,68.3],[-67.6,68.2],[-67,68.3],[-66.8,68.2],[-66.9,68],[-66.7,68.1],[-66.7,68],[-66.5,68.1],[-66.2,68],[-66.7,67.9],[-66.4,67.8],[-65.9,68.2],[-66,67.6],[-65.8,68],[-65.4,68],[-65.6,67.8],[-65.3,67.6],[-65.4,67.9],[-64.7,68],[-65.2,67.6],[-64.5,67.8],[-64,67.5],[-64.4,67.5],[-63.9,67.3],[-64.8,67.4],[-64,67.3],[-64.7,67],[-63.5,67.2],[-63.8,67],[-63.1,67.3],[-63.2,67],[-63.8,66.8],[-62.8,67],[-62.9,66.6],[-62.1,67.1],[-61.3,66.6],[-62.1,66.6],[-61.5,66.4],[-61.9,66.3],[-62.9,66.3],[-62,66],[-63,66.1],[-62.3,65.8],[-63.7,65.7],[-63.3,65.6],[-63.7,65.5],[-63.3,65.3],[-63.5,64.9],[-64.4,65.2],[-64.2,65.4],[-64.6,65.1],[-64.9,65.3],[-64.4,65.5],[-65.1,65.4],[-64.7,65.7],[-65.3,65.6],[-64.8,65.7],[-65.5,65.7],[-64.4,66.3],[-65.9,66],[-65.5,66.4],[-66.1,66.1],[-67,66.6],[-67.7,66.6],[-67.1,66.4],[-67.3,66.3],[-68,66.5],[-67.2,65.9],[-67.8,65.9],[-67.9,65.9],[-68,66],[-68,66.1],[-68.2,66.2],[-68.9,66.2],[-68.4,66.2],[-68.2,66.1],[-68.2,66.1],[-68.2,66.1],[-68,66.1],[-68.1,66],[-68.1,66],[-68.3,66],[-68.3,65.9],[-67.8,65.8],[-68,65.5],[-67.3,65.6],[-67.5,65.5],[-67.1,65.4],[-67.4,65.3],[-66.9,65.2],[-67.1,65.1],[-66.7,65.2],[-66.7,64.8],[-66.7,65],[-66.2,64.7],[-65.7,64.8],[-65.7,64.5],[-65.1,64.4],[-65.7,64.3],[-65,64.1],[-65.2,64],[-64.7,64],[-65,63.8],[-64.5,63.7],[-64.5,63.2],[-65.3,63.8],[-64.6,62.9],[-65.3,63],[-64.9,62.6],[-65.2,62.6],[-65.8,63],[-66.4,63],[-66.6,63.4],[-66.5,63],[-67.9,63.8],[-67.7,63.4],[-68.5,63.7],[-69,63.8],[-68.1,63.2],[-67.6,63.1],[-67.8,63],[-67.6,63],[-67.7,62.9],[-67.4,63],[-66.4,62.4],[-66.5,62.3],[-66,62.2],[-66.1,62.1],[-65.9,61.9],[-66.1,61.9],[-71.2,63],[-70.9,63.2],[-71.4,63.1],[-72.1,63.4],[-71.2,63.6],[-71.6,63.6],[-71.6,63.7],[-71.9,63.8],[-71.9,63.6],[-72.3,63.7],[-72.2,64],[-72.5,63.8],[-72.7,64.1],[-72.7,64],[-72.9,64.2],[-73.4,64.3],[-73.3,64.7],[-73.5,64.5],[-73.5,64.6],[-73.9,64.6],[-73.8,64.5],[-74.1,64.3],[-74.1,64.7],[-74.4,64.6],[-74.6,64.9],[-75,64.8],[-74.5,64.6],[-74.7,64.4],[-75.8,64.6],[-75.7,64.4],[-76.7,64.2],[-78.2,64.6],[-78.1,65],[-77.3,65.2],[-77.4,65.5],[-75.8,65.2],[-75.4,65],[-75.7,64.9],[-75.4,64.7],[-75.6,64.9],[-75.2,65.1],[-76,65.3],[-73.5,65.5],[-74.5,66.2],[-72.3,67.2],[-73.4,68.3]],[[-73.4,68.3],[-73.2,68.4],[-73.3,68.4],[-73.4,68.3]],[[-53.7,48.1],[-53.9,48.2],[-53.5,48.2],[-53.7,48.1]],[[-54.7,49.4],[-54.8,49.4],[-54.7,49.5],[-54.6,49.5],[-54.7,49.4]],[[-54.1,47.5],[-54.1,47.5],[-54.1,47.7],[-54.1,47.5]],[[-54.3,47.4],[-54.4,47.4],[-54.1,47.7],[-54.3,47.4]],[[-55.4,51.9],[-55.4,51.9],[-55.3,52],[-55.4,51.9]],[[-54.6,49.6],[-54.9,49.6],[-54.5,49.7],[-54.6,49.6]],[[-54,49.6],[-54.3,49.6],[-54.1,49.8],[-54,49.6]],[[-55.6,50.7],[-55.6,50.8],[-55.5,50.8],[-55.6,50.7]],[[-55.6,50.9],[-55.6,51],[-55.5,51],[-55.6,50.9]],[[-76.6,57.1],[-76.7,57.2],[-76.7,57.2],[-76.6,57.1]],[[-61.6,57.3],[-61.8,57.3],[-61.7,57.4],[-61.6,57.3]],[[-61.2,56.6],[-61.2,56.7],[-61.1,56.7],[-61.2,56.6]],[[-79.1,56.6],[-79.3,56.7],[-79.2,56.7],[-79.1,56.6]],[[-79.6,56.6],[-79.6,56.8],[-79.5,56.7],[-79.6,56.6]],[[-61.4,56.9],[-61.4,56.6],[-61.6,56.7],[-61.4,56.9]],[[-79.9,56.7],[-80,56.8],[-79.8,56.8],[-79.9,56.7]],[[-79.8,56.9],[-79.8,56.8],[-79.8,56.9],[-79.9,56.9],[-79.8,56.9]],[[-76.7,57.3],[-76.8,57.4],[-76.7,57.4],[-76.7,57.3]],[[-61.7,57.4],[-61.9,57.4],[-61.6,57.5],[-61.7,57.4]],[[-61.9,57.5],[-62,57.5],[-61.8,57.6],[-61.9,57.5]],[[-79.8,57.4],[-79.8,57.5],[-79.7,57.6],[-79.8,57.4]],[[-61.7,57.7],[-61.9,57.8],[-61.7,57.8],[-61.7,57.7]],[[-61.9,57.8],[-62.1,57.8],[-62,57.9],[-61.9,57.9],[-61.9,57.8]],[[-67.6,58.3],[-67.7,58.3],[-67.6,58.4],[-67.5,58.3],[-67.6,58.3]],[[-78.5,58.5],[-78.7,58.6],[-78.7,58.7],[-78.5,58.5]],[[-69.2,59.1],[-69.4,58.9],[-69.4,59.1],[-69.2,59.1]],[[-80.5,59.4],[-80.5,59.4],[-80.5,59.5],[-80.5,59.4]],[[-80.3,59.6],[-80.3,59.6],[-80.1,59.7],[-80.3,59.6]],[[-64,59.7],[-64.2,59.7],[-64.1,59.9],[-64,59.7]],[[-80.1,59.8],[-80.2,59.8],[-79.9,59.9],[-80.1,59.8]],[[-64.7,60.6],[-64.7,60.6],[-64.6,60.7],[-64.7,60.6]],[[-78.7,60.7],[-78.6,60.8],[-78.2,60.8],[-78.7,60.7]],[[-70,60.9],[-70,61],[-69.9,61],[-70,60.9]],[[-64.4,60.4],[-64.4,60.3],[-64.9,60.5],[-64.4,60.4]],[[-68.3,60.2],[-68.1,60.6],[-67.8,60.5],[-68.3,60.2]],[[-64.7,61.5],[-64.9,61.3],[-65.5,61.6],[-64.7,61.5]],[[-65.7,61.8],[-65.9,61.8],[-65.8,61.9],[-65.7,61.8]],[[-65.6,43.4],[-65.6,43.5],[-65.6,43.5],[-65.6,43.4]],[[-59.8,43.9],[-60.1,43.9],[-59.7,44],[-59.8,43.9]],[[-66.3,44.3],[-66.3,44.3],[-66.2,44.4],[-66.3,44.3]],[[-66.9,44.6],[-66.8,44.8],[-66.7,44.7],[-66.9,44.6]],[[-61,45.5],[-61.1,45.5],[-60.9,45.6],[-61,45.5]],[[-61.2,45.6],[-61.2,45.6],[-61.2,45.6],[-61.2,45.6]],[[-63.2,46.4],[-63.3,46.5],[-63.2,46.4],[-63.2,46.4]],[[-123.5,48.7],[-123.6,48.9],[-123.4,48.8],[-123.5,48.7]],[[-123.3,48.9],[-123.5,48.9],[-123.7,49.1],[-123.3,48.9]],[[-125.8,49.1],[-125.9,49.2],[-125.8,49.2],[-125.8,49.1]],[[-126.1,49.4],[-126.1,49.3],[-126.2,49.3],[-126.1,49.4]],[[-123.4,49.3],[-123.4,49.4],[-123.3,49.4],[-123.4,49.3]],[[-55.9,47.3],[-56,47.3],[-55.9,47.3],[-55.9,47.3]],[[-64.5,47.9],[-64.7,47.8],[-64.7,47.9],[-64.5,47.9]],[[-64.6,47.9],[-64.5,48],[-64.5,48],[-64.6,47.9]],[[-61.4,47.6],[-62,47.2],[-61.9,47.4],[-61.4,47.6]],[[-55.9,47.6],[-56.1,47.6],[-55.9,47.7],[-55.9,47.6]],[[-60.4,46.9],[-60.6,46.2],[-60.4,46.3],[-61.1,45.7],[-60.4,46],[-60.8,45.9],[-60.3,46.3],[-59.8,45.9],[-61.3,45.6],[-61.4,46.1],[-60.6,47],[-60.4,46.9]],[[-64,46.7],[-63.7,46.4],[-63.6,46.6],[-63.2,46.4],[-62,46.5],[-62.8,46],[-63,46.3],[-63.6,46.2],[-64.4,46.7],[-64,47],[-64,46.7]],[[-124.7,49.5],[-124.8,49.5],[-124.8,49.6],[-124.7,49.5]],[[-124.2,49.4],[-124.4,49.5],[-124.2,49.5],[-124.2,49.4]],[[-123.3,49.4],[-123.5,49.5],[-123.4,49.5],[-123.4,49.5],[-123.3,49.4]],[[-62.1,49.4],[-61.7,49.1],[-63.1,49.2],[-64.5,49.9],[-62.1,49.4]],[[-55.7,49.5],[-55.7,49.6],[-55.7,49.6],[-55.7,49.5]],[[-127.2,50.6],[-125.4,50.3],[-124.8,49.5],[-123.7,49.1],[-123.9,49.1],[-123.3,48.4],[-125.1,48.7],[-124.8,49.2],[-125.5,48.9],[-125.9,49.4],[-126.5,49.4],[-126.1,49.7],[-126.6,49.7],[-126.7,49.9],[-126.8,49.9],[-127.1,49.9],[-127.2,50],[-127.2,50.1],[-127.9,50.1],[-127.9,50.5],[-127.4,50.4],[-127.4,50.6],[-128.1,50.4],[-128.4,50.8],[-127.2,50.6]],[[-55.7,49.6],[-55.7,49.6],[-55.6,49.6],[-55.7,49.6]],[[-126.7,49.6],[-126.9,49.8],[-126.8,49.9],[-126.7,49.8],[-126.6,49.6],[-126.7,49.6]],[[-124.4,49.7],[-124.1,49.5],[-124.7,49.8],[-124.4,49.7]],[[-124.1,49.7],[-124.2,49.7],[-124,49.8],[-124.1,49.7]],[[-125.8,50.4],[-126,50.4],[-125.7,50.4],[-125.8,50.4]],[[-125.4,50.4],[-125.5,50.4],[-125.3,50.4],[-125.4,50.4]],[[-125.5,50.4],[-125.8,50.4],[-125.5,50.4],[-125.5,50.4]],[[-125.2,50],[-125.3,50.3],[-125.3,50.3],[-125.2,50.2],[-125.2,50]],[[-124.9,50.1],[-125.1,50.1],[-125,50.2],[-124.9,50.1]],[[-124.8,50.1],[-124.9,50.3],[-124.8,50.2],[-124.8,50.1]],[[-63.9,50.2],[-63.9,50.2],[-63.9,50.2],[-63.9,50.2]],[[-124.7,50.3],[-124.7,50.3],[-124.7,50.2],[-124.8,50.2],[-124.7,50.3]],[[-125.2,50.4],[-125.1,50.1],[-125.2,50.2],[-125.2,50.3],[-125.4,50.3],[-125.2,50.4]],[[-127.7,50.8],[-127.8,50.9],[-127.7,50.9],[-127.7,50.8]],[[-126.6,50.7],[-126.7,50.8],[-126.5,50.8],[-126.6,50.7]],[[-126.7,50.8],[-126.9,50.8],[-126.6,50.8],[-126.7,50.8]],[[-58.4,51.2],[-58.6,51.2],[-58.4,51.3],[-58.4,51.2]],[[-127.9,51.4],[-128.1,51.7],[-128,51.7],[-127.9,51.4]],[[-126.2,50.6],[-126.6,50.5],[-126.3,50.6],[-126.2,50.6]],[[-59.3,50.5],[-59.4,50.7],[-59.3,50.6],[-59.3,50.5]],[[-126.5,50.6],[-126.6,50.6],[-126.4,50.6],[-126.5,50.6]],[[-126.9,50.7],[-126.8,50.6],[-127.1,50.6],[-126.9,50.7]],[[-126.3,50.7],[-126.6,50.7],[-126.3,50.8],[-126.3,50.7]],[[-131.5,52.6],[-131.7,52.7],[-131.5,52.7],[-131.5,52.6]],[[-131.6,52.8],[-131.7,52.8],[-131.8,52.8],[-131.6,52.8]],[[-81.5,52.2],[-81.7,52.3],[-81.6,52.3],[-81.5,52.2]],[[-128.7,52.3],[-128.7,52.5],[-128.6,52.5],[-128.7,52.3]],[[-128.2,52.3],[-128.1,52.4],[-128.1,52.3],[-128.2,52.3]],[[-55.8,53],[-55.9,53],[-55.8,53.1],[-55.8,53]],[[-55.8,53.4],[-56,53.5],[-55.7,53.5],[-55.8,53.4]],[[-55.8,53.3],[-55.8,53.3],[-55.8,53.3],[-55.8,53.3]],[[-129,52.5],[-129.3,52.8],[-128.9,52.6],[-129,52.5]],[[-128.5,52.5],[-128.8,52.5],[-128.7,52.6],[-128.6,52.6],[-128.5,52.6],[-128.5,52.5]],[[-128.4,52.4],[-128.4,52.8],[-128.3,52.5],[-128.4,52.4]],[[-128.3,52.6],[-128.3,52.8],[-128.2,52.8],[-128.3,52.6]],[[-128.5,52.6],[-128.5,52.9],[-128.5,52.8],[-128.5,52.6]],[[-129.6,53],[-129.7,53],[-129.6,53],[-129.6,53]],[[-129.5,53],[-129.6,53],[-129.6,53.1],[-129.5,53]],[[-129.6,53.1],[-129.7,53.1],[-129.7,53.1],[-129.6,53.1]],[[-56.9,53.8],[-57,53.8],[-56.8,53.8],[-56.9,53.8]],[[-79.9,53.9],[-79.9,53.9],[-79.9,53.9],[-79.9,53.9]],[[-130.7,54.4],[-130.8,54.4],[-130.7,54.4],[-130.7,54.4]],[[-130.4,54.3],[-130.5,54.3],[-130.4,54.3],[-130.4,54.3]],[[-130.3,54.3],[-130.4,54.3],[-130.3,54.3],[-130.3,54.3]],[[-130.3,54],[-130.7,53.9],[-130.4,54.1],[-130.3,54]],[[-130.1,54],[-130.2,54.1],[-130.1,54],[-130.1,54]],[[-58.5,54.1],[-58.6,54.1],[-58.4,54.1],[-58.5,54.1]],[[-130.2,54.1],[-130.3,54.2],[-130.2,54.2],[-130.2,54.1]],[[-130.6,54.1],[-130.8,54.1],[-130.8,54.2],[-130.6,54.1]],[[-79.5,54.2],[-79.5,54.2],[-79.4,54.2],[-79.5,54.2]],[[-131,54.5],[-130.9,54.6],[-130.7,54.6],[-131,54.5]],[[-57.3,54.5],[-57.3,54.6],[-57.2,54.5],[-57.3,54.5]],[[-130.5,54.7],[-130.6,54.8],[-130.5,54.8],[-130.5,54.7]],[[-57.9,54.9],[-57.8,54.8],[-58.2,54.8],[-57.9,54.9]],[[-130.3,54.7],[-130.4,54.7],[-130.2,54.8],[-130.3,54.7]],[[-130.4,54.8],[-130.5,54.8],[-130.2,55],[-130.4,54.8]],[[-79.7,54.8],[-79.7,54.8],[-79.6,54.8],[-79.7,54.8]],[[-83,55.3],[-83,55.3],[-83,55.3],[-83,55.3]],[[-77.6,55.4],[-77.6,55.4],[-77.2,55.7],[-77.6,55.4]],[[-60.9,56],[-61.2,56.1],[-61.1,56.2],[-60.9,56]],[[-61,55.9],[-61.1,55.9],[-60.9,55.9],[-61,55.9]],[[-60.9,55.9],[-60.9,56],[-60.7,55.9],[-60.9,55.9]],[[-79.1,55.8],[-79,56.1],[-78.9,56],[-79.1,55.8]],[[-79,56.4],[-78.9,56.4],[-78.9,56.3],[-79.2,55.9],[-79,56.4],[-79.3,55.9],[-79.2,56.2],[-79.5,55.9],[-79.8,55.8],[-79.5,56.1],[-80,55.9],[-79.5,56.5],[-79.5,56.2],[-79.3,56.6],[-79,56.4]],[[-79.6,56.3],[-79.6,56.3],[-79.5,56.4],[-79.6,56.3]],[[-79.1,54.9],[-79.8,54.8],[-79,54.9],[-79.1,54.9]],[[-58.7,54.9],[-58.8,54.9],[-58.7,55],[-58.7,54.9]],[[-129.9,53.5],[-130,53.5],[-129.9,53.6],[-129.9,53.5],[-129.9,53.5]],[[-129.4,53.3],[-129.4,53.4],[-129.3,53.3],[-129.4,53.3]],[[-128.9,53.3],[-129.1,53.3],[-129,53.5],[-128.9,53.4],[-128.9,53.3]],[[-79.9,53.1],[-79.9,53.2],[-79.8,53.1],[-79.9,53.1]],[[-79.9,53.3],[-80.1,53.3],[-79.9,53.4],[-79.9,53.3]],[[-81.1,53.2],[-80.7,52.7],[-82.1,53],[-81.1,53.2]],[[-129.9,53.4],[-129.8,53.2],[-130.5,53.6],[-129.9,53.4]],[[-128.7,53.2],[-128.5,52.9],[-128.6,52.6],[-128.7,52.6],[-128.6,53],[-128.9,52.6],[-129.1,52.9],[-128.8,53],[-129.2,53],[-129.1,53.1],[-129.1,53.3],[-128.7,53.2]],[[-129.4,53.2],[-129.3,53],[-129.5,53.1],[-129.4,53.2]],[[-129.2,53.1],[-129.3,53.1],[-129.3,53.3],[-129.2,53.3],[-129.2,53.1]],[[-79.7,53.5],[-79.8,53.5],[-79.8,53.5],[-79.7,53.5]],[[-132.8,54.1],[-132.2,54],[-132.7,53.7],[-132.4,53.6],[-131.7,54.2],[-132,53.3],[-132.3,53.2],[-132.1,53.2],[-132.2,53.2],[-132.5,53.1],[-132.5,53.2],[-132.6,53.2],[-132.7,53.3],[-132.5,53.3],[-132.7,53.3],[-132.4,53.3],[-133,53.6],[-133.1,54.2],[-132.8,54.1]],[[-129.8,53.7],[-129.5,53.2],[-129.8,53.4],[-129.9,53.6],[-130.1,53.6],[-129.9,53.6],[-130.3,53.8],[-129.8,53.7]],[[-129.1,53.4],[-129.2,53.6],[-128.8,53.7],[-129.1,53.5],[-129.1,53.4]],[[-130.1,53.6],[-130.4,53.7],[-130.3,53.8],[-130.1,53.6]],[[-131,51.9],[-131.1,52.2],[-131,52.1],[-131,51.9]],[[-128,52.1],[-128.1,52.1],[-127.9,52.2],[-128,52.1]],[[-128.1,51.8],[-128.3,51.9],[-128,52.1],[-128.1,51.8]],[[-79.3,52.1],[-79.4,51.9],[-79.7,52],[-79.3,52.1]],[[-128.2,52],[-128.3,52.1],[-128.2,52.2],[-128.2,52]],[[-128.3,52.1],[-128.4,52.2],[-128.2,52.2],[-128.3,52.1]],[[-128.4,52.1],[-128.5,52.2],[-128.4,52.2],[-128.4,52.1]],[[-127.7,52],[-127.8,52.2],[-127.2,52.4],[-127.7,52]],[[-127.9,52.2],[-128.2,52.2],[-128,52.3],[-127.9,52.2]],[[-131.8,53.2],[-131.6,53],[-132,53],[-131.6,52.9],[-132,52.9],[-131,52.2],[-132.6,53.1],[-132.5,53.2],[-132.4,53.1],[-132.1,53.2],[-131.8,53.3],[-131.8,53.2]],[[-61.6,56.4],[-61.4,56.3],[-61.8,56.4],[-61.6,56.4]],[[-78.8,56.1],[-78.7,56.4],[-78.7,56.2],[-78.8,56.1]],[[-79.6,56.4],[-80.1,56.2],[-79.5,56.5],[-79.6,56.4]],[[-61.4,56.5],[-61.1,56.4],[-61.6,56.5],[-61.4,56.5]],[[-124.3,73.6],[-124.4,73.6],[-124.1,73.6],[-124.3,73.6]],[[-124.6,73.7],[-124.7,73.7],[-124.6,73.7],[-124.6,73.7]],[[-124.4,73.9],[-124.6,73.9],[-124.4,73.9],[-124.4,73.9]],[[-98.9,73.8],[-99.4,73.9],[-97.6,74.1],[-98.9,73.8]],[[-90,74],[-90.3,74],[-89.9,74],[-90,74]],[[-98.7,74.3],[-98.9,74.3],[-98.5,74.3],[-98.7,74.3]],[[-78.9,75.9],[-79.8,75.9],[-78.8,76.1],[-79.2,76],[-78.9,75.9]],[[-122.8,76.1],[-122.6,76],[-122.9,76],[-122.8,76.1]],[[-122.3,75.9],[-122.7,75.9],[-122.4,75.9],[-122.3,75.9]],[[-96.6,75.7],[-96.7,75.7],[-96.5,75.8],[-96.6,75.7]],[[-121.1,75.7],[-121.3,75.8],[-120.9,75.9],[-121.1,75.7]],[[-103.1,75.7],[-103.4,75.8],[-102,75.9],[-103.1,75.7]],[[-94.8,76.1],[-95,76],[-95.1,76.1],[-94.8,76.1]],[[-94.4,75.8],[-94.9,75.9],[-94.5,76],[-94.4,75.8]],[[-111.8,75.8],[-111.9,75.9],[-111.6,75.9],[-111.8,75.8]],[[-95.8,75.9],[-95.9,76],[-95.7,76],[-95.8,75.9]],[[-102.4,76.1],[-102.3,76],[-104,75.9],[-102.4,76.1]],[[-116.4,77.5],[-115.4,77.3],[-116.3,77.2],[-115.7,76.9],[-116.4,76.9],[-115.9,76.7],[-117.1,76.5],[-117.1,76.3],[-118.1,76.4],[-117.8,76.8],[-119,76.5],[-118.6,76.3],[-119.1,76.1],[-119.7,76.3],[-119.8,76.1],[-119.5,76],[-119.9,75.9],[-120.5,75.8],[-120.9,76.2],[-121,75.9],[-123,76.1],[-122.6,76.3],[-121.5,76.4],[-121.2,76.6],[-120.4,76.8],[-119.2,77.3],[-116.4,77.5]],[[-120.9,76.7],[-121,76.7],[-121.2,76.7],[-120.9,76.7]],[[-103.9,75.1],[-104.9,75.2],[-104.2,75.4],[-103.6,75.2],[-103.9,75.1]],[[-100.2,75.6],[-100.5,75.5],[-101,75.6],[-100.2,75.6]],[[-94.4,75.6],[-93.5,75.3],[-93.5,74.7],[-96.6,75],[-95.7,75.5],[-94.4,75.6]],[[-97.2,75.2],[-97.3,75.3],[-97.2,75.3],[-97.2,75.2]],[[-95.9,75.6],[-96.9,75.4],[-97.1,75.5],[-95.9,75.6]],[[-97.7,74.5],[-97.8,74.5],[-97.3,74.6],[-97.7,74.5]],[[-95.3,74.5],[-95.9,74.6],[-95.5,74.6],[-95.3,74.5]],[[-97,75.6],[-97,75.6],[-96.7,75.7],[-97,75.6]],[[-118.3,75.6],[-119.4,75.6],[-117.5,76.1],[-118.3,75.6]],[[-114.1,78],[-113.6,77.8],[-115.1,78],[-114.1,78]],[[-99.5,80.1],[-98.6,79.8],[-100.2,79.9],[-99.5,80.1]],[[-99.2,80.2],[-99.1,80.2],[-99.4,80.2],[-99.2,80.2]],[[-95,80.7],[-95,80.6],[-96.1,80.7],[-95,80.7]],[[-91.7,81.5],[-92,81.6],[-91.6,81.6],[-91.7,81.5]],[[-78.4,82.9],[-78.4,82.9],[-78.1,82.9],[-78.4,82.9]],[[-74.3,78.7],[-74.7,78.7],[-74.2,78.7],[-74.3,78.7]],[[-86.3,78.9],[-86.5,78.9],[-85.2,79],[-86.3,78.9]],[[-77.9,77.8],[-78,77.8],[-77.6,77.8],[-77.9,77.8]],[[-103.1,78.1],[-103.3,78.2],[-102.8,78.2],[-103.1,78.1]],[[-88.3,78.2],[-88.4,78.3],[-88,78.4],[-88.3,78.2]],[[-94.4,78.2],[-94.7,78.3],[-94.5,78.3],[-94.4,78.2]],[[-96.8,78.7],[-94.9,78.4],[-95.4,78.2],[-94.9,78.1],[-97.1,77.8],[-97.8,78],[-96.9,78.1],[-98.4,78.5],[-98,78.5],[-98.4,78.7],[-98.1,78.8],[-96.8,78.7]],[[-101.7,77.9],[-100.9,77.7],[-102.5,77.8],[-101.7,77.9]],[[-109.6,78.6],[-109.3,78.5],[-113.3,78.3],[-110.6,78.7],[-109.6,78.6]],[[-103.6,79.3],[-102.6,78.9],[-101.6,79.1],[-100,78.7],[-99.5,78.6],[-99.8,78.3],[-98.9,78.1],[-99.9,77.8],[-101,78.2],[-102.6,78.2],[-102.8,78.4],[-104.5,78.3],[-105.1,78.5],[-103.5,78.5],[-104,78.6],[-103.3,78.7],[-104.2,78.8],[-103.8,78.9],[-104.2,79],[-105,78.8],[-104.7,79],[-105.6,79.2],[-103.6,79.3]],[[-92.7,81.3],[-90.8,80.6],[-89.2,80.5],[-88.8,80.1],[-88.1,80.1],[-88.6,80.4],[-87.7,80.4],[-87.6,80.2],[-88.1,80.1],[-87,79.9],[-87.5,79.5],[-86.3,79.6],[-86,79.6],[-86.1,79.4],[-85.7,79.6],[-84.9,79.3],[-87,79.1],[-87.6,78.6],[-88,78.8],[-87.7,79.1],[-88.2,79],[-87.9,78.5],[-88.8,78.6],[-88.5,78.4],[-88.8,78.2],[-90,78.6],[-89.5,78.2],[-92.1,78.2],[-93,78.5],[-91.6,78.5],[-93.3,78.6],[-93.8,78.8],[-93,78.8],[-94.3,79],[-90.4,79.2],[-92.2,79.2],[-92.7,79.3],[-91.1,79.4],[-93.1,79.5],[-95.1,79.3],[-95.8,79.4],[-94.3,79.8],[-95.9,79.6],[-96.8,80.1],[-94.4,80],[-94.7,80.1],[-94.1,80.2],[-96.7,80.3],[-93.8,80.5],[-95.5,80.8],[-93.1,81.2],[-94.3,81.3],[-92.7,81.3]],[[-113.3,77.1],[-113.5,77.1],[-113.3,77.1],[-113.3,77.1]],[[-81.3,76.1],[-81.5,76.2],[-81.2,76.2],[-81.3,76.1]],[[-89.4,76.4],[-89.6,76.4],[-89.5,76.5],[-89.4,76.4]],[[-84,76.4],[-84.1,76.5],[-83.9,76.5],[-84,76.4]],[[-89.9,76.5],[-90.6,76.7],[-89.7,76.7],[-89.9,76.5]],[[-97,76.8],[-97.2,76.9],[-97,76.8],[-97,76.8]],[[-113.5,76.8],[-114.9,76.8],[-113.9,76.9],[-113.5,76.8]],[[-109.1,76.9],[-109.3,76.9],[-109.2,76.9],[-109.1,76.9]],[[-97.3,77],[-97.5,77],[-97.1,77],[-97.3,77]],[[-102.5,76.2],[-103.3,76],[-104.5,76.1],[-102.5,76.2]],[[-104.1,76.6],[-103,76.4],[-104.3,76.3],[-104.7,76.6],[-104.1,76.6]],[[-101.4,76.6],[-101.7,76.6],[-100.2,76.7],[-101.4,76.6]],[[-100,76.7],[-99.4,76.7],[-100.1,76.7],[-100,76.7]],[[-95.7,77.1],[-93.2,76.7],[-93.5,76.4],[-91.4,76.7],[-90.5,76.5],[-91.6,76.5],[-89.3,76.3],[-91.6,76.3],[-90.2,76.1],[-91.1,75.8],[-90,76],[-89.2,75.8],[-89.8,75.6],[-89,75.4],[-88.7,75.7],[-86.5,75.4],[-83.9,75.8],[-81.5,75.8],[-79.6,75.4],[-79.6,75.2],[-80.4,75],[-79.3,74.9],[-80.3,74.9],[-80.2,74.6],[-81.8,74.5],[-83.5,74.9],[-83.5,74.6],[-84.3,74.5],[-88.5,74.5],[-88.5,74.9],[-89.5,74.5],[-91,74.7],[-90.8,74.9],[-91.5,74.6],[-92.5,75.2],[-92,75.6],[-92.1,75.9],[-93.1,76.4],[-95.4,76.2],[-94.8,76.3],[-97,76.7],[-96.3,76.8],[-96.8,77],[-95.7,77.1]],[[-108.7,76.8],[-108.6,76.4],[-108.1,76.3],[-108.4,76],[-107.6,76],[-108,75.8],[-106.9,75.7],[-106.3,76.1],[-105.4,75.6],[-106,75.1],[-108.8,75.1],[-112.8,74.4],[-114.4,74.7],[-110.9,75.2],[-113.9,75.1],[-113.3,75.4],[-114.1,75.5],[-115.1,75],[-117.7,75.3],[-115,75.7],[-117.3,75.6],[-114.8,75.9],[-116.7,75.9],[-116.3,76.2],[-114.7,76.2],[-115.9,76.3],[-114.9,76.5],[-112.5,76.2],[-111.7,75.9],[-112.2,75.8],[-111.5,75.8],[-111.2,75.5],[-108.9,75.5],[-108.8,75.7],[-110.1,75.9],[-109.3,76.1],[-110.4,76.4],[-108.7,76.8]],[[-98.4,76.7],[-97.5,76.2],[-97.9,75.7],[-97.4,75.7],[-97.3,75.4],[-97.7,75.6],[-98.2,75.3],[-97.6,75.1],[-100.1,75],[-100.5,75.2],[-100,75.2],[-100.8,75.4],[-99,75.7],[-102.9,75.6],[-101.2,75.8],[-101.9,76.1],[-101.4,76.3],[-102.2,76.2],[-101.9,76.4],[-99.9,75.9],[-99.4,76],[-100.2,76.1],[-99.4,76.2],[-101,76.5],[-99.7,76.6],[-99.1,76.4],[-98.4,76.7]],[[-113.8,77.1],[-113.9,77.1],[-113.7,77.1],[-113.8,77.1]],[[-104.3,77.1],[-104.4,77.1],[-104,77.1],[-104.3,77.1]],[[-95.2,77.2],[-95.6,77.2],[-95.4,77.2],[-95.2,77.2]],[[-90.9,77.3],[-90.7,77.2],[-91.3,77.2],[-90.9,77.3]],[[-85.3,77.6],[-84.8,77.5],[-85.5,77.5],[-85.3,77.6]],[[-90.6,77.6],[-89.6,77.3],[-91.2,77.4],[-90.6,77.6]],[[-95.4,77.8],[-93.1,77.7],[-93.6,77.4],[-96.3,77.6],[-95.4,77.8]],[[-105,77.4],[-104.4,77.2],[-105.2,77.2],[-106.1,77.7],[-105,77.4]],[[-109.6,78.1],[-110.9,77.8],[-110.1,77.8],[-110.2,77.5],[-112,77.3],[-113.2,77.5],[-113.3,77.8],[-109.6,78.1]],[[-70.1,83.1],[-66.3,82.9],[-68.6,82.6],[-64.7,82.9],[-64.9,82.9],[-62.9,82.6],[-63.4,82.4],[-61.1,82.3],[-64.4,81.7],[-69.3,81.7],[-66.6,81.5],[-70.2,81.2],[-64.4,81.5],[-69.4,80.4],[-70.8,80.6],[-70.1,80.2],[-72.4,80.2],[-70.5,80.1],[-71.5,79.9],[-70.9,79.9],[-71.2,79.8],[-74.2,79.9],[-74.8,79.8],[-73.1,79.6],[-78.1,79.4],[-74.4,79.1],[-78.9,79.1],[-77.7,79],[-78.2,78.8],[-76.7,79],[-74.7,78.7],[-76.7,78.5],[-75.1,78.3],[-76.9,78.2],[-75.6,78.1],[-75.9,78],[-78.3,78],[-77.7,77.6],[-78.7,77.3],[-80.5,77.3],[-81.9,77.7],[-81.2,77.3],[-82.2,77.3],[-81.8,77.2],[-79.3,77.2],[-79,77.1],[-79.4,76.9],[-77.8,76.8],[-78.4,76.5],[-81.1,76.1],[-80.8,76.4],[-82.7,76.8],[-82.1,76.4],[-83,76.4],[-83.4,76.8],[-83.2,76.4],[-84.3,76.7],[-84.2,76.5],[-85,76.6],[-84.4,76.3],[-84.9,76.3],[-86.6,76.6],[-86.3,76.5],[-88.4,76.4],[-88.5,76.8],[-88.6,76.4],[-89.7,76.6],[-88.5,77.1],[-86.7,77.2],[-87.7,77.4],[-88.2,77.7],[-88.1,77.8],[-86.4,77.8],[-85.8,77.4],[-84.5,77.3],[-83.5,77.3],[-83.8,77.5],[-82.3,78.1],[-83.9,77.5],[-85.4,77.8],[-84.3,77.9],[-85.7,77.9],[-84.1,78.2],[-85,78.2],[-84.6,78.3],[-84.9,78.4],[-84.6,78.6],[-85.5,78.1],[-86.3,78.1],[-85.8,78.4],[-87.5,78.1],[-87.1,78.2],[-87.5,78.4],[-86.9,78.7],[-85.1,78.9],[-82.3,78.6],[-82.6,78.7],[-82.2,78.7],[-83.3,78.8],[-81.5,79],[-84.7,79],[-83.4,79.1],[-84.3,79.2],[-84.5,79.4],[-85.1,79.6],[-86.5,79.8],[-85.3,79.9],[-86.5,80],[-86.5,80.3],[-83.8,80.2],[-81.7,79.6],[-79.9,79.6],[-81.5,79.7],[-81.7,79.9],[-81.4,79.9],[-83.2,80.3],[-78,80.6],[-80,80.6],[-76.5,80.9],[-78.9,80.9],[-76.7,81.4],[-79.5,81.2],[-79.1,81.1],[-80.9,80.7],[-83.6,80.7],[-83.3,80.8],[-85.1,80.5],[-86.7,80.6],[-85.6,81],[-82.4,81.2],[-85.7,81],[-87.6,80.6],[-89.5,80.9],[-84.7,81.3],[-89.8,81],[-90.4,81.2],[-87.2,81.5],[-90.4,81.4],[-90.9,81.4],[-89.6,81.6],[-92,81.7],[-88.1,82.1],[-84.6,81.9],[-86.9,82.2],[-85,82.5],[-79.2,81.8],[-82.7,82.4],[-81.5,82.5],[-82.2,82.7],[-80.6,82.5],[-81.5,82.8],[-78.5,82.7],[-80.4,82.9],[-79.8,83],[-75.9,82.6],[-76.2,82.4],[-75.4,82.6],[-77.4,83],[-74.4,83],[-72.6,82.7],[-73.7,82.9],[-70.1,83.1]],[[-95.7,73.6],[-95.7,73.6],[-95.7,73.6],[-95.7,73.6]],[[-107.9,73.5],[-108.1,73.6],[-107.6,73.6],[-107.9,73.5]],[[-108.1,72],[-108.2,72.1],[-108.1,72],[-108.1,72]],[[-85.8,72.3],[-85.9,72.2],[-86.1,72.3],[-85.8,72.3]],[[-78.7,72.4],[-79,72.3],[-79.1,72.4],[-78.7,72.4]],[[-79.5,72.3],[-79.7,72.4],[-79.4,72.4],[-79.5,72.3]],[[-110.4,72.6],[-110.5,72.6],[-110.3,72.6],[-110.4,72.6]],[[-110.5,72.6],[-110.5,72.6],[-110.6,72.6],[-110.5,72.6]],[[-108.5,72.6],[-108.6,72.6],[-108.5,72.6],[-108.5,72.6]],[[-110.3,72.6],[-110.4,72.6],[-110.3,72.6],[-110.3,72.6]],[[-80,72.4],[-80.1,72.5],[-79.9,72.5],[-80,72.4]],[[-80.1,73.7],[-77.4,73.6],[-76.1,72.9],[-79.4,72.7],[-80.9,73.3],[-80.9,73.7],[-80.1,73.7]],[[-96.8,72.7],[-97,72.8],[-96.7,72.9],[-96.8,72.7]],[[-96.9,73.2],[-97.1,73.2],[-97,73.3],[-96.9,73.2]],[[-92.6,74.1],[-90.2,73.9],[-92.1,72.7],[-94.3,72.8],[-93.5,72.5],[-94.1,72],[-95.2,72],[-94.8,72.2],[-95.2,72.1],[-95.1,72.5],[-95.7,72.8],[-95.7,73.1],[-95.6,73.2],[-95.7,73.5],[-95.7,73.6],[-95.6,73.6],[-95.7,73.7],[-94.6,73.7],[-95.3,73.9],[-94.7,74.1],[-92.6,74.1]],[[-95.7,72.8],[-95.9,72.9],[-95.8,72.9],[-95.7,72.8]],[[-95.8,72.9],[-95.8,73],[-95.7,72.9],[-95.8,72.9]],[[-96.8,72.9],[-97.1,73.1],[-96.6,73.1],[-96.8,72.9]],[[-95.7,73.1],[-95.7,73],[-95.9,73.1],[-95.7,73.1]],[[-105.1,73.7],[-104.5,73.5],[-105.3,72.8],[-107,73.5],[-105.1,73.7]],[[-134.5,68.8],[-134.8,69],[-134.9,69],[-135,68.9],[-135.1,68.9],[-135.2,68.9],[-135.4,68.9],[-135.5,68.9],[-135.9,68.9],[-136,69],[-135.5,69],[-136,69.2],[-135.5,69.1],[-135.9,69.3],[-135.2,69.3],[-135.3,69.4],[-135.2,69.5],[-134.4,69.5],[-134.5,69.7],[-134.1,69.5],[-133.8,69.6],[-134.7,69],[-134.3,68.7],[-134.5,68.8]],[[-64.9,61.7],[-65.3,61.9],[-65,61.9],[-64.9,61.7]],[[-93,61.9],[-93.1,61.8],[-93.2,61.9],[-93,61.9]],[[-92.2,62.4],[-92.4,62.4],[-92.1,62.4],[-92.2,62.4]],[[-92.4,62.4],[-92.6,62.4],[-92.5,62.4],[-92.4,62.4]],[[-64.7,62.5],[-64.4,62.5],[-65,62.5],[-64.7,62.5]],[[-65,62.5],[-65.1,62.5],[-64.8,62.6],[-65,62.5]],[[-91.6,62.6],[-91.7,62.6],[-91.7,62.7],[-91.6,62.6]],[[-65.9,62.1],[-66,62.1],[-65.9,62.2],[-65.9,62.1]],[[-79.5,62.4],[-79.3,62.2],[-79.7,61.6],[-80.3,61.8],[-80,62.4],[-79.5,62.4]],[[-66.8,63],[-67.1,63.1],[-66.9,63.1],[-66.8,63]],[[-77.8,62.6],[-77.6,62.6],[-77.7,62.5],[-77.8,62.6]],[[-78,62.6],[-77.8,62.6],[-78.1,62.6],[-78,62.6]],[[-74.3,62.7],[-74,62.6],[-74.7,62.7],[-74.3,62.7]],[[-81.9,62.9],[-83.1,62.2],[-83.7,62.1],[-83.9,62.4],[-83.3,62.9],[-81.9,62.9]],[[-91,62.7],[-91.3,62.7],[-91.1,62.7],[-91,62.7]],[[-70.7,62.8],[-70.2,62.6],[-71.2,62.9],[-70.7,62.8]],[[-66.4,62.8],[-66.6,62.9],[-66.5,62.9],[-66.4,62.8]],[[-93,63.9],[-93.1,63.9],[-93,63.9],[-93,63.9]],[[-89.8,64.1],[-89.9,64.1],[-89.9,64.1],[-89.8,64.1]],[[-74.3,64.4],[-74.4,64.5],[-74.2,64.4],[-74.3,64.4]],[[-73.7,64.4],[-73.8,64.4],[-73.8,64.5],[-73.7,64.5],[-73.7,64.4]],[[-63.4,65],[-63.3,64.9],[-63.4,65],[-63.4,65]],[[-88.4,65.5],[-88.5,65.5],[-88.4,65.5],[-88.4,65.5]],[[-62.8,65.5],[-62.9,65.6],[-62.8,65.6],[-62.8,65.5]],[[-63.2,65.3],[-63.3,65.3],[-63.2,65.3],[-63.2,65.3]],[[-74.2,64.5],[-74.4,64.6],[-74.2,64.5],[-74.2,64.5]],[[-65.5,64.5],[-65.7,64.5],[-65.2,64.6],[-65.5,64.5]],[[-66.9,65.3],[-67,65.3],[-66.9,65.4],[-66.9,65.3]],[[-83.9,65.7],[-83.9,65.7],[-83.9,65.7],[-83.9,65.7]],[[-77.7,63.9],[-78,64],[-77.5,64],[-77.7,63.9]],[[-64,63.7],[-64.2,63.7],[-64.1,63.8],[-64,63.7]],[[-72.7,63.7],[-72.7,63.8],[-72.6,63.7],[-72.7,63.7]],[[-64.3,63.7],[-64.4,63.8],[-64.3,63.8],[-64.3,63.7]],[[-64.6,63.8],[-64.4,63.7],[-64.9,63.8],[-64.6,63.8]],[[-64.2,63.9],[-64.2,63.8],[-64.4,63.8],[-64.2,63.9]],[[-64.5,64.1],[-64.6,64.2],[-64.5,64.1],[-64.5,64.1]],[[-65,64.1],[-64.9,64.1],[-65.1,64.1],[-65,64.1]],[[-64.5,64.2],[-64.6,64.3],[-64.5,64.2],[-64.5,64.2]],[[-75.6,64.3],[-75.7,64.3],[-75.5,64.3],[-75.6,64.3]],[[-64.9,64.2],[-65.1,64.3],[-64.9,64.3],[-64.9,64.2]],[[-73.2,64.2],[-73.3,64.1],[-73.4,64.2],[-73.2,64.2]],[[-81.5,64.2],[-81.5,64.2],[-81.4,64.2],[-81.5,64.2]],[[-64.8,64.3],[-65,64.4],[-64.8,64.3],[-64.8,64.3]],[[-73.9,64.3],[-74,64.3],[-74,64.4],[-73.9,64.3]],[[-73.7,64.3],[-73.8,64.3],[-73.8,64.4],[-73.7,64.3]],[[-73.6,64.3],[-73.7,64.5],[-73.5,64.6],[-73.6,64.3]],[[-67.8,63.2],[-67.9,63.2],[-67.8,63.2],[-67.8,63.2]],[[-67.9,63.2],[-68,63.2],[-68.1,63.3],[-67.9,63.2]],[[-64.1,63.3],[-64.5,63.6],[-64.3,63.6],[-64.1,63.3]],[[-78.1,63.5],[-77.5,63.3],[-77.9,63.1],[-78.6,63.4],[-78.1,63.5]],[[-90.7,63.4],[-90.8,63.5],[-90.6,63.5],[-90.7,63.4]],[[-78.6,63.5],[-78.5,63.5],[-78.5,63.5],[-78.6,63.5]],[[-90.8,63.5],[-91,63.6],[-90.7,63.5],[-90.8,63.5]],[[-64.1,63.5],[-64.2,63.6],[-64.1,63.6],[-64.1,63.5]],[[-68.7,63.6],[-68.8,63.7],[-68.7,63.7],[-68.7,63.6]],[[-71.8,63.6],[-71.9,63.6],[-71.9,63.7],[-71.8,63.7],[-71.8,63.6]],[[-72.2,63.5],[-72.3,63.6],[-72.1,63.6],[-72.2,63.5]],[[-76.8,63.6],[-76.5,63.5],[-77.5,63.6],[-76.8,63.6]],[[-72.6,63.6],[-72.8,63.7],[-72.5,63.7],[-72.6,63.6]],[[-85.5,65.8],[-85.2,65.8],[-85.3,65.5],[-84.9,65.2],[-84.4,65.5],[-81.8,64.5],[-81.6,64.1],[-82,64],[-80.9,64.1],[-80.2,63.8],[-81.1,63.5],[-82.5,63.7],[-82.4,63.9],[-83.1,64],[-83.1,64.2],[-85.3,63.1],[-85.6,63.2],[-85.7,63.7],[-87.2,63.6],[-86.2,64.1],[-86.4,64.4],[-86.1,65.5],[-85.5,65.8]],[[-114.1,67.9],[-114.3,67.9],[-113.9,67.9],[-114.1,67.9]],[[-114.2,67.9],[-114.3,67.9],[-114.1,68],[-114.2,67.9]],[[-113.7,68],[-114,68],[-113.8,68],[-113.7,68]],[[-113.4,67.9],[-113.6,67.9],[-113.2,67.9],[-113.4,67.9]],[[-109.1,67.8],[-109.2,67.8],[-109,67.8],[-109.1,67.8]],[[-96.2,67.8],[-96.1,67.8],[-96,67.8],[-96.2,67.8]],[[-74.2,68.1],[-73.3,67.8],[-74.8,68],[-74.2,68.1]],[[-108.1,67.9],[-108.3,67.9],[-108.1,68],[-108.1,67.9]],[[-108.6,67.9],[-108.5,67.9],[-108.4,67.9],[-108.6,67.9]],[[-112.9,67.9],[-113.1,67.9],[-112.9,67.9],[-112.9,67.9]],[[-109.2,68],[-109,68],[-108.9,67.9],[-109.2,68]],[[-110.3,68],[-110.4,68],[-110.3,68],[-110.3,68]],[[-65.4,68],[-65.5,68.1],[-65.4,68.1],[-65.4,68]],[[-99,68],[-99.1,68],[-99,68.1],[-99,68]],[[-109.3,68],[-109.5,68.1],[-109.4,68.1],[-109.3,68]],[[-108.5,68],[-108.5,68],[-108.4,68.1],[-108.5,68]],[[-108.4,68],[-108.4,68.1],[-108.3,68.1],[-108.4,68]],[[-112.8,68.1],[-112.9,68.1],[-112.8,68.2],[-112.8,68.1]],[[-110.2,68],[-110.3,68],[-109.9,68.1],[-110.2,68]],[[-65.6,68.2],[-65.5,68.1],[-65.7,68.1],[-65.6,68.2]],[[-62.3,65.7],[-62.1,65.7],[-62.5,65.7],[-62.3,65.7]],[[-67.5,65.7],[-67.7,65.7],[-67.4,65.7],[-67.5,65.7]],[[-83.3,65.8],[-83.5,65.8],[-83.6,65.9],[-83.3,65.8]],[[-62.1,65.9],[-62.3,65.9],[-62.1,65.9],[-62.1,65.9]],[[-65.6,65.8],[-65.6,65.9],[-65.5,65.9],[-65.6,65.8]],[[-67.1,65.9],[-67.2,66],[-67.2,66],[-67.1,65.9]],[[-84.6,66.1],[-84.6,66.1],[-84.7,66.2],[-84.6,66.1]],[[-84.3,66.2],[-84.4,66.2],[-84.3,66.2],[-84.3,66.2]],[[-62.2,66.2],[-62.4,66.2],[-62.3,66.3],[-62.2,66.2]],[[-84.7,65.5],[-85.2,66],[-84.6,65.7],[-84.7,65.5]],[[-83.9,66],[-83.7,65.9],[-83.7,65.8],[-83.2,65.7],[-83.8,65.6],[-83.7,65.7],[-84.1,65.8],[-84.1,65.9],[-84.5,66.1],[-83.9,66]],[[-83.6,66],[-83.6,66],[-83.5,66],[-83.6,66]],[[-85,66.1],[-85.1,66.1],[-85.1,66.1],[-85,66.1]],[[-83.6,66.1],[-83.7,66.1],[-83.6,66.1],[-83.6,66.1]],[[-83.6,66],[-83.7,66],[-83.6,66.1],[-83.6,66.1],[-83.6,66]],[[-67,66.5],[-66.9,66.5],[-67,66.5],[-67,66.5]],[[-107.9,66.9],[-107.8,67],[-107.8,66.9],[-107.9,66.9]],[[-108,66.9],[-108.1,67],[-107.9,66.9],[-108,66.9]],[[-63.1,67],[-63.2,67],[-63,67],[-63.1,67]],[[-62.6,67.1],[-62.9,67.1],[-62.4,67.2],[-62.6,67.1]],[[-62.9,67],[-63.1,67.1],[-63,67.1],[-62.9,67]],[[-63.4,67.3],[-63.8,67.3],[-63.6,67.4],[-63.4,67.3]],[[-107.7,67.2],[-107.7,67.3],[-107.7,67.3],[-107.7,67.2]],[[-108.1,67.4],[-108.3,67.5],[-108.2,67.6],[-108.1,67.4]],[[-108.4,67.5],[-108.5,67.6],[-108.3,67.6],[-108.4,67.5]],[[-63.9,67.5],[-64,67.5],[-64,67.6],[-63.8,67.5],[-63.9,67.5]],[[-107.9,67.3],[-108.1,67.4],[-107.9,67.5],[-107.9,67.3]],[[-108.1,67.5],[-108.1,67.7],[-107.9,67.5],[-108.1,67.5]],[[-107.4,67.1],[-107.5,67.1],[-107.6,67.2],[-107.4,67.1]],[[-95.4,67.2],[-95.6,67.2],[-95.3,67.3],[-95.4,67.2]],[[-83.1,66.3],[-83.3,66.3],[-82.9,66.3],[-83.1,66.3]],[[-66.6,66.3],[-67,66.4],[-66.6,66.3],[-66.6,66.3]],[[-108.3,67.6],[-108.5,67.6],[-108.4,67.6],[-108.3,67.6]],[[-97.5,67.6],[-97.6,67.7],[-97.3,67.7],[-97.5,67.6]],[[-114.4,68.9],[-114.5,68.9],[-114.3,68.9],[-114.4,68.9]],[[-138.9,69.6],[-139.3,69.6],[-139.1,69.6],[-138.9,69.6]],[[-135.3,69.3],[-135.6,69.4],[-135.3,69.4],[-135.3,69.3]],[[-135.6,69.5],[-135.6,69.4],[-135.8,69.5],[-135.6,69.5]],[[-133.9,69.6],[-134,69.6],[-133.9,69.6],[-133.8,69.6],[-133.9,69.6]],[[-135.5,69.6],[-135.6,69.6],[-135.4,69.6],[-135.5,69.6]],[[-128.1,70.6],[-128.3,70.5],[-128.2,70.7],[-128.1,70.6]],[[-125.1,70.1],[-125.1,70.1],[-125,70.2],[-125.1,70.1]],[[-124.7,70.2],[-124.8,70.2],[-124.5,70.2],[-124.7,70.2]],[[-116.9,70.5],[-117.3,70.6],[-117.2,70.6],[-116.9,70.5]],[[-116.8,70.5],[-116.6,70.5],[-116.7,70.5],[-116.8,70.5]],[[-116.3,70.6],[-116.1,70.5],[-116.5,70.5],[-116.3,70.6]],[[-116.6,70.5],[-116.8,70.5],[-116.5,70.6],[-116.6,70.5]],[[-115.9,70.5],[-116.1,70.5],[-115.8,70.6],[-115.9,70.5]],[[-120.1,74.3],[-119.6,74.2],[-119.7,74],[-119.1,74.2],[-119.2,74],[-117.4,74.2],[-115.3,73.5],[-119.1,72.6],[-119.3,72.4],[-120.3,72.3],[-120.5,71.5],[-122.8,71.1],[-125.3,72],[-124.9,72],[-126,72],[-125,72.8],[-124.5,72.9],[-124.9,73.1],[-123.8,73.8],[-124.8,74.3],[-121.6,74.6],[-120.1,74.3]],[[-86.4,68.1],[-86.6,67.7],[-87,68.1],[-86.7,68.3],[-86.4,68.1]],[[-104.5,68.1],[-104.6,68.2],[-104.4,68.2],[-104.5,68.1]],[[-107.5,68.1],[-107.6,68.2],[-107.5,68.2],[-107.5,68.1]],[[-109.8,68.1],[-109.9,68.1],[-109.6,68.2],[-109.8,68.1]],[[-66.3,68.1],[-66.6,68.2],[-66.2,68.2],[-66.3,68.1]],[[-107.4,68.2],[-107.4,68.2],[-107.3,68.2],[-107.4,68.2]],[[-74.1,68.2],[-74.2,68.2],[-74.1,68.2],[-74.1,68.2]],[[-75.6,68.3],[-75,68.1],[-75.2,67.4],[-76.7,67.2],[-77.2,67.5],[-77.3,67.8],[-76.7,68.2],[-75.6,68.3]],[[-111.8,68.2],[-111.9,68.2],[-111.8,68.2],[-111.8,68.2]],[[-96.4,68.2],[-96.5,68.2],[-96.3,68.2],[-96.4,68.2]],[[-98.7,68.2],[-98.7,68.2],[-98.7,68.2],[-98.7,68.2]],[[-108.6,68.2],[-108.7,68.2],[-108.6,68.2],[-108.6,68.2]],[[-111.7,68.2],[-111.8,68.3],[-111.5,68.3],[-111.7,68.2]],[[-74.2,68.2],[-74.4,68.4],[-74.1,68.3],[-74.2,68.2]],[[-111.1,68.4],[-111.1,68.4],[-111.1,68.4],[-111.1,68.4]],[[-99,68.4],[-99.1,68.4],[-99.2,68.5],[-99,68.4]],[[-100.7,68.4],[-100.9,68.5],[-100.8,68.5],[-100.7,68.4]],[[-78.6,68.2],[-78.7,68.2],[-78.5,68.3],[-78.6,68.2]],[[-79,68.2],[-79.2,68.3],[-78.8,68.3],[-79,68.2]],[[-100.1,68.3],[-100.1,68.3],[-100.2,68.3],[-100.1,68.3]],[[-82.1,68.3],[-82.3,68.4],[-82,68.3],[-82.1,68.3]],[[-67.8,68.9],[-68,68.9],[-67.9,68.9],[-67.8,68.9]],[[-68.1,68.8],[-67.7,68.7],[-68.5,68.8],[-68.1,68.8]],[[-102.6,68.8],[-102.7,68.8],[-102.6,68.8],[-102.6,68.8]],[[-100.2,68.8],[-100.6,68.8],[-100.6,69],[-100.2,68.8]],[[-114,68.6],[-114.2,68.7],[-114.1,68.7],[-114,68.6]],[[-113.8,68.6],[-114,68.6],[-113.8,68.6],[-113.8,68.6]],[[-110.9,68.5],[-111.1,68.5],[-110.7,68.5],[-110.9,68.5]],[[-74.8,68.3],[-75.4,68.6],[-75,68.7],[-74.8,68.3]],[[-104.5,68.4],[-105.1,68.5],[-104.7,68.6],[-104.5,68.4]],[[-110.6,68.5],[-110.8,68.6],[-110.5,68.5],[-110.6,68.5]],[[-74.8,68.7],[-74.5,68.6],[-74.9,68.6],[-74.8,68.7]],[[-105.1,68.5],[-105.1,68.5],[-105.3,68.6],[-105.1,68.5]],[[-78.5,68.6],[-79,68.5],[-78.9,68.7],[-78.5,68.6]],[[-100.7,68.6],[-100.9,68.6],[-100.8,68.6],[-100.7,68.6]],[[-101.8,68.6],[-102.3,68.7],[-101.7,68.8],[-101.8,68.6]],[[-89.9,68.7],[-89.9,68.8],[-89.8,68.8],[-89.9,68.7]],[[-67.3,69.5],[-67.7,69.5],[-67.5,69.6],[-67.3,69.5]],[[-67.9,69.5],[-68.2,69.6],[-67.9,69.7],[-67.9,69.5]],[[-103.4,70.7],[-103.5,70.7],[-103.3,70.7],[-103.4,70.7]],[[-71.5,71],[-72,70.8],[-72.2,70.9],[-71.5,71]],[[-100.8,69.9],[-100.9,70],[-100.8,70],[-100.8,69.9]],[[-87.1,70.2],[-86.5,70],[-87.4,70.1],[-87.1,70.2]],[[-100.2,70.5],[-100.7,70.6],[-100.7,70.7],[-100.2,70.5]],[[-112.7,70.3],[-112.8,70.3],[-112.7,70.3],[-112.7,70.3]],[[-113,70.3],[-113.2,70.3],[-112.9,70.3],[-113,70.3]],[[-100.8,70.3],[-100.9,70.3],[-100.7,70.3],[-100.8,70.3]],[[-103.2,70.6],[-103.3,70.6],[-103.2,70.7],[-103.2,70.6]],[[-101.7,69.1],[-101.7,69.2],[-101.5,69.2],[-101.7,69.1]],[[-100,68.9],[-100.3,69],[-100.1,69.1],[-100,68.9]],[[-85.1,69],[-85.2,69],[-85.1,69],[-85.1,69]],[[-89.9,68.9],[-90.1,69],[-89.9,69],[-89.9,68.9]],[[-85.3,69],[-85.5,69],[-85.4,69],[-85.3,69]],[[-85.3,69.1],[-85.4,69.1],[-85.2,69.1],[-85.3,69.1]],[[-90.1,69],[-90.3,69.1],[-90.1,69.1],[-90.1,69]],[[-77,69.4],[-76.6,69.3],[-77.4,69.2],[-77,69.4]],[[-78.4,69.4],[-78.2,69.3],[-78.8,68.9],[-79.4,68.9],[-78.4,69.4]],[[-97.4,69.7],[-95.2,68.9],[-96.5,68.4],[-99.6,69],[-98.4,69.3],[-98.6,69.6],[-98,69.4],[-98.4,69.6],[-98,69.9],[-97.4,69.7]],[[-90.5,69.2],[-90.8,69.3],[-90.6,69.4],[-90.5,69.2]],[[-90.3,69.2],[-90.5,69.4],[-90.2,69.4],[-90.3,69.2]],[[-101.1,69.5],[-101.2,69.4],[-101.4,69.5],[-101.1,69.5]],[[-95.5,69.6],[-95.5,69.3],[-95.7,69.3],[-95.7,69.5],[-95.8,69.6],[-96,69.4],[-95.9,69.6],[-95.5,69.6]],[[-82.5,69.7],[-82.9,69.8],[-82.5,69.8],[-82.5,69.7]],[[-83.7,69.7],[-83.9,69.8],[-83.5,69.8],[-83.7,69.8],[-83.7,69.7]],[[-91.5,69.7],[-91.7,69.8],[-91.4,69.9],[-91.5,69.7]],[[-96.7,69.6],[-96.1,69.5],[-96.2,69.4],[-96.7,69.6]],[[-96.8,69.5],[-96.9,69.6],[-96.9,69.6],[-96.8,69.5]],[[-91.1,69.5],[-91.1,69.6],[-90.9,69.6],[-91.1,69.5]],[[-77.9,69.6],[-78.9,69.5],[-78.2,69.8],[-77.9,69.6]],[[-79.4,69.8],[-80,69.5],[-80.8,69.7],[-79.4,69.8]],[[-102.1,69.6],[-102.2,69.7],[-102.1,69.7],[-102.1,69.6]],[[-82.4,69.8],[-82.7,69.9],[-82.5,69.9],[-82.4,69.8]],[[-91.8,69.8],[-91.9,69.8],[-91.6,69.9],[-91.8,69.8]],[[-97.3,69.9],[-97.5,69.9],[-97.2,69.9],[-97.3,69.9]],[[-98.9,71.3],[-99,71.3],[-99,71.4],[-98.9,71.3]],[[-73.1,71.5],[-73.4,71.5],[-72.8,71.4],[-73.1,71.5]],[[-96.6,71.3],[-96.5,71.2],[-96.5,71.2],[-96.6,71.2],[-96.6,71.3]],[[-72.8,71.5],[-73,71.6],[-72.7,71.7],[-72.8,71.5]],[[-73.4,71.6],[-73.4,71.6],[-73.1,71.7],[-73.4,71.6]],[[-97,71.7],[-97.1,71.7],[-96.8,71.7],[-97,71.7]],[[-95.3,71.7],[-95.5,71.7],[-95.3,71.8],[-95.3,71.7]],[[-114,72.8],[-114.6,72.6],[-113.7,72.6],[-113,73],[-111.2,72.7],[-111.9,72.3],[-111.7,72.3],[-110.7,72.6],[-109.8,72.4],[-110.3,72.7],[-109.8,72.7],[-110.8,73],[-109.7,72.9],[-109.8,72.9],[-109.2,72.8],[-109,72.6],[-108.6,72.5],[-108.2,71.7],[-107.8,71.6],[-107.3,71.9],[-107.8,72.1],[-108.3,73.2],[-106.8,73.3],[-105.3,72.7],[-104.4,71.6],[-104.6,71.1],[-103.6,70.6],[-101,70.2],[-100.9,69.8],[-103.5,69.7],[-103,69.5],[-103.2,69.1],[-102.3,69.5],[-101.8,69.2],[-102.9,68.8],[-105.1,68.9],[-104.9,69.1],[-106.4,69.2],[-106.6,69.5],[-107.3,69],[-109.1,68.7],[-113.3,68.5],[-113,68.5],[-113.7,68.8],[-113.5,69.2],[-116.5,69.4],[-117.4,70],[-115.2,70.3],[-112.6,70.2],[-111.5,70.3],[-113.9,70.7],[-117.6,70.6],[-118.4,71],[-115.1,71.5],[-118.1,71.4],[-118.3,71.5],[-117.7,71.7],[-119.1,71.8],[-118.1,72.2],[-118.5,72.5],[-117.4,72.9],[-114.6,73.4],[-114,73.2],[-114,72.8]],[[-99.8,73.9],[-99.2,73.7],[-97.8,73.9],[-97,73.7],[-97.7,73.5],[-97.2,73.4],[-98.5,72.9],[-97.8,73],[-97.2,72.9],[-97.2,72.6],[-96.5,72.7],[-96.3,72.4],[-96.9,72.3],[-96.5,72.1],[-96.9,72],[-96.5,71.9],[-97.5,71.6],[-98.2,71.6],[-98.3,71.9],[-98.5,71.7],[-98,71.5],[-98.7,71.3],[-100.6,72.2],[-102.7,72.7],[-102.1,73.1],[-101.3,72.7],[-100.4,72.7],[-100.5,73],[-100,72.9],[-100.6,73.2],[-99.8,73.2],[-101.6,73.5],[-100.4,73.4],[-101.1,73.7],[-99.8,73.9]]]},"properties":{"iso2":"CA","name":"Canada"}},{"type":"Feature","geometry":{"type":"Polygon","coordinates":[[[103.8,10.4],[103.7,10.5],[103.8,10.5],[103.8,10.5],[103.8,10.4]],[[103.3,10.7],[103.3,10.7],[103.2,10.8],[103.3,10.7]],[[107.5,14.4],[107.5,12.4],[106.4,12],[106.5,11.7],[105.9,11.7],[106.2,10.8],[105.1,11],[104.4,10.4],[104.2,10.6],[103.9,10.6],[103.6,10.5],[103.6,11.2],[103.1,10.9],[102.9,11.6],[102.4,13.6],[103.2,14.3],[105.2,14.3],[106.1,13.9],[106,14.4],[106.5,14.6],[106.9,14.3],[107.5,14.7],[107.5,14.4]],[[103,11.4],[103,11.5],[103,11.5],[103,11.4]],[[103,11.2],[103,11.4],[103,11.4],[103,11.2]]]},"properties":{"iso2":"KH","name":"Cambodia"}},{"type":"Feature","geometry":{"type":"Polygon","coordinates":[[[81.7,7.7],[81.7,7.7],[81.7,7.7],[81.7,7.7],[81.7,7.7]],[[81.8,7.5],[81.7,7.7],[81.8,7.6],[81.8,7.5]],[[79.9,9],[79.9,9],[79.7,9.1],[79.9,9]],[[79.7,9.5],[79.7,9.5],[79.7,9.6],[79.7,9.5]],[[80,9.6],[79.9,9.6],[79.9,9.8],[80,9.6]],[[80.3,9.8],[80.8,9.3],[80.9,8.9],[81.2,8.7],[81.1,8.5],[81.4,8.5],[81.4,8.1],[81.9,7.3],[81.7,6.4],[80.6,5.9],[80,6.2],[79.7,8.1],[80.1,9.6],[80.6,9.4],[79.9,9.7],[80.4,9.6],[80.3,9.8]]]},"properties":{"iso2":"LK","name":"Sri Lanka"}},{"type":"Feature","geometry":{"type":"Polygon","coordinates":[[[12.8,-4.4],[12,-5],[11.1,-3.9],[11.5,-3.5],[11.9,-3.6],[11.6,-2.3],[12.5,-2.3],[12.7,-1.8],[13,-2.4],[13.5,-2.4],[13.8,-2.1],[14.1,-2.5],[14.4,-1.9],[14.5,-0.6],[13.8,-0.2],[14.5,0.9],[14.2,1.4],[13.2,1.2],[13.3,2.2],[14.6,2.2],[16.1,1.7],[16.2,2.2],[16.7,3.5],[17.5,3.7],[18.6,3.5],[18.1,2.2],[17.7,-0.5],[16.2,-2.2],[16.2,-3.3],[15.9,-3.9],[14.7,-4.9],[14.4,-4.9],[14.4,-4.3],[13.7,-4.4],[13.4,-4.9],[13.1,-4.6],[12.8,-4.4]]]},"properties":{"iso2":"CG","name":"Congo (Republic of the)"}},{"type":"Feature","geometry":{"type":"Polygon","coordinates":[[[25.9,5.2],[27.5,5],[27.5,5],[28.4,4.3],[29.6,4.6],[30.9,3.5],[30.9,3.5],[30.9,3.5],[30.7,2.4],[31.3,2.1],[30,0.8],[29.6,-1.4],[28.9,-2.4],[29,-2.7],[29.2,-3.8],[29.4,-4.4],[29.6,-6.3],[30.8,-8.2],[28.9,-8.5],[28.4,-9.3],[28.7,-10.7],[28.4,-11.6],[29,-12.4],[29.5,-12.5],[29.8,-12.2],[29.8,-13.5],[29.6,-13.2],[29,-13.4],[28.4,-12.5],[27.7,-12.3],[27.2,-11.6],[26.9,-12],[26,-11.9],[25.4,-11.6],[25.3,-11.2],[24.4,-11.5],[24,-10.9],[22.3,-11.2],[22.3,-10.4],[21.8,-9.4],[21.8,-7.3],[20.5,-7.3],[20.6,-6.9],[19.5,-7],[19.4,-8],[17.6,-8.1],[16.9,-7.2],[16.6,-5.9],[14,-5.8],[13.2,-5.9],[12.4,-6],[12.2,-5.8],[12.5,-5.7],[12.6,-5],[13.1,-4.7],[13.1,-4.6],[13.4,-4.9],[13.7,-4.4],[14.4,-4.3],[14.4,-4.9],[14.7,-4.9],[15.9,-3.9],[16.2,-3.3],[16.2,-2.2],[17.7,-0.5],[18.1,2.2],[18.6,3.5],[18.5,4.3],[19.4,5.1],[20.6,4.4],[22.4,4.1],[22.9,4.8],[23.4,4.6],[24.4,5.1],[24.7,4.9],[25.5,5.4],[25.9,5.2]],[[13,-5.9],[12.8,-5.9],[12.7,-5.9],[13,-5.9]]]},"properties":{"iso2":"CD","name":"Congo (Democratic Republic of the)"}},{"type":"Feature","geometry":{"type":"Polygon","coordinates":[[[29.2,-3.8],[29,-2.7],[29.9,-2.8],[30,-2.3],[30.6,-2.4],[30.4,-2.9],[30.8,-3],[30.8,-3.3],[30,-4.3],[29.4,-4.4],[29.2,-3.8]]]},"properties":{"iso2":"BI","name":"Burundi"}},{"type":"Feature","geometry":{"type":"Polygon","coordinates":[[[110.7,20.1],[111,19.6],[110,18.4],[109.6,18.2],[108.7,18.5],[108.6,19.3],[109.3,19.9],[110.7,20.1]],[[110.5,19.1],[110.5,19.1],[110.5,19.1],[110.5,19.1]],[[116.7,20.7],[116.7,20.7],[116.7,20.7],[116.7,20.7]],[[110.6,20.9],[110.5,20.9],[110.6,21],[110.6,20.9]],[[109.1,21.1],[109.1,21],[109.1,21.1],[109.1,21.1]],[[110.5,21.1],[110.5,21],[110.2,21],[110.5,21.1]],[[110.5,21.2],[110.6,21.2],[110.5,21.1],[110.5,21.2]],[[111.8,21.6],[111.8,21.6],[112,21.7],[111.8,21.6]],[[112.5,21.6],[112.6,21.7],[112.6,21.6],[112.5,21.6]],[[112.8,21.7],[112.7,21.7],[112.9,21.8],[112.8,21.7]],[[113.4,22],[113.3,22],[113.4,22.1],[113.4,22]],[[113.3,22.1],[113.3,22.1],[113.4,22.2],[113.3,22.1]],[[113.6,22.7],[113.5,22.7],[113.5,22.7],[113.6,22.7]],[[113.6,22.8],[113.4,22.9],[113.5,22.9],[113.6,22.8]],[[117.1,23.4],[116.9,23.4],[117.1,23.5],[117.1,23.4]],[[117.4,23.8],[117.5,23.7],[117.3,23.6],[117.4,23.8]],[[118.1,24.4],[118.1,24.5],[118.1,24.5],[118.2,24.5],[118.1,24.4]],[[119.3,25.4],[119.3,25.5],[119.3,25.6],[119.3,25.4]],[[119.8,25.6],[119.7,25.4],[119.7,25.6],[119.8,25.6]],[[119.3,26],[119.2,26.1],[119.4,26],[119.3,26]],[[121.2,28],[121.1,28.1],[121.2,28.2],[121.2,28]],[[121.9,29.1],[121.9,29.1],[121.9,29.2],[121.9,29.1]],[[122.1,29.8],[122.2,29.7],[122,29.7],[122.1,29.8]],[[122.4,29.9],[122.4,29.8],[122.3,29.9],[122.4,29.9]],[[121.9,30],[121.9,30.1],[121.9,30],[121.9,30]],[[122.3,30],[122,30],[122,30.1],[122.3,30]],[[122.2,30.2],[122.1,30.3],[122.2,30.3],[122.2,30.2]],[[122.4,30.4],[122.3,30.4],[122.3,30.5],[122.4,30.4]],[[121.8,31.3],[121.8,31.4],[121.9,31.4],[121.8,31.3]],[[121.5,31.7],[121.9,31.5],[121.2,31.8],[121.5,31.7]],[[119.9,32.1],[119.7,32.3],[119.8,32.3],[119.9,32.1]],[[121.4,39.4],[121.3,39.4],[121.4,39.5],[121.4,39.4]],[[123.4,53.5],[126.1,52.8],[127.6,50.2],[127.5,49.8],[130.7,48.9],[130.5,48.6],[131,47.7],[132.5,47.7],[133.1,48.1],[134.7,48.3],[134.8,47.7],[134.2,47.3],[133.9,46.3],[133.1,45.1],[131.9,45.3],[130.9,44.8],[131.3,43.4],[131.1,42.9],[130.4,42.7],[130.6,42.4],[129.9,43],[129.7,42.4],[128.9,42],[128.1,42],[128.2,41.4],[126.9,41.8],[126,40.9],[124.4,40.1],[121.1,38.7],[121.8,39.4],[121.2,39.5],[122.3,40.5],[121.2,40.9],[120.5,40.2],[119.5,39.9],[118.9,39.1],[117.7,39.1],[117.7,38.4],[118.8,38.2],[119,37.3],[119.2,37.1],[119.8,37.2],[120.7,37.8],[121.6,37.4],[122.6,37.4],[122.5,36.9],[121.9,37],[120.8,36.6],[120.7,36.1],[120.1,36.2],[120.2,36],[119.2,34.9],[120.3,34.3],[120.8,32.6],[121.9,31.7],[120.6,32.1],[120.1,31.9],[119.8,32.3],[119.6,32.3],[120.1,31.9],[120.7,32],[121.9,31],[120.1,30.2],[121.3,30.3],[121.7,30],[122.1,29.9],[121.4,29.5],[122,29.6],[121.9,29.2],[121.4,29.2],[121.6,28.7],[121.1,28.8],[121.6,28.3],[120.6,28.1],[120.8,27.9],[120.5,27.2],[120.2,27.3],[120.4,27.1],[120,26.9],[120.1,26.6],[119.5,26.8],[119.7,26.3],[119.9,26.4],[119.4,26],[119.1,26.1],[119.3,25.9],[119.7,26],[119.5,25.7],[119.7,25.4],[119.3,25.6],[119.1,25.4],[119.4,25.3],[118.9,25.2],[119,25],[118.6,24.9],[118.6,24.5],[118.2,24.5],[118.2,24.7],[118,24.4],[117.8,24.5],[118.1,24.3],[116.5,23.4],[116.8,23.2],[116.5,22.9],[114.2,22.6],[114,22.5],[113.5,23],[113.8,23.1],[113.5,23.1],[113.4,22.9],[113.6,22.6],[113.6,22.2],[113.5,22.2],[113.2,22.6],[113.4,22.2],[113.3,22.2],[113.2,22],[113.1,22.2],[112.9,21.9],[111.9,21.9],[111.6,21.5],[110.4,21.4],[110.2,20.8],[110.5,20.5],[110.3,20.2],[109.9,20.2],[109.7,20.9],[109.9,21.4],[109.6,21.7],[109.1,21.4],[108.5,21.9],[108.5,21.6],[108,21.5],[106.7,22],[106.7,22.9],[105.6,23.1],[105.4,23.3],[104,22.5],[103.3,22.8],[103,22.4],[102.5,22.8],[102.1,22.4],[101.7,22.5],[101.6,22.2],[101.8,21.1],[101.3,21.2],[101.1,21.6],[101.1,21.8],[100.2,21.4],[100,22],[99.2,22.2],[99.6,22.9],[98.9,23.2],[98.7,24],[98.9,24.2],[97.5,23.9],[97.8,24.3],[97.6,24.7],[98.7,25.9],[98.8,26.6],[98.7,27.5],[98.3,27.5],[97.8,28.3],[97.6,28.5],[97.3,28.2],[96.4,28.4],[96.6,28.8],[96.5,29.1],[96.2,28.9],[96.4,29.3],[96.1,29.5],[95.4,29],[94.6,29.3],[92.5,27.9],[91.7,27.8],[91.3,28.1],[90.5,28.1],[90,28.3],[89.6,28.1],[88.9,27.3],[88.8,28],[88.1,27.9],[87.2,27.8],[86.7,28.1],[86.4,27.9],[86.2,28.2],[86,27.9],[85.7,28.3],[85.1,28.3],[85.2,28.6],[84.5,28.7],[84.1,29.3],[83.6,29.2],[82.1,30.3],[81.4,30.4],[81.2,30],[81,30.2],[79.1,31.4],[78.8,31.3],[78.4,32.5],[78.8,32.6],[79,32.4],[79.5,32.8],[78.8,33.5],[79,34.4],[78.3,34.6],[78.1,35.4],[77.8,35.5],[76.2,35.8],[75.9,36.7],[74.8,37],[74.6,37],[74.4,37.2],[74.9,37.2],[75.2,37.4],[74.9,37.6],[74.9,38.5],[73.8,38.6],[73.7,39.5],[74,40],[74.9,40.5],[75.6,40.6],[75.7,40.3],[76.3,40.4],[76.9,41],[78.1,41],[80.2,42.2],[80.2,42.7],[80.6,42.9],[80.4,43],[80.8,43.2],[80.4,44.1],[80.5,44.7],[79.9,44.9],[81.7,45.4],[82.6,45.1],[82.6,45.4],[82.3,45.6],[83,47.2],[84.8,46.8],[85.5,47.1],[85.8,48.4],[86.6,48.5],[86.9,49.1],[87.3,49.1],[87.8,49.2],[88,48.6],[88.7,48.2],[90.1,47.9],[91,46.6],[90.7,45.6],[90.9,45.3],[93.6,45],[95.4,44.3],[95.3,44],[96.4,42.7],[100.8,42.7],[105,41.6],[107.5,42.5],[109.3,42.4],[110.4,42.8],[112,43.7],[111.4,44.4],[112,45.1],[113.6,44.7],[114.5,45.4],[115.7,45.5],[116.6,46.3],[117.4,46.6],[119.9,46.7],[119.7,47.2],[118.5,48],[117.8,48],[117.4,47.7],[115.6,47.9],[116.7,49.8],[117.9,49.5],[119.2,50],[119.4,50.3],[119.1,50.4],[120.8,52.1],[120.7,52.5],[120,52.8],[120.9,53.3],[123.4,53.5]],[[108.3,21.7],[108.3,21.7],[108.3,21.7],[108.3,21.7]]]},"properties":{"iso2":"CN","name":"China"}},{"type":"Feature","geometry":{"type":"Polygon","coordinates":[[[74.9,37.2],[74.4,37.2],[74.6,37],[72.6,36.8],[71.2,36.1],[71.6,35.4],[71,34.6],[71.1,34.1],[69.9,34],[70.3,33.3],[69.5,33],[69.3,31.9],[68.8,31.6],[68.2,31.8],[67.6,31.5],[67.8,31.3],[66.7,31.2],[66.4,30.9],[66.3,29.9],[62.5,29.4],[60.9,29.9],[61.9,31],[61.7,31.4],[60.8,31.5],[60.6,33.1],[60.9,33.5],[60.5,33.6],[60.5,34.1],[60.9,34.3],[60.7,34.5],[61.3,35.6],[62.3,35.1],[62.7,35.3],[63.1,35.5],[63.1,35.9],[64.5,36.3],[64.8,37.1],[65.7,37.5],[66.5,37.4],[67.8,37.2],[68.1,36.9],[68.9,37.3],[69.3,37.1],[69.5,37.6],[70.2,37.5],[70.2,37.9],[71,38.5],[71.4,38.2],[71.3,37.9],[71.6,37.9],[71.4,37.1],[71.7,36.7],[73.3,37.5],[74.9,37.2]]]},"properties":{"iso2":"AF","name":"Afghanistan"}},{"type":"Feature","geometry":{"type":"Polygon","coordinates":[[[90.5,28.1],[91.3,28.1],[91.7,27.8],[92.1,27.3],[92.1,26.9],[89.6,26.7],[88.9,27],[88.9,27.3],[89.6,28.1],[90,28.3],[90.5,28.1]]]},"properties":{"iso2":"BT","name":"Bhutan"}},{"type":"Feature","geometry":{"type":"Polygon","coordinates":[[[-67.5,-55.8],[-67.6,-55.9],[-67.9,-55.8],[-67.5,-55.8]],[[-67.1,-55.9],[-67.2,-55.9],[-67.1,-55.8],[-67.1,-55.9]],[[-67.2,-55.8],[-67.2,-55.8],[-67.2,-55.8],[-67.2,-55.8]],[[-67.2,-55.9],[-67.4,-55.8],[-67.2,-55.8],[-67.2,-55.9]],[[-67.3,-55.7],[-67.6,-55.7],[-67.4,-55.6],[-67.3,-55.7]],[[-67.7,-55.6],[-67.7,-55.5],[-67.6,-55.5],[-67.7,-55.6]],[[-66.6,-55.3],[-66.6,-55.2],[-66.4,-55.2],[-66.6,-55.3]],[[-66.9,-55.3],[-67.1,-55.3],[-66.9,-55.2],[-66.9,-55.3]],[[-66.8,-55.1],[-67.1,-55],[-66.9,-55],[-66.8,-55.1]],[[-69.7,-55.4],[-69.8,-55.3],[-69.6,-55.4],[-69.7,-55.4]],[[-68.4,-55],[-69.1,-55.1],[-68.2,-55.3],[-68.7,-55.3],[-68.2,-55.4],[-68.1,-55.7],[-68.9,-55.5],[-68.8,-55.2],[-69.4,-55.2],[-69.2,-55.5],[-70,-55.2],[-68.4,-55]],[[-70,-55.4],[-70.1,-55.3],[-69.9,-55.3],[-70,-55.4]],[[-67.8,-54.9],[-67.1,-55.1],[-68.1,-55.2],[-68.4,-54.9],[-67.8,-54.9]],[[-73.2,-54.1],[-73.5,-54.1],[-73.2,-54],[-73.2,-54.1]],[[-72,-54.6],[-71.9,-54.7],[-72.1,-54.7],[-72,-54.6]],[[-72.3,-54.4],[-72.5,-54.4],[-72.5,-54.3],[-72.3,-54.4]],[[-71.3,-54.1],[-71,-54.1],[-71.1,-54.4],[-71.7,-54.2],[-71.3,-54.1]],[[-70.3,-54.3],[-70.5,-54.2],[-70.2,-54.2],[-70.3,-54.3]],[[-72.3,-54.3],[-72.5,-54.2],[-72.3,-54.1],[-72.2,-54.1],[-72.3,-54.3]],[[-71.7,-53.9],[-72,-54],[-71.8,-54.3],[-72.3,-53.9],[-71.7,-53.9]],[[-70.5,-55],[-70.7,-55],[-70.3,-55.1],[-71,-55],[-70.3,-54.9],[-70.5,-55]],[[-71.1,-54.9],[-70.9,-54.9],[-71.5,-54.9],[-71.1,-54.9]],[[-69.8,-55],[-69.9,-54.9],[-69.2,-55],[-69.8,-55]],[[-70.6,-54.9],[-70.7,-54.9],[-70.4,-54.9],[-70.6,-54.9]],[[-80.7,-33.8],[-80.8,-33.7],[-80.7,-33.7],[-80.7,-33.8]],[[-78.8,-33.6],[-79,-33.7],[-78.9,-33.6],[-78.8,-33.6]],[[-109.2,-27.1],[-109.4,-27.2],[-109.4,-27.1],[-109.2,-27.1]],[[-105.5,-26.5],[-105.5,-26.5],[-105.5,-26.5],[-105.5,-26.5]],[[-79.9,-26.3],[-79.9,-26.3],[-79.9,-26.3],[-79.9,-26.3]],[[-80.1,-26.3],[-80.1,-26.3],[-80.1,-26.3],[-80.1,-26.3]],[[-73.9,-43.8],[-73.8,-43.9],[-74.2,-43.9],[-73.9,-43.8]],[[-74.6,-43.6],[-74.8,-43.6],[-74.9,-43.6],[-74.6,-43.6]],[[-72.5,-42.2],[-72.6,-42.1],[-72.5,-42.1],[-72.5,-42.2]],[[-73.9,-41.8],[-73.5,-41.8],[-73.4,-42.3],[-73.7,-42.4],[-73.6,-42.5],[-73.8,-42.5],[-73.8,-42.6],[-73.5,-42.8],[-73.7,-42.9],[-73.5,-43.1],[-73.9,-43.4],[-74.4,-43.2],[-73.9,-41.8]],[[-73.6,-42.6],[-73.8,-42.6],[-73.6,-42.6],[-73.6,-42.6]],[[-73.4,-42.6],[-73.7,-42.4],[-73.5,-42.4],[-73.4,-42.6]],[[-73.1,-42.3],[-73.2,-42.3],[-73.1,-42.3],[-73.1,-42.3]],[[-73,-41.9],[-73.1,-41.8],[-73.1,-41.7],[-73,-41.9]],[[-74.8,-47.9],[-74.9,-48.1],[-75.3,-48],[-74.8,-47.9]],[[-73.9,-47.9],[-73.8,-47.9],[-74.5,-47.9],[-73.9,-47.9]],[[-75.1,-47.8],[-75.3,-47.8],[-75.1,-47.7],[-75.1,-47.8]],[[-74.5,-47.2],[-74.5,-47.1],[-74.3,-47.1],[-74.5,-47.2]],[[-74.2,-47.2],[-74.2,-47],[-74,-47],[-74.2,-47.2]],[[-73.7,-45.8],[-73.9,-46],[-73.9,-45.9],[-73.7,-45.8]],[[-73.8,-46.2],[-73.9,-46],[-73.7,-46.1],[-73.8,-46.2]],[[-74.7,-45.9],[-75.1,-46.1],[-75.1,-45.9],[-74.7,-45.9]],[[-73.7,-46],[-73.8,-46],[-73.8,-45.9],[-73.7,-46]],[[-75,-47.8],[-75.1,-47.7],[-75,-47.7],[-75,-47.8]],[[-74.8,-45.7],[-74.9,-45.6],[-74.9,-45.6],[-74.8,-45.7]],[[-74,-45.7],[-74.1,-45.6],[-74,-45.5],[-73.9,-45.6],[-74,-45.7]],[[-74.5,-45.5],[-74.6,-45.5],[-74.4,-45.4],[-74.5,-45.5]],[[-74,-45.4],[-73.8,-45.5],[-74.1,-45.6],[-74,-45.4]],[[-74,-45.3],[-73.8,-45.3],[-74.2,-45.3],[-74,-45.3]],[[-74.3,-45.3],[-74.4,-45.2],[-74.3,-45.2],[-74.3,-45.3]],[[-73.8,-45],[-73.7,-45.3],[-74.2,-45.2],[-73.8,-45]],[[-73.9,-45.4],[-74,-45.4],[-73.8,-45.4],[-73.9,-45.4]],[[-74.3,-45.4],[-74.5,-45.3],[-74.4,-45.3],[-74.3,-45.4]],[[-74,-45.9],[-74.1,-45.8],[-74,-45.7],[-74,-45.9]],[[-73.6,-45.8],[-73.8,-45.7],[-73.7,-45.4],[-73.6,-45.8]],[[-74.6,-45.8],[-74.7,-45.6],[-74.5,-45.6],[-74.6,-45.8]],[[-74.5,-45.8],[-74.4,-45.4],[-74.2,-45.6],[-74.5,-45.8]],[[-74.8,-44.7],[-74.8,-44.5],[-74.7,-44.6],[-74.8,-44.7]],[[-74.5,-44.7],[-74.7,-44.7],[-74.6,-44.6],[-74.5,-44.7]],[[-74.3,-44.6],[-74.4,-44.5],[-74.1,-44.6],[-74.3,-44.6]],[[-73.7,-44.8],[-73.7,-44.8],[-73.6,-44.7],[-73.7,-44.8]],[[-74,-44.9],[-74.2,-44.8],[-74,-44.8],[-74,-44.9]],[[-74.4,-44.9],[-74.5,-44.7],[-74.4,-44.7],[-74.4,-44.9]],[[-74.2,-44.8],[-74.4,-44.6],[-73.9,-44.7],[-74.2,-44.8]],[[-73.7,-44.7],[-73.7,-44.5],[-73.6,-44.7],[-73.7,-44.7]],[[-74.3,-44.2],[-74.4,-44.2],[-74.3,-44.2],[-74.3,-44.2]],[[-73.6,-44.1],[-73.7,-43.9],[-73.6,-44],[-73.6,-44.1]],[[-74.3,-44],[-74.3,-44],[-74.2,-44],[-74.3,-44]],[[-73.9,-44.2],[-74,-44.1],[-73.9,-44.1],[-73.9,-44.2]],[[-74.3,-44.3],[-74.4,-44.3],[-74.3,-44.2],[-74.3,-44.3]],[[-73.7,-44.3],[-73.8,-44.3],[-73.7,-44.3],[-73.7,-44.3]],[[-73.8,-44.3],[-74,-44.3],[-73.8,-44.3],[-73.8,-44.3]],[[-74,-44.3],[-74.1,-44.2],[-74.1,-44.2],[-74,-44.3]],[[-72.7,-44.5],[-72.8,-44.6],[-73,-44.6],[-72.8,-44.7],[-73.1,-44.9],[-73.3,-44.9],[-73.4,-44.8],[-73.2,-44.8],[-73.5,-44.6],[-73,-44.4],[-72.7,-44.5]],[[-74,-44.6],[-74.1,-44.4],[-74,-44.5],[-74,-44.6]],[[-74.4,-44.5],[-74.5,-44.5],[-74.2,-44.5],[-74.4,-44.5]],[[-73.2,-44.4],[-73.3,-44.4],[-73.2,-44.3],[-73.2,-44.4],[-73.2,-44.4]],[[-73.7,-44.4],[-73.8,-44.4],[-73.7,-44.4],[-73.7,-44.4]],[[-73.8,-44.5],[-73.9,-44.4],[-73.8,-44.4],[-73.8,-44.5]],[[-73.9,-44.4],[-74.1,-44.3],[-73.9,-44.4],[-73.9,-44.4]],[[-74,-45],[-74.4,-45],[-74.2,-44.9],[-74,-45]],[[-75.1,-44.9],[-75.1,-44.8],[-75,-44.8],[-75.1,-44.9]],[[-73.8,-45],[-73.9,-44.9],[-73.9,-44.8],[-73.8,-45]],[[-73.2,-44],[-73.3,-43.9],[-73.1,-43.9],[-73.2,-44]],[[-70.9,-54.7],[-72,-54.5],[-70.1,-54.5],[-70.9,-54.1],[-70.1,-54.4],[-70.2,-54.3],[-70.1,-54.2],[-69.8,-54.6],[-69.9,-54.3],[-69.2,-54.4],[-69.4,-54.7],[-69.2,-54.6],[-69,-54.4],[-70.2,-53.8],[-69.4,-53.4],[-70.4,-53.4],[-70.4,-53],[-70.1,-52.9],[-70.4,-52.8],[-69.9,-52.8],[-69.4,-52.5],[-68.6,-52.6],[-68.6,-54.8],[-68.6,-54.8],[-68.6,-54.9],[-70.9,-54.7]],[[-70.9,-54.7],[-70.8,-54.7],[-70.9,-54.7],[-70.9,-54.7]],[[-73.8,-53.6],[-73.9,-53.5],[-73.7,-53.5],[-73.8,-53.6]],[[-73.5,-53.5],[-73.5,-53.6],[-73.8,-53.4],[-73.5,-53.5]],[[-70.4,-53.9],[-70.7,-53.9],[-70.5,-54.2],[-70.9,-54.1],[-70.5,-53.6],[-70.4,-53.9]],[[-72.9,-53.4],[-72.9,-53.7],[-72.8,-53.5],[-72.1,-53.8],[-72.9,-54.1],[-72.7,-53.8],[-73.1,-54],[-73.2,-53.7],[-73.6,-53.8],[-72.9,-53.4]],[[-74.2,-53.3],[-74.2,-53.3],[-74.1,-53.2],[-74.2,-53.3]],[[-74.7,-52.3],[-74.8,-52.2],[-74.6,-52.2],[-74.7,-52.3]],[[-73.8,-52.4],[-74.1,-52.2],[-73.8,-52.3],[-73.8,-52.4]],[[-75,-51.4],[-75.3,-51.6],[-75.2,-51.3],[-75,-51.4]],[[-73.8,-51.4],[-73.9,-51.3],[-73.8,-51.3],[-73.8,-51.4]],[[-74.1,-51.5],[-74.3,-51.3],[-74.2,-51.3],[-74.1,-51.5]],[[-75.1,-51.9],[-75.1,-51.7],[-75,-51.7],[-75.1,-51.9]],[[-73.8,-51.8],[-73.9,-51.7],[-73.8,-51.7],[-73.8,-51.8]],[[-74.1,-51.6],[-73.9,-51.8],[-74.2,-51.7],[-74.1,-51.6]],[[-74.4,-52.1],[-74.4,-52],[-74.4,-52.1],[-74.4,-52.1]],[[-74.7,-52.1],[-74.6,-51.9],[-74.5,-52],[-74.7,-52.1]],[[-74.2,-52.1],[-73.9,-52.3],[-74.4,-52.1],[-74.2,-52.1]],[[-73.7,-52.2],[-74.1,-51.9],[-73.8,-52.1],[-73.7,-52.2]],[[-74.8,-52.2],[-74.8,-52.1],[-74.6,-52.1],[-74.8,-52.2]],[[-74.9,-52.1],[-74.7,-51.8],[-74.6,-51.8],[-74.9,-52.1]],[[-74.1,-52],[-74.5,-51.7],[-74.1,-51.9],[-74.1,-52]],[[-74.8,-51.8],[-75,-52.1],[-74.9,-51.6],[-74.8,-51.8]],[[-70.7,-52.9],[-70.8,-52.9],[-70.6,-52.8],[-70.7,-52.9]],[[-74.4,-52.9],[-74.7,-52.8],[-73.1,-53.4],[-74.4,-52.9]],[[-73.4,-52.9],[-73.4,-53],[-73.8,-52.9],[-73.4,-52.9]],[[-73.8,-52.7],[-74.1,-52.6],[-73.7,-52.4],[-73.8,-52.7]],[[-75.1,-50.5],[-75.3,-50.8],[-75.5,-50.7],[-75.1,-50.5]],[[-74.7,-50.6],[-74.7,-50.5],[-74.6,-50.5],[-74.7,-50.6]],[[-74.7,-50.5],[-74.8,-50.4],[-74.5,-50.4],[-74.7,-50.5]],[[-75,-50.8],[-75.1,-50.7],[-75,-50.7],[-75,-50.8]],[[-74.7,-50.9],[-75,-50.7],[-74.7,-50.7],[-74.7,-50.9]],[[-74.4,-50.5],[-74.2,-50.8],[-74.5,-50.7],[-74.4,-50.5],[-74.7,-50.5],[-74.4,-50.5]],[[-74,-48.4],[-74.1,-48.5],[-74.2,-48.4],[-74,-48.4]],[[-75.2,-49],[-75.3,-48.8],[-75.1,-48.9],[-75.2,-49]],[[-74.4,-48.5],[-74.5,-48.4],[-74.3,-48.5],[-74.4,-48.5]],[[-74.3,-48.5],[-74.5,-48.4],[-74.3,-48.3],[-74.3,-48.5]],[[-75,-48.7],[-75,-48.6],[-74.8,-48.7],[-75,-48.7]],[[-75.1,-48.8],[-75.2,-48.8],[-75.1,-48.6],[-75.1,-48.8]],[[-75.3,-48.7],[-75.7,-48.8],[-75.3,-48.6],[-75.3,-48.7]],[[-75.3,-48.6],[-75.6,-48.7],[-75.7,-48.5],[-75.3,-48.6]],[[-75.2,-48.3],[-75.2,-48.7],[-75.6,-48.1],[-75.2,-48.3]],[[-75,-50.2],[-74.8,-50.1],[-75.5,-50.4],[-75.1,-50.2],[-75.4,-50],[-75,-50.2]],[[-75.3,-49.7],[-75.2,-49.9],[-75.6,-49.8],[-75.3,-49.7]],[[-74.3,-49.6],[-74.4,-49.6],[-74.4,-49.4],[-74.3,-49.6]],[[-74.9,-49.3],[-75.2,-49.2],[-75,-49],[-74.9,-49.3]],[[-75.5,-49.5],[-75.6,-49.5],[-75.5,-49.5],[-75.5,-49.5]],[[-75.3,-49.1],[-75.7,-49.2],[-75.4,-49],[-75.3,-49.1]],[[-75.3,-48.9],[-75.3,-49.1],[-75.3,-49],[-75.5,-49],[-75.7,-48.9],[-75.3,-48.9]],[[-74.6,-48.5],[-74.4,-49.7],[-74.8,-50.1],[-74.9,-49.7],[-74.6,-49.4],[-75,-49.5],[-75,-49.9],[-75.5,-49.3],[-74.9,-49.3],[-74.8,-49.1],[-75.1,-48.8],[-74.6,-48.7],[-75,-48.5],[-74.7,-48.5],[-74.7,-48.1],[-74.6,-48.5]],[[-75,-51.2],[-74.9,-51.1],[-74.9,-51.1],[-75,-51.2]],[[-74.4,-51.2],[-74.6,-51.1],[-74.5,-51],[-74.4,-51.2]],[[-74.5,-51.3],[-75,-51.5],[-74.8,-51.2],[-74.5,-51.3]],[[-74,-51.4],[-74.1,-51.2],[-74,-51.2],[-74,-51.4]],[[-74.3,-51.2],[-74.3,-50.9],[-74.2,-51.2],[-74.3,-51.2]],[[-74.4,-50.9],[-74.4,-51.1],[-74.5,-51],[-74.7,-51.1],[-75,-51],[-74.4,-50.9]],[[-74.9,-48.2],[-75,-48.4],[-75.3,-48.1],[-74.9,-48.2]],[[-74.4,-48.3],[-74.5,-48.3],[-74.6,-48.2],[-74.4,-48.3]],[[-69.5,-17.6],[-69.1,-18],[-68.9,-19.1],[-68.4,-19.4],[-68.8,-20.4],[-68.2,-21.3],[-67.9,-22.8],[-67.2,-22.8],[-67,-23],[-67.3,-24],[-68.6,-24.8],[-68.4,-25.1],[-68.6,-26.5],[-68.3,-26.9],[-68.8,-27.1],[-69.7,-28.4],[-70,-29.3],[-69.8,-30.2],[-70.5,-31.2],[-70.1,-33.2],[-69.8,-33.4],[-69.8,-34.2],[-70.6,-35.2],[-70.4,-36.1],[-71.2,-36.8],[-70.8,-38.6],[-71.4,-38.9],[-71.7,-39.6],[-72,-40.7],[-71.7,-42.1],[-72.1,-42.3],[-72.1,-43],[-71.7,-43.2],[-71.9,-44.4],[-71.1,-44.5],[-71.3,-44.8],[-72.1,-44.8],[-71.3,-45.3],[-71.8,-45.6],[-71.7,-46.7],[-71.9,-46.8],[-71.9,-47.2],[-72.4,-47.5],[-72.5,-47.9],[-72.3,-48.3],[-72.6,-48.8],[-73.6,-49.5],[-73.2,-50.8],[-72.3,-50.6],[-72.4,-51.5],[-71.9,-52],[-70,-52],[-68.4,-52.4],[-69.3,-52.2],[-70.8,-52.7],[-71,-53.8],[-71.3,-53.9],[-72.5,-53.4],[-71.9,-53.2],[-72,-53.6],[-71.8,-53.5],[-71.2,-52.8],[-72.6,-53.1],[-72.2,-53.2],[-72.7,-53.3],[-72.4,-53.5],[-73.2,-53.2],[-72.7,-53.3],[-72.8,-53.2],[-72.7,-53.1],[-72.9,-53.1],[-73,-52.9],[-72.7,-52.7],[-71.5,-52.6],[-72.8,-52.5],[-72.9,-52.6],[-72.7,-52.7],[-73,-52.9],[-73,-53.1],[-73.5,-53],[-73.2,-52.9],[-73.6,-52.8],[-72.9,-52.5],[-73.7,-52.7],[-73.5,-52.5],[-73.7,-52],[-73.3,-52.2],[-73,-52.1],[-72.9,-52.3],[-72.7,-52],[-72.6,-52.3],[-72.9,-52.5],[-72.5,-52.3],[-72.5,-51.8],[-73.2,-51.5],[-72.6,-51.8],[-73.3,-51.6],[-72.9,-51.9],[-73.2,-52.1],[-73.4,-51.7],[-73.3,-52.2],[-73.5,-52.1],[-73.5,-51.7],[-73.9,-51.6],[-73.9,-51.4],[-73.6,-51.6],[-73.7,-51.2],[-74.3,-50.9],[-73.5,-50.7],[-73.6,-50.4],[-74,-50.8],[-74.3,-50.5],[-73.9,-50.5],[-74.7,-50.2],[-73.9,-50.3],[-74.4,-50],[-73.9,-50.1],[-74.3,-49.6],[-73.7,-49.8],[-74.1,-49.5],[-73.8,-49],[-74.4,-49.4],[-74.4,-48.8],[-74.1,-48.7],[-74.4,-48.6],[-74,-48.5],[-74,-48.4],[-74.7,-48],[-73.6,-48.2],[-73.3,-48.1],[-73.7,-47.9],[-73.2,-48],[-73.7,-47.5],[-73.9,-47.8],[-74.7,-47.7],[-74,-47.6],[-74.5,-47.4],[-73.9,-47],[-74.3,-46.8],[-75,-46.8],[-74.9,-46.4],[-75.7,-46.8],[-75.4,-46.9],[-75.7,-46.7],[-74.4,-45.8],[-74.1,-45.8],[-74,-46.1],[-74.1,-46.2],[-74.3,-46.2],[-74.5,-46.2],[-74.3,-46.3],[-74,-46.2],[-73.9,-46.3],[-73.9,-46.1],[-73.8,-46.3],[-74,-46.6],[-73.8,-46.6],[-73.4,-46.1],[-73.7,-46.3],[-73.7,-46],[-73.2,-45.7],[-73.6,-45.8],[-73.5,-45.5],[-72.8,-45.4],[-73.4,-45.3],[-73.4,-45],[-73.1,-44.9],[-72.8,-44.8],[-72.6,-44.5],[-73.3,-44.1],[-72.8,-43.8],[-73.1,-43.4],[-72.7,-43],[-72.9,-42.6],[-72.5,-42.6],[-72.8,-42.3],[-72.4,-42.5],[-72.5,-42],[-72.9,-41.9],[-72.4,-41.7],[-72.3,-41.4],[-72.6,-41.7],[-72.9,-41.5],[-73.2,-41.8],[-73.8,-41.8],[-73.5,-41.5],[-73.9,-41.5],[-74,-41],[-73.2,-39.4],[-73.6,-37.2],[-73.2,-37.1],[-71.4,-32.6],[-71.7,-30.8],[-71.3,-29.9],[-71.5,-29],[-70.9,-27.6],[-70.4,-25.4],[-70.4,-23.6],[-70.6,-23.5],[-70.1,-21.4],[-70.4,-18.3],[-70,-18.2],[-69.5,-17.5],[-69.5,-17.6]],[[-74.1,-46],[-74.2,-46.1],[-74.1,-46.1],[-74.1,-46]],[[-73.4,-52.7],[-73.3,-52.7],[-73.4,-52.7],[-73.4,-52.7]]]},"properties":{"iso2":"CL","name":"Chile"}},{"type":"Feature","geometry":{"type":"Polygon","coordinates":[[[-81.1,19.3],[-81.4,19.3],[-81.3,19.4],[-81.1,19.3]],[[-80.1,19.7],[-80.1,19.7],[-80,19.7],[-80.1,19.7]],[[-79.9,19.7],[-79.9,19.7],[-79.7,19.7],[-79.9,19.7]]]},"properties":{"iso2":"KY","name":"Cayman Islands"}},{"type":"Feature","geometry":{"type":"Polygon","coordinates":[[[9.7,3.6],[9.6,3.6],[9.6,3.6],[9.7,3.6]],[[14.6,12.7],[15,12.1],[15.1,10.8],[15.7,10],[14.2,10],[14,9.6],[15.2,8.5],[15.5,7.5],[14.4,6],[14.7,4.6],[16.1,2.9],[16.2,2.2],[16.1,1.7],[14.6,2.2],[13.3,2.2],[12.5,2.3],[11.3,2.2],[10,2.2],[9.8,2.3],[9.7,3.9],[9,4.1],[8.8,4.6],[8.5,4.5],[8.6,4.8],[8.9,5.8],[9.8,6.8],[10.6,7.1],[11.3,6.4],[11.9,7.1],[12.3,8.4],[12.8,8.8],[13.8,11.1],[14.6,11.6],[14.6,12.2],[14.2,12.4],[14.1,13.1],[14.5,13],[14.6,12.7]]]},"properties":{"iso2":"CM","name":"Cameroon"}},{"type":"Feature","geometry":{"type":"Polygon","coordinates":[[[14.5,13],[14.1,13.1],[13.6,13.7],[13.5,14.5],[15.5,16.9],[16,20.4],[15.2,21.5],[15,23],[16,23.5],[24,19.5],[24,15.7],[22.9,15.6],[22.9,15.1],[22.4,14.6],[22.6,14.1],[22.1,13.8],[22.3,13.4],[21.8,12.8],[22.5,12.6],[22.9,10.9],[21.7,10.6],[21.7,10.3],[20.4,9.1],[19,9],[19.1,8.6],[18.6,8],[15.5,7.5],[15.2,8.5],[14,9.6],[14.2,10],[15.7,10],[15.1,10.8],[15,12.1],[14.6,12.7],[14.5,13]]]},"properties":{"iso2":"TD","name":"Chad"}},{"type":"Feature","geometry":{"type":"Polygon","coordinates":[[[43.9,-12.4],[43.7,-12.4],[43.6,-12.3],[43.9,-12.4]],[[44.5,-12.1],[44.5,-12.4],[44.2,-12.2],[44.5,-12.1]],[[43.5,-11.9],[43.2,-11.8],[43.3,-11.4],[43.5,-11.9]]]},"properties":{"iso2":"KM","name":"Comoros"}},{"type":"Feature","geometry":{"type":"Polygon","coordinates":[[[-78.1,2.5],[-78.2,2.6],[-78.2,2.6],[-78.1,2.6],[-78.1,2.5],[-78.1,2.5]],[[-78,2.5],[-78,2.6],[-78,2.7],[-77.9,2.6],[-78,2.6],[-78,2.5]],[[-77.9,2.6],[-77.9,2.7],[-77.8,2.6],[-77.9,2.6]],[[-77.8,2.6],[-77.8,2.6],[-77.9,2.7],[-77.8,2.7],[-77.7,2.6],[-77.8,2.6]],[[-77.6,3.1],[-77.7,3.1],[-77.5,3.2],[-77.6,3.1]],[[-77.4,4.1],[-77.5,4.2],[-77.5,4.2],[-77.4,4.1]],[[-77.5,4.2],[-77.4,4.3],[-77.3,4.3],[-77.5,4.2]],[[-71.6,12.5],[-71.1,12.1],[-71.3,11.9],[-72,11.7],[-72.2,11.3],[-72.5,11.1],[-73.4,9.2],[-72.8,9.1],[-72.3,8.1],[-72.5,7.5],[-72,7],[-70.1,7],[-69.2,6.1],[-67.5,6.2],[-67.9,4.6],[-67.3,3.4],[-67.8,2.8],[-67.2,2.4],[-66.9,1.2],[-67.1,1.2],[-67.4,2.1],[-67.9,1.7],[-68.2,2],[-68.2,1.7],[-69.8,1.7],[-69.8,1.1],[-69.3,1],[-69.1,0.6],[-70,0.6],[-70.1,-0.2],[-69.6,-0.5],[-69.4,-1.3],[-70,-4.2],[-70.7,-3.8],[-70.1,-2.8],[-70.3,-2.5],[-71.7,-2.1],[-72.9,-2.5],[-73.6,-1.4],[-74.2,-1],[-74.8,-0.2],[-75.3,-0.1],[-76.2,0.4],[-77.4,0.4],[-78.6,1.2],[-78.8,1.4],[-79.1,1.6],[-78.6,1.8],[-78.6,2.4],[-78.4,2.5],[-78.3,2.4],[-78.3,2.5],[-78.1,2.5],[-78,2.5],[-77.9,2.6],[-77.9,2.7],[-77.9,2.6],[-77.8,2.6],[-77.7,2.6],[-77,3.9],[-77.4,4],[-77.2,4.3],[-77.4,4.3],[-77.3,5.2],[-77.5,5.5],[-77.2,5.8],[-77.5,6.2],[-77.3,6.6],[-77.9,7.2],[-77.7,7.7],[-77.6,7.5],[-77.2,7.9],[-77.4,8.7],[-76.8,7.9],[-76.9,8.6],[-75.6,9.5],[-75.3,10.8],[-74.9,11.1],[-74.3,11],[-74.6,10.9],[-74.4,10.7],[-74.2,11.3],[-73.3,11.3],[-71.6,12.5]],[[-78.5,2.4],[-78.5,2.4],[-78.6,2.4],[-78.6,2.4],[-78.5,2.4]],[[-81.7,12.5],[-81.7,12.6],[-81.7,12.6],[-81.7,12.5]],[[-81.4,13.3],[-81.4,13.3],[-81.4,13.4],[-81.4,13.3]]]},"properties":{"iso2":"CO","name":"Colombia"}},{"type":"Feature","geometry":{"type":"Polygon","coordinates":[[[-85.1,10.1],[-85.2,10.1],[-85.2,10.1],[-85.2,10.1],[-85.1,10.1],[-85.1,10.1]],[[-85.1,11],[-83.9,10.7],[-83.6,10.9],[-82.6,9.6],[-82.9,9.5],[-82.7,8.9],[-82.9,8],[-83.3,8.7],[-83.3,8.4],[-83.7,8.6],[-83.6,9],[-84.6,9.6],[-84.7,10],[-85.2,10.2],[-85.2,10.1],[-84.9,9.8],[-85.1,9.6],[-85.7,9.9],[-85.9,10.4],[-85.6,10.6],[-85.9,10.9],[-85.7,11.1],[-85.1,11]]]},"properties":{"iso2":"CR","name":"Costa Rica"}},{"type":"Feature","geometry":{"type":"Polygon","coordinates":[[[19.1,8.6],[19,9],[20.4,9.1],[21.7,10.3],[21.7,10.6],[22.9,10.9],[23.7,9.9],[23.5,8.7],[24.2,8.7],[24.2,8.3],[25.3,7.9],[25.2,7.5],[26.4,6.6],[26.4,6.1],[27.1,5.8],[27.5,5],[25.9,5.2],[25.5,5.4],[24.7,4.9],[24.4,5.1],[23.4,4.6],[22.9,4.8],[22.4,4.1],[20.6,4.4],[19.4,5.1],[18.5,4.3],[18.6,3.5],[17.5,3.7],[16.7,3.5],[16.2,2.2],[16.1,2.9],[14.7,4.6],[14.4,6],[15.5,7.5],[18.6,8],[19.1,8.6]]]},"properties":{"iso2":"CF","name":"Central African Republic"}},{"type":"Feature","geometry":{"type":"Polygon","coordinates":[[[-78.3,20.5],[-78.5,20.6],[-78.3,20.6],[-78.3,20.5]],[[-78.4,20.6],[-78.4,20.6],[-78.4,20.7],[-78.4,20.6]],[[-78.4,20.7],[-78.5,20.7],[-78.5,20.7],[-78.4,20.7]],[[-78.8,20.7],[-78.8,20.8],[-78.8,20.7],[-78.8,20.7]],[[-75.5,20.7],[-75.6,20.8],[-75.5,20.8],[-75.5,20.7]],[[-78.8,20.8],[-79,20.8],[-78.9,20.8],[-78.8,20.8]],[[-79,20.8],[-79.1,20.9],[-79,20.9],[-79,20.8]],[[-79.1,20.9],[-79.2,21],[-79.2,21],[-79.1,20.9]],[[-79.3,21.1],[-79.4,21.1],[-79.3,21.1],[-79.3,21.1]],[[-79.4,21.1],[-79.5,21.1],[-79.4,21.1],[-79.4,21.1]],[[-81.5,21.6],[-81.6,21.6],[-81.4,21.7],[-81.5,21.6]],[[-82.5,21.6],[-82.9,21.4],[-83.2,21.6],[-82.9,21.6],[-83.1,21.8],[-83,21.9],[-82.5,21.6]],[[-77.9,22.1],[-77.7,22.1],[-77.6,22],[-77.9,22.1]],[[-77.8,22.1],[-78,22.2],[-78,22.3],[-77.8,22.1]],[[-77.8,22.2],[-77.8,22.2],[-77.9,22.3],[-77.8,22.2]],[[-78.1,22.4],[-78,22.3],[-78.3,22.4],[-78.1,22.4]],[[-78.3,22.5],[-78.4,22.4],[-78.7,22.5],[-78.3,22.5]],[[-79,22.6],[-79.1,22.7],[-79,22.7],[-79,22.6]],[[-79.3,22.6],[-79.6,22.8],[-79.6,22.8],[-79.3,22.6]],[[-79.9,22.9],[-80,22.9],[-79.9,23],[-79.9,22.9]],[[-80.2,23],[-80.2,23],[-80.3,23],[-80.2,23]],[[-80,23],[-80.1,23],[-80.1,23.1],[-80,23]],[[-80.1,23.1],[-80.2,23.1],[-80.2,23.1],[-80.1,23.1]],[[-80.9,23.1],[-80.8,23.2],[-81,23.1],[-80.9,23.1]],[[-82,23.2],[-81.6,23.2],[-81.5,23.1],[-81.2,23.2],[-81.3,23.1],[-81.1,23],[-80.6,23.1],[-80.5,23],[-80.3,22.9],[-80,23],[-77.3,21.6],[-77.5,21.9],[-76.9,21.3],[-75.7,21.1],[-75.7,20.7],[-74.1,20.3],[-75.1,19.9],[-75.1,20],[-75.2,20],[-75.2,19.9],[-77.7,19.8],[-77.1,20.4],[-77.2,20.7],[-78.1,20.7],[-78.8,21.6],[-80,21.7],[-80.5,22.2],[-81.8,22.2],[-82.2,22.4],[-81.6,22.5],[-81.9,22.7],[-82.8,22.7],[-84,21.9],[-85,21.9],[-84.3,22],[-84.1,22.7],[-82,23.2]],[[-80.5,23.2],[-80.6,23.2],[-80.6,23.2],[-80.5,23.2]]]},"properties":{"iso2":"CU","name":"Cuba"}},{"type":"Feature","geometry":{"type":"Polygon","coordinates":[[[-24.4,14.8],[-24.5,14.9],[-24.4,15],[-24.4,14.8]],[[-23.4,15],[-23.7,14.9],[-23.8,15.3],[-23.4,15]],[[-22.7,16],[-23,16.1],[-22.8,16.2],[-22.7,16]],[[-24,16.6],[-24.3,16.5],[-24.4,16.6],[-24,16.6]],[[-24.9,16.8],[-25.1,16.8],[-24.9,16.9],[-24.9,16.8]],[[-25.3,16.9],[-25.3,17.1],[-25,17.1],[-25.3,16.9]]]},"properties":{"iso2":"CV","name":"Cabo Verde"}},{"type":"Feature","geometry":{"type":"Polygon","coordinates":[[[-157.9,-21.9],[-158,-21.9],[-157.9,-21.9],[-157.9,-21.9]],[[-159.7,-21.3],[-159.8,-21.2],[-159.8,-21.2],[-159.7,-21.3]],[[-157.3,-20.2],[-157.3,-20.1],[-157.3,-20.1],[-157.3,-20.2]],[[-158.1,-20],[-158.1,-20],[-158.1,-20],[-158.1,-20]],[[-158.3,-19.8],[-158.3,-19.8],[-158.3,-19.8],[-158.3,-19.8]],[[-157.7,-19.9],[-157.7,-19.8],[-157.7,-19.8],[-157.7,-19.9]],[[-158.9,-19.3],[-158.9,-19.3],[-159,-19.2],[-158.9,-19.3]],[[-159.8,-18.9],[-159.8,-18.9],[-159.8,-18.8],[-159.8,-18.9]],[[-163.2,-18.1],[-163.2,-18.1],[-163.2,-18.1],[-163.2,-18.1]],[[-165.4,-11.5],[-165.4,-11.5],[-165.4,-11.5],[-165.4,-11.5]],[[-165.8,-10.9],[-165.9,-10.9],[-165.8,-10.9],[-165.8,-10.9]],[[-161,-10.4],[-161,-10.4],[-161,-10.4],[-161,-10.4]],[[-161,-10.4],[-161,-10.4],[-161,-10.4],[-161,-10.4]],[[-161.1,-10],[-161.1,-10],[-161.1,-10],[-161.1,-10]],[[-157.9,-9],[-158,-9],[-158,-9],[-157.9,-9]]]},"properties":{"iso2":"CK","name":"Cook Islands"}},{"type":"Feature","geometry":{"type":"Polygon","coordinates":[[[33.7,35.4],[34.6,35.7],[33.9,35.3],[34.1,35],[33,34.6],[32.3,35],[33.7,35.4]]]},"properties":{"iso2":"CY","name":"Cyprus"}},{"type":"Feature","geometry":{"type":"Polygon","coordinates":[[[11.5,54.8],[11.9,54.7],[11,54.8],[11.5,54.8]],[[12,54.9],[12,54.6],[11.7,54.9],[12,54.9]],[[10.4,54.8],[10.2,54.9],[10.2,55],[10.4,54.8]],[[12.6,55],[12.1,54.9],[12.3,55],[12.6,55]],[[10.6,55],[10.5,55],[10.6,55],[10.6,55]],[[9.8,55.1],[10.1,54.9],[9.6,55],[9.8,55.1]],[[10.8,54.8],[10.7,54.9],[10.9,55.2],[10.8,54.8]],[[15.1,55],[14.7,55.1],[14.7,55.3],[15.1,55]],[[8.5,55.3],[8.4,55.5],[8.5,55.4],[8.5,55.3]],[[10.7,55.5],[10.8,55.1],[10.5,55],[10.2,55.1],[10.1,55.2],[10,55.2],[9.9,55.3],[9.8,55.4],[9.7,55.5],[9.7,55.5],[9.8,55.5],[9.9,55.5],[10.3,55.6],[10.5,55.4],[10.6,55.6],[10.7,55.5]],[[12.6,55.6],[12.6,55.7],[12.7,55.6],[12.6,55.6]],[[10.6,55.9],[10.5,55.8],[10.5,56],[10.6,55.9]],[[12.6,56],[12.2,55.5],[12.5,55.3],[12.1,55],[11.2,55.2],[10.9,55.7],[11.8,56],[12.1,55.7],[11.9,56],[12.6,56]],[[11.6,56.7],[11.5,56.7],[11.6,56.7],[11.6,56.7]],[[8.9,56.9],[8.8,56.7],[8.5,56.7],[8.9,56.9]],[[10,57.1],[10.3,57],[10.3,56.7],[9.9,56.7],[11,56.4],[10.2,56.2],[10,55.7],[9.5,55.7],[9.8,55.6],[9.7,55.5],[9.6,55.4],[9.7,55.2],[9.5,55.1],[9.8,54.9],[9.4,54.8],[8.7,54.9],[8.6,55.4],[8.1,55.5],[8.1,56],[8.4,55.9],[8.1,56],[8.2,56.7],[8.7,56.5],[9.1,56.8],[9.3,56.5],[9.2,56.9],[9.3,57],[10,57.1]],[[11.2,57.3],[11,57.2],[10.9,57.3],[11.2,57.3]],[[10.4,57.6],[10.3,57],[10,57.1],[9.2,57],[9.1,57.1],[8.7,56.9],[8.4,56.7],[8.6,56.7],[8.6,56.6],[8.2,56.7],[8.6,57.1],[10.6,57.7],[10.4,57.6]]]},"properties":{"iso2":"DK","name":"Denmark"}},{"type":"Feature","geometry":{"type":"Polygon","coordinates":[[[42.9,11.6],[43.2,11.5],[42.9,11],[41.8,11],[41.8,11.7],[42.4,12.5],[43.1,12.7],[43.4,12.1],[42.5,11.6],[42.9,11.6]]]},"properties":{"iso2":"DJ","name":"Djibouti"}},{"type":"Feature","geometry":{"type":"Polygon","coordinates":[[[-61.4,15.2],[-61.5,15.6],[-61.3,15.5],[-61.4,15.2]]]},"properties":{"iso2":"DM","name":"Dominica"}},{"type":"Feature","geometry":{"type":"Polygon","coordinates":[[[-71.5,17.5],[-71.5,17.6],[-71.5,17.6],[-71.5,17.5]],[[-68.6,18.1],[-68.7,18.1],[-68.8,18.2],[-68.6,18.1]],[[-70.8,19.8],[-69.9,19.7],[-69.8,19.3],[-69.2,19.4],[-69.6,19.1],[-68.7,19],[-68.3,18.6],[-68.4,18.4],[-69.9,18.5],[-70.5,18.2],[-70.7,18.4],[-71.1,18.3],[-71.4,17.6],[-71.8,18],[-72,18.6],[-71.7,18.7],[-71.8,19.7],[-70.8,19.8]]]},"properties":{"iso2":"DO","name":"Dominican Republic"}},{"type":"Feature","geometry":{"type":"Polygon","coordinates":[[[-80.2,-3],[-80.2,-2.7],[-79.9,-2.7],[-80.2,-3]],[[-79.8,-2.6],[-79.9,-2.6],[-79.9,-2.5],[-79.8,-2.6]],[[-89.6,-1.4],[-89.8,-1.4],[-89.6,-1.3],[-89.6,-1.4]],[[-90.4,-1.4],[-90.5,-1.2],[-90.4,-1.3],[-90.4,-1.4]],[[-90,-0.8],[-90.1,-0.8],[-90,-0.8],[-90,-0.8]],[[-89.4,-0.9],[-89.6,-0.9],[-89.3,-0.7],[-89.4,-0.9]],[[-90.3,-0.8],[-90.5,-0.6],[-90.2,-0.5],[-90.3,-0.8]],[[-91.5,-0.5],[-91.7,-0.3],[-91.5,-0.2],[-91.5,-0.5]],[[-90.5,-0.3],[-90.9,-0.3],[-90.8,-0.1],[-90.5,-0.3]],[[-91.2,0],[-90.8,-0.7],[-91.4,-1],[-91.1,-0.6],[-91.6,0],[-91.2,0]],[[-90.5,0.3],[-90.5,0.3],[-90.4,0.3],[-90.5,0.3]],[[-90.8,0.5],[-90.8,0.6],[-90.8,0.7],[-90.8,0.5]],[[-78.6,1.2],[-77.4,0.4],[-76.2,0.4],[-75.3,-0.1],[-75.6,-0.1],[-75.2,-1],[-75.6,-1.5],[-76.7,-2.6],[-78.3,-3.4],[-78.7,-4.6],[-79.1,-5],[-79.6,-4.4],[-80.5,-4.4],[-80.5,-4],[-80.2,-3.9],[-80.3,-3.4],[-79.9,-3.2],[-79.7,-2.6],[-79.8,-2.4],[-79.8,-2],[-80.3,-2.7],[-80.9,-2.3],[-80.9,-1],[-80.3,-0.6],[-80.5,-0.4],[-80.1,0.1],[-80.1,0.8],[-78.8,1.4],[-78.6,1.2]],[[-78.9,1.2],[-78.9,1.4],[-79,1.3],[-78.9,1.2]]]},"properties":{"iso2":"EC","name":"Ecuador"}},{"type":"Feature","geometry":{"type":"Polygon","coordinates":[[[34,27.5],[34,27.4],[33.9,27.5],[34,27.5]],[[32,31.1],[32,31.2],[32,31.2],[32,31.1]],[[33.5,31.1],[33.3,31.2],[33.4,31.2],[33.5,31.1]],[[33.2,31.2],[33.3,31.2],[33.1,31.2],[33,31.2],[33.1,31.2],[33.2,31.2]],[[25.3,31.5],[27.3,31.4],[29.1,30.8],[31,31.6],[31.9,31.5],[32.2,31.3],[31.9,31.5],[31.8,31.3],[32.1,31.1],[32.2,31.3],[32.7,31],[33.1,31.2],[33.1,31.1],[33.1,31.1],[33.4,31.2],[33.5,31.1],[33.7,31.1],[34.2,31.3],[34.3,31.2],[34.9,29.5],[34.3,27.7],[33.2,28.6],[32.6,30],[32.3,29.6],[33.6,27.9],[35.1,24.5],[35.8,23.9],[35.5,23.9],[35.7,23],[36.9,22],[31.5,22],[31.5,22.2],[31.5,22.2],[31.5,22.2],[31.3,22],[31.3,22],[25,22],[25,29.2],[24.7,30.2],[25.2,31.6],[25.3,31.5]],[[34,26.7],[34,26.7],[34,26.8],[34,26.7]]]},"properties":{"iso2":"EG","name":"Egypt"}},{"type":"Feature","geometry":{"type":"Polygon","coordinates":[[[-9.7,53.2],[-9.7,53.3],[-9.7,53.3],[-9.7,53.2]],[[-10,54],[-10,53.9],[-10.3,54],[-10,54]],[[-8.5,55],[-8.5,55],[-8.5,55],[-8.5,55]],[[-7.4,55],[-8.2,54.4],[-7.6,54.1],[-7,54.4],[-6.3,54.1],[-6,52.9],[-6.4,52.2],[-7,52.3],[-9.2,51.5],[-9.8,51.4],[-9.5,51.8],[-10.1,51.6],[-9.6,51.9],[-10.3,51.8],[-9.8,52.1],[-10.5,52.2],[-8.8,52.7],[-9.9,52.6],[-8.9,53.3],[-10.2,53.4],[-9.6,53.9],[-9.9,53.9],[-9.8,53.9],[-10,54.2],[-10.1,54.1],[-10.1,54.2],[-8.5,54.3],[-8.7,54.3],[-8.2,54.6],[-8.8,54.7],[-8.3,55.1],[-7.7,55.3],[-7.7,54.9],[-7.4,55.4],[-6.9,55.2],[-7.3,55.1],[-7.4,55]],[[-8.4,54.9],[-8.4,55],[-8.5,55],[-8.4,54.9]]]},"properties":{"iso2":"IE","name":"Ireland"}},{"type":"Feature","geometry":{"type":"Polygon","coordinates":[[[5.6,-1.5],[5.6,-1.5],[5.6,-1.4],[5.6,-1.5]],[[10,2.2],[11.3,2.2],[11.4,1],[9.8,1],[9.4,1.2],[9.8,2.3],[10,2.2]],[[8.9,3.5],[8.4,3.3],[8.7,3.7],[9,3.7],[8.9,3.5]]]},"properties":{"iso2":"GQ","name":"Equatorial Guinea"}},{"type":"Feature","geometry":{"type":"Polygon","coordinates":[[[24,58.1],[23.9,58.1],[24,58.1],[24,58.1]],[[23,58.6],[23.3,58.4],[22,57.9],[22.2,58.1],[21.8,58.5],[23,58.6]],[[23.4,58.5],[23.1,58.6],[23.2,58.7],[23.4,58.5]],[[23.3,59],[23.1,59],[23.4,59],[23.3,59]],[[22.7,59],[23,58.8],[22,58.9],[22.7,59]],[[25.8,59.6],[28,59.5],[28.2,59.3],[27.4,58.8],[27.8,57.9],[27.4,57.5],[26.5,57.5],[25.3,58.1],[24.3,57.9],[24.6,58.3],[23.7,58.4],[23.5,58.7],[23.9,58.8],[23.5,58.8],[23.5,59.2],[25.8,59.6]]]},"properties":{"iso2":"EE","name":"Estonia"}},{"type":"Feature","geometry":{"type":"Polygon","coordinates":[[[40.1,15.9],[40.4,15.6],[40,15.6],[40.1,15.9]],[[40.1,16.1],[40,16],[40,16.1],[40.1,16.1]],[[38.8,17.7],[39.7,15.1],[39.9,15.5],[40.2,15],[41.2,14.6],[43.1,12.7],[42.4,12.5],[40.2,14.4],[39,14.7],[38.4,14.4],[37.9,14.9],[37.6,14.1],[37.3,14.5],[36.5,14.3],[36.4,15.1],[37,16.3],[37,17.1],[37.4,17],[38.6,18],[38.8,17.7]]]},"properties":{"iso2":"ER","name":"Eritrea"}},{"type":"Feature","geometry":{"type":"Polygon","coordinates":[[[-87.7,13.2],[-87.7,13.2],[-87.7,13.2],[-87.7,13.2]],[[-89.3,14.4],[-88.5,13.9],[-87.8,13.9],[-87.8,13.4],[-87.9,13.2],[-88.5,13.2],[-90.1,13.7],[-89.3,14.4],[-89.3,14.4]]]},"properties":{"iso2":"SV","name":"El Salvador"}},{"type":"Feature","geometry":{"type":"Polygon","coordinates":[[[36.5,14.3],[37.3,14.5],[37.6,14.1],[37.9,14.9],[38.4,14.4],[39,14.7],[40.2,14.4],[42.4,12.5],[41.8,11.7],[41.8,11],[42.9,11],[42.7,10.6],[42.8,10.2],[44,9],[47,8],[48,8],[45,4.9],[43.7,4.9],[41.9,4],[41.2,3.9],[40.8,4.3],[39.5,3.4],[38.1,3.6],[37,4.4],[35.9,4.6],[35.8,5.3],[35.3,5.4],[34.7,6.7],[33.7,7.7],[33,7.9],[33.3,8.5],[34.1,8.6],[34.2,9.9],[34.3,10.6],[34.6,10.9],[34.9,10.7],[35.1,11.8],[35.7,12.7],[36.1,12.7],[36.5,14.3]]]},"properties":{"iso2":"ET","name":"Ethiopia"}},{"type":"Feature","geometry":{"type":"Polygon","coordinates":[[[13.8,48.8],[14.7,48.6],[15,49],[16.9,48.6],[17.2,48],[17.1,47.7],[16.5,47.7],[16.7,47.5],[16.5,47],[16.1,46.9],[14.5,46.4],[13.7,46.5],[12.4,46.7],[12.1,47],[10.5,46.9],[9.6,47.1],[9.5,47.3],[9.6,47.5],[10.2,47.3],[10.5,47.6],[11.1,47.4],[12.7,47.7],[13,47.5],[12.8,48.1],[13.8,48.8]]]},"properties":{"iso2":"AT","name":"Austria"}},{"type":"Feature","geometry":{"type":"Polygon","coordinates":[[[14.7,48.6],[13.8,48.8],[12.7,49.4],[12.1,50.3],[14.3,51.1],[14.8,50.9],[16.3,50.7],[16.2,50.4],[16.6,50.1],[17,50.2],[16.9,50.4],[17.7,50.3],[17.7,50.1],[18.6,49.9],[18.9,49.5],[16.9,48.6],[15,49],[14.7,48.6]]]},"properties":{"iso2":"CZ","name":"Czechia"}},{"type":"Feature","geometry":{"type":"Polygon","coordinates":[[[-53.5,5.6],[-52.3,4.9],[-52,4.3],[-51.9,4.7],[-51.7,4],[-52.9,2.2],[-54.6,2.3],[-54,3.4],[-54.5,4.7],[-54.2,5.3],[-53.9,5.7],[-53.5,5.6]]]},"properties":{"iso2":"GF","name":"French Guiana"}},{"type":"Feature","geometry":{"type":"Polygon","coordinates":[[[22.8,60],[23.1,60],[22.9,59.9],[22.8,60]],[[22.4,60],[22.4,60.1],[22.4,60.1],[22.4,60]],[[21.6,60.1],[21.5,60.1],[21.7,60.2],[21.6,60.1]],[[21.7,60.1],[21.7,60.2],[21.9,60.2],[21.7,60.1]],[[21.4,60.2],[21.4,60.2],[21.3,60.2],[21.4,60.2]],[[22,60.1],[21.9,60.2],[22.1,60.2],[22,60.1]],[[25.8,60.2],[25.8,60.2],[25.9,60.2],[25.8,60.2]],[[22.8,60.2],[22.5,60],[22.4,60.2],[22.6,60.2],[22.8,60.2]],[[22.2,60.2],[22.2,60.2],[22.3,60.2],[22.2,60.2]],[[22.3,60.3],[22.1,60.3],[22.1,60.3],[22.3,60.3]],[[22.4,60.3],[22.3,60.3],[22.5,60.3],[22.4,60.3]],[[22,60.3],[21.8,60.4],[21.8,60.5],[22,60.3]],[[21.8,60.5],[21.7,60.5],[21.7,60.5],[21.8,60.5],[21.8,60.5]],[[21.5,60.5],[21.4,60.5],[21.3,60.5],[21.5,60.5]],[[21.3,60.5],[21.3,60.5],[21.2,60.6],[21.3,60.5]],[[21.3,60.6],[21.3,60.6],[21.2,60.6],[21.3,60.6]],[[21.3,60.9],[21.3,61],[21.4,60.9],[21.3,60.9]],[[21.1,63.3],[21.4,63.2],[21.2,63.1],[21.1,63.3]],[[22.2,63.3],[22,63.3],[22.2,63.3],[22.2,63.3]],[[21.3,63.3],[21.2,63.3],[21.4,63.3],[21.3,63.3]],[[22.9,63.8],[22.7,63.8],[22.8,63.9],[22.9,63.8]],[[24.7,64.9],[24.6,65],[25,65],[24.7,64.9]],[[24.5,65.8],[24.4,65.8],[24.5,65.8],[24.5,65.8]],[[28.2,69.9],[29.2,69.6],[28.8,69.2],[29,69.1],[28.4,68.9],[28.8,68.8],[28.5,68.5],[28.7,68.2],[30,67.7],[29.1,66.9],[30.1,65.7],[29.8,65.7],[29.6,64.9],[30.6,64.2],[30,63.7],[31.6,62.9],[27.8,60.5],[26.5,60.4],[26.7,60.6],[25.9,60.2],[22.9,59.8],[23.3,60],[22.9,60.1],[23.1,60.3],[23.1,60.4],[22.7,60.2],[22.6,60.2],[22.4,60.2],[22.6,60.4],[21.4,60.7],[21.7,61.5],[21.1,62.6],[21.7,63],[21.5,63.2],[22.3,63.3],[22.2,63.5],[23.3,63.9],[24.3,64.5],[24.5,64.8],[25.4,65],[25.3,65.5],[24.7,65.7],[24.7,65.9],[24.2,65.8],[23.7,66.3],[24,66.8],[23.6,67.2],[23.8,67.4],[23.4,67.5],[23.7,67.9],[21.8,68.6],[20.6,69.1],[21.3,69.3],[22.4,68.7],[24,68.8],[24.9,68.6],[25.8,69],[25.9,69.7],[26.4,69.9],[28.2,69.9]],[[25.7,60.2],[25.6,60.3],[25.6,60.2],[25.7,60.2]],[[23.7,59.9],[23.5,60],[23.4,59.9],[23.7,59.9]]]},"properties":{"iso2":"FI","name":"Finland"}},{"type":"Feature","geometry":{"type":"Polygon","coordinates":[[[-178.7,-20.7],[-178.7,-20.7],[-178.7,-20.6],[-178.7,-20.7]],[[-178.2,-19.9],[-178.2,-19.8],[-178.2,-19.8],[-178.2,-19.9]],[[-178.4,-19.2],[-178.4,-19.2],[-178.4,-19.1],[-178.4,-19.2]],[[179.8,-19.2],[179.7,-19.2],[179.8,-19.1],[179.8,-19.2]],[[-178.5,-19.2],[-178.6,-19.2],[-178.6,-19.1],[-178.5,-19.2]],[[178.5,-19],[178,-19.1],[178.3,-18.9],[178.5,-19]],[[-178.9,-19],[-179,-19],[-178.9,-18.9],[-178.9,-19]],[[-179.8,-18.9],[-179.9,-19],[-179.8,-18.9],[-179.8,-18.9]],[[178.5,-18.9],[178.5,-18.9],[178.5,-18.9],[178.5,-18.9]],[[-178.5,-18.7],[-178.5,-18.6],[-178.5,-18.7],[-178.5,-18.7]],[[179.9,-18.6],[179.8,-18.6],[180,-18.5],[179.9,-18.6]],[[177.7,-18.6],[177.6,-18.5],[177.6,-18.5],[177.7,-18.6]],[[178.1,-18.4],[178.1,-18.4],[178.1,-18.4],[178.1,-18.4]],[[-178.8,-18.2],[-178.8,-18.2],[-178.7,-18.2],[-178.8,-18.2]],[[179.4,-18.1],[179.2,-18],[179.3,-17.9],[179.4,-18.1]],[[-179,-18],[-179.1,-17.9],[-179,-18],[-179,-18]],[[-178.3,-18],[-178.3,-17.9],[-178.2,-17.9],[-178.3,-18]],[[179.4,-17.8],[179.4,-17.8],[179.4,-17.8],[179.4,-17.8]],[[-179.3,-17.8],[-179.3,-17.8],[-179.3,-17.7],[-179.3,-17.8]],[[178.8,-17.7],[178.7,-17.7],[178.8,-17.6],[178.8,-17.7]],[[-179.1,-17.5],[-179.2,-17.4],[-179.1,-17.4],[-179.1,-17.5]],[[178.3,-17.4],[178.7,-18.1],[177.3,-18.1],[177.5,-17.5],[178.3,-17.4]],[[177.1,-17.3],[177.1,-17.3],[177.1,-17.2],[177.1,-17.3]],[[-179.1,-17.3],[-179.2,-17.3],[-179.1,-17.3],[-179.1,-17.3]],[[179.4,-17.4],[179.4,-17.3],[179.4,-17.2],[179.4,-17.4]],[[-178.9,-17.3],[-179,-17.3],[-179,-17.2],[-178.9,-17.3]],[[177.3,-17.1],[177.2,-17.2],[177.3,-17.1],[177.3,-17.1]],[[178.3,-16.8],[178.3,-16.8],[178.3,-16.8],[178.3,-16.8]],[[179.9,-17],[179.9,-17],[180,-16.8],[179.9,-17]],[[-180,-17],[-179.9,-16.7],[-179.8,-16.8],[-180,-17]],[[177.4,-16.8],[177.6,-16.7],[177.6,-16.7],[177.4,-16.8]],[[179.9,-16.7],[179.9,-16.7],[179.9,-16.7],[179.9,-16.6],[179.9,-16.6],[179.9,-16.7]],[[180,-16.5],[180,-16.5],[180,-16.5],[180,-16.5]],[[-180,-16.5],[-180,-16.5],[-179.9,-16.4],[-180,-16.5]],[[180,-16.2],[179.5,-16.7],[179.9,-16.5],[180,-16.5],[179.9,-16.7],[180,-16.7],[179.9,-16.8],[179.3,-16.7],[178.7,-17],[178.5,-16.8],[180,-16.2]],[[-180,-16.2],[-180,-16.2],[-179.9,-16.1],[-180,-16.2]],[[177.1,-12.5],[177,-12.5],[177.1,-12.5],[177.1,-12.5]]]},"properties":{"iso2":"FJ","name":"Fiji"}},{"type":"Feature","geometry":{"type":"Polygon","coordinates":[[[-59.7,-52.2],[-59.8,-52.3],[-59.8,-52.2],[-59.7,-52.2],[-59.7,-52.2]],[[-58.4,-52.1],[-58.5,-52],[-58.4,-52],[-58.4,-52.1]],[[-61.2,-51.9],[-61.3,-51.8],[-61.2,-51.8],[-61.2,-51.9]],[[-61,-51.9],[-60.9,-51.9],[-61.1,-51.8],[-60.9,-51.8],[-61,-51.9]],[[-61.2,-51.7],[-61.3,-51.7],[-61.3,-51.7],[-61.2,-51.7]],[[-59.2,-51.4],[-60.4,-52.2],[-61,-52.1],[-60.2,-51.8],[-60.6,-51.7],[-60.2,-51.7],[-60.6,-51.4],[-60.1,-51.5],[-60,-51.4],[-59.2,-51.4]],[[-58.7,-51.3],[-58.2,-51.7],[-58.3,-51.4],[-57.9,-51.4],[-57.8,-51.5],[-58.1,-51.6],[-57.7,-51.7],[-58.9,-51.8],[-58.6,-52.1],[-59.3,-52],[-59,-52.1],[-59.4,-52.1],[-59.3,-52.3],[-59.7,-52.1],[-58.7,-51.3]],[[-59.9,-51.4],[-60,-51.3],[-59.9,-51.3],[-59.9,-51.4]],[[-60.1,-51.4],[-60.3,-51.3],[-60.1,-51.3],[-60.1,-51.4]],[[-59.5,-51.3],[-59.8,-51.3],[-59.5,-51.3],[-59.5,-51.3]]]},"properties":{"iso2":"FK","name":"Falkland Islands (Islas Malvinas)"}},{"type":"Feature","geometry":{"type":"Polygon","coordinates":[[[153.7,5.3],[153.7,5.3],[153.7,5.3],[153.7,5.3]],[[163,5.3],[162.9,5.3],[163,5.4],[163,5.3]],[[143.1,6.7],[143.1,6.7],[143.1,6.7],[143.1,6.7]],[[149.3,6.7],[149.3,6.7],[149.3,6.7],[149.3,6.7]],[[157.9,6.7],[157.9,6.7],[158,6.7],[157.9,6.7]],[[158,6.7],[158,6.7],[158,6.8],[158,6.7]],[[158.3,6.8],[158.1,6.9],[158.3,6.9],[158.3,6.8]],[[158.3,7],[158.2,7],[158.3,7],[158.3,7]],[[151.9,7.3],[151.8,7.4],[151.9,7.4],[151.9,7.3]],[[149.2,7.4],[149.2,7.4],[149.2,7.4],[149.2,7.4]],[[149.2,7.4],[149.2,7.4],[149.2,7.4],[149.2,7.4]],[[143.9,7.4],[143.9,7.4],[143.9,7.4],[143.9,7.4]],[[151.6,7.3],[151.6,7.3],[151.6,7.4],[151.6,7.3]],[[151.9,7.4],[151.9,7.4],[151.9,7.5],[151.9,7.4]],[[146.2,7.5],[146.2,7.5],[146.2,7.5],[146.2,7.5]],[[149.7,8.6],[149.7,8.6],[149.7,8.6],[149.7,8.6]],[[150.4,8.6],[150.4,8.6],[150.4,8.6],[150.4,8.6]],[[150.1,9],[150.1,9],[150.1,9],[150.1,9]],[[138.2,9.5],[138.1,9.4],[138.1,9.6],[138.2,9.5]]]},"properties":{"iso2":"FM","name":"Federated States of Micronesia"}},{"type":"Feature","geometry":{"type":"Polygon","coordinates":[[[-143.5,-27.9],[-143.5,-27.9],[-143.5,-27.9],[-143.5,-27.9]],[[-144.3,-27.6],[-144.3,-27.6],[-144.3,-27.6],[-144.3,-27.6]],[[-147.7,-23.9],[-147.7,-23.9],[-147.6,-23.9],[-147.7,-23.9]],[[-149.5,-23.4],[-149.5,-23.4],[-149.5,-23.4],[-149.5,-23.4]],[[-135.1,-23.2],[-135.1,-23.2],[-135,-23.1],[-135.1,-23.2]],[[-135,-23.1],[-135,-23.1],[-134.9,-23.1],[-135,-23.1]],[[-152.9,-22.7],[-152.8,-22.6],[-152.8,-22.6],[-152.9,-22.7]],[[-151.4,-22.5],[-151.4,-22.4],[-151.4,-22.5],[-151.4,-22.5]],[[-138.7,-22.3],[-138.8,-22.2],[-138.7,-22.2],[-138.7,-22.3]],[[-140.6,-21.7],[-140.7,-21.7],[-140.7,-21.7],[-140.6,-21.7]],[[-145,-19.9],[-145,-19.9],[-145,-19.9],[-145,-19.9]],[[-150.6,-17.7],[-150.7,-17.6],[-150.6,-17.6],[-150.6,-17.7]],[[-149.2,-17.7],[-149.2,-17.9],[-149.6,-17.5],[-149.2,-17.7]],[[-149.8,-17.6],[-149.9,-17.5],[-149.8,-17.5],[-149.8,-17.6]],[[-149.5,-17],[-149.5,-17],[-149.5,-17],[-149.5,-17]],[[-149.6,-17],[-149.6,-17],[-149.6,-17],[-149.6,-17]],[[-151,-16.8],[-151,-16.8],[-151,-16.8],[-151,-16.8]],[[-151.4,-16.9],[-151.5,-16.9],[-151.5,-16.7],[-151.4,-16.9]],[[-151,-16.8],[-151,-16.7],[-151,-16.7],[-151,-16.8]],[[-151.5,-16.7],[-151.5,-16.6],[-151.4,-16.6],[-151.5,-16.7]],[[-151.7,-16.5],[-151.8,-16.5],[-151.7,-16.5],[-151.7,-16.5]],[[-146.3,-16.2],[-146.4,-16.1],[-146.3,-16.1],[-146.3,-16.2]],[[-148.2,-15.8],[-148.3,-15.8],[-148.3,-15.8],[-148.2,-15.8]],[[-144.6,-15.7],[-144.6,-15.7],[-144.6,-15.7],[-144.6,-15.7]],[[-138.7,-10.5],[-138.7,-10.4],[-138.6,-10.5],[-138.7,-10.5]],[[-139.1,-10],[-139.1,-9.9],[-139,-9.9],[-139.1,-10]],[[-139,-9.7],[-138.8,-9.7],[-139.2,-9.8],[-139,-9.7]],[[-140.1,-9.5],[-140.1,-9.4],[-140.1,-9.3],[-140.1,-9.5]],[[-139.6,-8.9],[-139.5,-8.9],[-139.6,-9],[-139.6,-8.9]],[[-140,-8.9],[-140.2,-9],[-140.2,-8.8],[-140,-8.9]],[[-140.7,-8],[-140.7,-8],[-140.6,-8],[-140.7,-8]],[[-140.6,-7.9],[-140.6,-7.9],[-140.6,-7.9],[-140.6,-7.9]]]},"properties":{"iso2":"PF","name":"French Polynesia"}},{"type":"Feature","geometry":{"type":"Polygon","coordinates":[[[9.5,42.6],[9.5,42.6],[9.5,42.6],[9.5,42.6]],[[9.4,42.7],[9.6,42.1],[9.2,41.4],[8.8,41.6],[8.6,42.4],[9.3,42.7],[9.4,43],[9.4,42.7]],[[-1.2,45.8],[-1.4,46.1],[-1.2,46],[-1.2,45.8]],[[-1.3,46.2],[-1.6,46.2],[-1.5,46.3],[-1.3,46.2]],[[-2.3,46.7],[-2.4,46.7],[-2.4,46.7],[-2.3,46.7]],[[-2.2,47],[-2.1,46.9],[-2.3,47],[-2.2,47]],[[-3.1,47.3],[-3.2,47.3],[-3.3,47.4],[-3.1,47.3]],[[-5.1,48.5],[-5.1,48.5],[-5.1,48.5],[-5.1,48.5]],[[-3.6,48.8],[-3.6,48.8],[-3.6,48.8],[-3.6,48.8]],[[2.5,51.1],[4.2,50.3],[4.1,50],[4.8,50.2],[4.9,49.8],[5.8,49.5],[6.4,49.5],[8.2,49],[7.6,48.1],[7.6,47.6],[7,47.5],[6,46.2],[6.8,46.4],[7,45.9],[6.8,45.8],[7.1,45.3],[6.6,45.1],[7,44.8],[7,44.3],[7.7,44.2],[7.5,43.8],[7.4,43.8],[7.4,43.8],[7.4,43.7],[7.4,43.7],[6.2,43.1],[5,43.6],[4,43.5],[3.1,43.1],[3.2,42.4],[1.7,42.5],[1.8,42.6],[1.4,42.6],[-0.6,42.8],[-1.8,43.4],[-1,44.7],[-1.3,44.7],[-1.1,45.6],[-0.5,44.9],[-0.8,45.5],[-1.2,45.7],[-1.1,45.9],[-1.1,46.3],[-2.1,46.8],[-2,47],[-2.2,47.1],[-2.1,47.3],[-1.7,47.2],[-2,47.3],[-2.3,47.2],[-2.5,47.3],[-2.4,47.5],[-2.7,47.6],[-3.1,47.5],[-4.4,47.8],[-4.7,48],[-4.2,48.3],[-4.8,48.5],[-3.2,48.9],[-2.7,48.5],[-1.4,48.6],[-1.9,49.7],[-1.3,49.7],[-1.1,49.4],[0.4,49.5],[0.1,49.5],[1.5,50.1],[1.6,50.9],[2.5,51.1]]]},"properties":{"iso2":"FR","name":"France (Mainland)"}},{"type":"Feature","geometry":{"type":"Polygon","coordinates":[[[-16.7,13.4],[-16.2,13.3],[-16.2,13.4],[-15.3,13.5],[-16.1,13.5],[-16.4,13.3],[-16.6,13.6],[-15.1,13.8],[-13.8,13.4],[-14.4,13.2],[-15.1,13.6],[-15.3,13.4],[-15.8,13.3],[-15.8,13.2],[-16.8,13.1],[-16.7,13.4]]]},"properties":{"iso2":"GM","name":"Gambia, The"}},{"type":"Feature","geometry":{"type":"Polygon","coordinates":[[[9,-0.8],[8.9,-0.7],[9,-0.6],[9,-0.8]],[[12.5,2.3],[13.3,2.2],[13.2,1.2],[14.2,1.4],[14.5,0.9],[13.8,-0.2],[14.5,-0.6],[14.4,-1.9],[14.1,-2.5],[13.8,-2.1],[13.5,-2.4],[13,-2.4],[12.6,-1.8],[12.5,-2.3],[11.6,-2.3],[11.9,-3.6],[11.5,-3.5],[11.1,-3.9],[9.7,-2.4],[10.1,-2.5],[9.6,-2.4],[9,-1.2],[9.5,-1.6],[8.7,-0.6],[9,-0.8],[9.3,-0.4],[9.3,0.4],[9.9,0.2],[9.3,0.5],[9.6,0.5],[9.6,1],[9.8,1],[11.4,1],[11.3,2.2],[12.5,2.3]],[[9.6,0.3],[9.5,0.3],[9.5,0.3],[9.6,0.3]]]},"properties":{"iso2":"GA","name":"Gabon"}},{"type":"Feature","geometry":{"type":"Polygon","coordinates":[[[41.5,42.4],[41.4,42.7],[40,43.4],[40.3,43.6],[42.8,43.2],[43.9,42.6],[44.9,42.8],[46.5,41.9],[46.2,41.7],[46.7,41.3],[46.5,41],[45.3,41.5],[45,41.3],[43.5,41.1],[42.8,41.6],[41.5,41.5],[41.8,41.8],[41.5,42.4]]]},"properties":{"iso2":"GE","name":"Georgia"}},{"type":"Feature","geometry":{"type":"Polygon","coordinates":[[[0.6,5.8],[0.7,5.8],[0.3,5.8],[-0.8,5.2],[-1.6,5],[-2.1,4.7],[-3.1,5.1],[-3.1,5.1],[-2.9,5.1],[-2.8,5.6],[-3.2,6.6],[-2.5,8.2],[-2.7,9.5],[-2.8,11],[-0.6,10.9],[-0.1,11.1],[0.4,10.3],[0.2,9.5],[0.6,9.4],[0.4,8.8],[0.7,8.3],[0.5,6.9],[1.2,6.1],[0.7,5.7],[0.6,5.9],[0.5,6.1],[0.2,6.1],[0.5,6],[0.6,5.8]]]},"properties":{"iso2":"GH","name":"Ghana"}},{"type":"Feature","geometry":{"type":"Polygon","coordinates":[[[-61.7,12],[-61.6,12.2],[-61.6,12],[-61.7,12]],[[-61.6,12.3],[-61.6,12.3],[-61.6,12.3],[-61.6,12.3]],[[-61.4,12.5],[-61.5,12.4],[-61.4,12.5],[-61.4,12.5]]]},"properties":{"iso2":"GD","name":"Grenada"}},{"type":"Feature","geometry":{"type":"Polygon","coordinates":[[[-43.6,59.8],[-44.1,59.8],[-44,60],[-43.6,59.8]],[[-43.3,59.9],[-43.3,60],[-43.2,60],[-43.3,59.9]],[[-44.3,59.9],[-44.2,60],[-44,60],[-44.3,59.9]],[[-43.4,59.9],[-43.5,59.9],[-43.5,60],[-43.4,59.9]],[[-43.4,60.1],[-43.1,60.1],[-44.1,60.1],[-43.4,60.1]],[[-44.4,59.9],[-44.5,60],[-44.4,60.1],[-44.2,60],[-44.4,59.9]],[[-45.2,60.1],[-45.3,60.1],[-45.3,60.2],[-45.2,60.1]],[[-45.4,60.2],[-45.4,60.4],[-45.2,60.4],[-45.4,60.2]],[[-46,60.6],[-46,60.6],[-46,60.7],[-46,60.7],[-45.8,60.7],[-46,60.6]],[[-45.9,60.7],[-46,60.7],[-46.1,60.6],[-46.2,60.7],[-46,60.7],[-45.9,60.7]],[[-46.3,60.7],[-46.5,60.7],[-46.3,60.8],[-46.3,60.7]],[[-47.8,60.8],[-47.9,60.7],[-48.2,60.8],[-47.8,60.8]],[[-47,60.8],[-47,60.8],[-47,60.8],[-47,60.8]],[[-47.2,60.8],[-47.2,60.8],[-47.2,60.8],[-47.2,60.8]],[[-47.2,60.8],[-47.3,60.9],[-47.2,60.9],[-47.2,60.8]],[[-47.1,60.8],[-47.2,60.8],[-47.1,60.9],[-47.1,60.8]],[[-46.8,60.8],[-46.8,60.8],[-46.2,60.9],[-46.8,60.8]],[[-47,60.9],[-47.1,60.9],[-47,60.9],[-47,60.9]],[[-47.1,60.9],[-47.2,60.9],[-47.1,60.9],[-47.1,60.9]],[[-46.5,60.9],[-46.5,60.9],[-46.5,61],[-46.5,61],[-46.4,61],[-46.5,60.9]],[[-48.1,61.1],[-48.4,61.1],[-48.2,61.1],[-48.1,61.1]],[[-48.9,61.2],[-48.9,61.3],[-48.7,61.3],[-48.9,61.2]],[[-48.6,61.3],[-48.8,61.3],[-48.5,61.4],[-48.6,61.3]],[[-42.5,61.4],[-42.5,61.5],[-42.4,61.5],[-42.5,61.4]],[[-49.1,61.6],[-49.2,61.7],[-49.1,61.7],[-49.1,61.6]],[[-49.4,61.7],[-49.5,61.8],[-49.3,61.7],[-49.4,61.7]],[[-42.3,61.8],[-42.1,61.9],[-42.1,61.8],[-42.3,61.8]],[[-49.4,61.9],[-49.6,61.9],[-49.4,61.9],[-49.4,61.9]],[[-49.7,62.2],[-49.8,62.2],[-49.7,62.2],[-49.7,62.2]],[[-42.3,62.6],[-42.1,62.6],[-42.1,62.5],[-42.3,62.6]],[[-42,62.8],[-41.9,62.7],[-42.4,62.8],[-42,62.8]],[[-41.6,62.9],[-41.6,63],[-41.5,63],[-41.6,62.9]],[[-50.6,63.1],[-50.7,63],[-50.8,63.1],[-50.6,63.1]],[[-41.3,63.1],[-41.5,63.1],[-41.4,63.1],[-41.3,63.1]],[[-41.2,63.2],[-41.2,63.1],[-41.5,63.2],[-41.2,63.2]],[[-50.8,63.1],[-50.8,63.2],[-50.7,63.1],[-50.8,63.1]],[[-50.6,63.1],[-50.6,63.2],[-50.5,63.2],[-50.6,63.1]],[[-41.1,63.2],[-41.4,63.2],[-41.9,63.5],[-41.1,63.2]],[[-51.3,63.5],[-51.4,63.5],[-51.2,63.5],[-51.3,63.5]],[[-52,64.1],[-52.1,64.2],[-51.9,64.2],[-52,64.1]],[[-40.7,64.3],[-40.7,64.2],[-41.1,64.2],[-40.7,64.3]],[[-41.1,64.3],[-41.4,64.3],[-41.3,64.3],[-41.1,64.3]],[[-51.6,64.3],[-51.4,64.4],[-51.3,64.3],[-51.6,64.3]],[[-51.2,64.2],[-51.3,64.3],[-51,64.5],[-50.8,64.5],[-51.2,64.2]],[[-51.3,64.4],[-51.4,64.4],[-51.1,64.6],[-51.3,64.4]],[[-52.1,64.6],[-52.1,64.6],[-52.1,64.6],[-52.1,64.6],[-52.1,64.6]],[[-40.2,64.4],[-40.9,64.9],[-40.5,64.8],[-40.2,64.4]],[[-40.5,65],[-40.6,65],[-40.6,65.1],[-40.5,65]],[[-52.4,65.1],[-52.4,65.2],[-52.2,65.2],[-52.4,65.1]],[[-39.5,65.3],[-39.6,65.3],[-39.8,65.3],[-39.5,65.3]],[[-39.3,65.5],[-39.4,65.5],[-39.2,65.5],[-39.3,65.5]],[[-52.9,65.4],[-53.1,65.5],[-52.9,65.5],[-52.9,65.4]],[[-38.8,65.5],[-39,65.5],[-38.8,65.5],[-38.8,65.5]],[[-37,65.5],[-37.2,65.5],[-37.2,65.6],[-37,65.5]],[[-53,65.5],[-53.2,65.6],[-52.8,65.6],[-53,65.5]],[[-37,65.6],[-37.2,65.7],[-37,65.7],[-37,65.6]],[[-37.4,65.8],[-37.5,65.6],[-38,65.7],[-37.4,65.8]],[[-36.8,65.8],[-36.9,65.8],[-36.8,65.9],[-36.8,65.8]],[[-36.3,65.8],[-36.4,65.9],[-36.2,65.9],[-36.3,65.8]],[[-36.6,65.8],[-36.7,65.8],[-36.7,65.9],[-36.5,66],[-36.6,65.8]],[[-53.5,66],[-53.7,66.1],[-53.4,66.1],[-53.5,66]],[[-35.5,66.2],[-35.5,66.2],[-35.4,66.2],[-35.5,66.2]],[[-33.9,66.8],[-34,66.8],[-33.9,66.9],[-33.9,66.8]],[[-53.1,66.9],[-52.9,66.9],[-53.5,66.8],[-53.1,66.9]],[[-33.4,67.1],[-33.5,67.2],[-33.3,67.2],[-33.4,67.1]],[[-33.3,67.3],[-33.3,67.3],[-33.3,67.4],[-33.3,67.3]],[[-53.7,67.7],[-53.8,67.8],[-53.6,67.7],[-53.7,67.7]],[[-53.3,68],[-53.5,68.1],[-53.2,68.1],[-53.3,68]],[[-51.3,68.1],[-52,68.1],[-51.2,68.1],[-51.3,68.1]],[[-29.8,68.1],[-30,68.2],[-29.7,68.2],[-29.8,68.1]],[[-52.1,68.1],[-52.3,68.2],[-51.5,68.3],[-52.1,68.1]],[[-53,68.4],[-53.2,68.4],[-53,68.5],[-52.9,68.4],[-53,68.4]],[[-52.6,68.5],[-52.7,68.5],[-52.4,68.6],[-52.6,68.5]],[[-52.7,68.5],[-52.9,68.5],[-52.8,68.6],[-52.7,68.5]],[[-51.9,68.6],[-52.4,68.6],[-51.8,68.6],[-51.9,68.6]],[[-51,68.6],[-51.2,68.7],[-51.1,68.7],[-51,68.6]],[[-52.1,68.7],[-53.1,68.6],[-52.6,68.7],[-52.1,68.7]],[[-23.3,69.6],[-23.6,69.7],[-23.3,69.7],[-23.3,69.6]],[[-50.5,69.8],[-50.6,69.9],[-50.4,69.9],[-50.5,69.8]],[[-50.9,69.9],[-50.7,69.8],[-51,69.6],[-51.4,69.7],[-50.9,69.9]],[[-52.7,69.9],[-51.8,69.6],[-53.6,69.2],[-54.3,69.4],[-53.3,69.6],[-55,69.7],[-54.4,69.7],[-54.9,69.8],[-54.2,69.9],[-54.8,70.1],[-54.4,70.3],[-52.7,69.9]],[[-54.7,70.4],[-54.9,70.4],[-55,70.5],[-54.7,70.4]],[[-51.5,70.7],[-51.9,70.7],[-51.7,70.7],[-51.5,70.7]],[[-27.7,70.7],[-27.7,70.9],[-27.3,70.9],[-27.7,70.7]],[[-25.4,70.9],[-25.3,70.7],[-26,70.5],[-28.1,70.5],[-27.1,70.9],[-25.4,70.9]],[[-51.6,70.9],[-52.2,70.9],[-52,71],[-51.6,70.9]],[[-25.3,71],[-25.6,71.1],[-25.5,71.1],[-25.3,71]],[[-25.3,71.1],[-25.5,71.2],[-25.4,71.2],[-25.3,71.1]],[[-53.6,71],[-54,71.1],[-53.6,71.3],[-53.4,71.1],[-53.6,71]],[[-52.6,71.3],[-52.3,71.3],[-53.2,71.3],[-52.6,71.3]],[[-53.1,71.7],[-52.8,71.7],[-53.5,71.7],[-53.1,71.7]],[[-55.6,71.8],[-55.8,71.9],[-55.4,71.9],[-55.6,71.8]],[[-55.8,72.1],[-55.9,72.1],[-55.7,72.1],[-55.8,72.1]],[[-55.4,72.2],[-55.7,72.2],[-55,72.4],[-55.4,72.2]],[[-55.1,72.5],[-55.4,72.5],[-55,72.6],[-55.1,72.5]],[[-55.7,72.6],[-56,72.6],[-55.9,72.6],[-55.7,72.6]],[[-55.1,72.6],[-55.3,72.6],[-54.9,72.7],[-55.1,72.6]],[[-54.8,72.7],[-55.1,72.7],[-54.9,72.8],[-54.8,72.7]],[[-55.7,72.7],[-56.2,72.7],[-55.6,72.8],[-55.7,72.7]],[[-55.3,72.7],[-55.8,72.6],[-55,72.8],[-55.3,72.7]],[[-55.9,72.8],[-55.8,72.8],[-56,72.8],[-55.9,72.8]],[[-23.6,72.8],[-21.9,72.4],[-22.8,72.4],[-22.1,72.3],[-22.6,72.1],[-24.5,72.8],[-23.6,72.8]],[[-55.6,72.9],[-55.4,72.9],[-55.5,72.8],[-55.6,72.9]],[[-24.9,72.8],[-25.2,72.9],[-24.8,72.9],[-24.9,72.8]],[[-22.5,73],[-21.9,72.7],[-24.6,73],[-22.5,73]],[[-55.8,73],[-55.9,73],[-55.7,73],[-55.8,73]],[[-55.1,73],[-55.7,73],[-55.5,73],[-55.1,73]],[[-21.4,73.1],[-21.5,73.1],[-21.2,73.1],[-21.4,73.1]],[[-56.2,73.2],[-56.3,73.2],[-56.3,73.2],[-56.2,73.2]],[[-56.1,73.1],[-56,73.2],[-55.8,73.2],[-56.1,73.1]],[[-55.7,73.3],[-55.9,73.3],[-55.7,73.4],[-55.7,73.3]],[[-56,73.3],[-56.2,73.3],[-55.8,73.4],[-56,73.3]],[[-55.5,73.3],[-55.6,73.3],[-55.3,73.4],[-55.5,73.3]],[[-24.4,73.4],[-23.2,73.2],[-25,73.3],[-22.9,73.1],[-25.7,73.2],[-25.3,73.3],[-25.2,73.4],[-24.4,73.4]],[[-55.6,73.4],[-56.1,73.6],[-55.5,73.4],[-55.6,73.4]],[[-56.4,73.5],[-56.6,73.6],[-56.2,73.6],[-56.4,73.5]],[[-56.3,73.7],[-56.8,73.6],[-57,73.7],[-56.3,73.7]],[[-56.4,73.8],[-56.2,73.7],[-56.4,73.8],[-56.4,73.8]],[[-56,73.8],[-56.3,73.8],[-56.8,73.9],[-56,73.8]],[[-20,73.9],[-20.2,73.9],[-20.1,73.9],[-20,73.9]],[[-20.9,74.4],[-20.1,74.2],[-22,74.2],[-20.9,74.4]],[[-56.5,74.5],[-56.5,74.5],[-57.6,74.5],[-56.5,74.5]],[[-57,74.6],[-57.1,74.6],[-56.8,74.6],[-57,74.6]],[[-57.2,74.6],[-57.3,74.6],[-57.1,74.6],[-57.2,74.6]],[[-18.8,74.5],[-19.2,74.6],[-18.8,74.7],[-18.8,74.5]],[[-18.5,74.7],[-18.3,74.7],[-18.4,74.6],[-18.5,74.7]],[[-57.5,74.7],[-57.7,74.7],[-57.4,74.7],[-57.5,74.7]],[[-20.2,74.9],[-19.7,74.9],[-20.1,74.7],[-20.7,74.8],[-20.5,75],[-20,75],[-20.2,74.9]],[[-17.8,75.3],[-18.2,75.2],[-17.3,75.1],[-18.9,75],[-18.8,75.3],[-17.8,75.3]],[[-65,76],[-65.2,76],[-65,76.1],[-65,76]],[[-64.1,76.1],[-64.1,76.1],[-64,76.1],[-64.1,76.1]],[[-61.9,76.1],[-62,76.2],[-61.9,76.2],[-61.9,76.1]],[[-20.3,76.3],[-20.7,76.3],[-20.2,76.3],[-20.3,76.3]],[[-70,76.4],[-70.2,76.4],[-69.9,76.4],[-70,76.4]],[[-20.4,76.5],[-20.5,76.5],[-20.3,76.5],[-20.4,76.5]],[[-21.4,76.5],[-21.5,76.5],[-21.2,76.5],[-21.4,76.5]],[[-20.8,76.4],[-21.1,76.4],[-20.7,76.5],[-20.8,76.4]],[[-69.7,76.5],[-70,76.6],[-69.5,76.6],[-69.7,76.5]],[[-20.7,76.6],[-20.9,76.5],[-20.6,76.6],[-20.7,76.6]],[[-21.1,76.6],[-21.5,76.6],[-21,76.6],[-21.1,76.6]],[[-19.6,76.7],[-19.9,76.7],[-19.6,76.7],[-19.6,76.7]],[[-18.7,76.6],[-18.6,75.9],[-19.1,76.5],[-18.8,76.6],[-19,76.8],[-18.7,76.6]],[[-19.7,76.8],[-19.8,76.8],[-19.6,76.8],[-19.7,76.8]],[[-20.2,76.8],[-20.4,76.8],[-20.2,76.9],[-20.2,76.8]],[[-71.9,77.3],[-72.6,77.4],[-71.3,77.4],[-71.9,77.3]],[[-70.7,77.5],[-70.1,77.4],[-71.3,77.4],[-70.7,77.5]],[[-66.2,77.5],[-66.7,77.5],[-66.7,77.5],[-66.2,77.5]],[[-19.8,77.5],[-20,77.6],[-19.8,77.6],[-19.8,77.5]],[[-66.9,77.6],[-67,77.6],[-66.6,77.6],[-66.9,77.6]],[[-18,77.7],[-18.2,77.7],[-17.6,77.8],[-18,77.7]],[[-19.9,78],[-19.2,77.8],[-19.8,77.8],[-20.5,78],[-19.9,78]],[[-19.5,77.9],[-19.7,78],[-19.6,78],[-19.5,77.9]],[[-21.3,77.9],[-21.4,77.9],[-21.1,78],[-21.3,77.9]],[[-20.5,78],[-20.6,78],[-20.4,78.1],[-20.5,78]],[[-19.3,78.1],[-19.4,78.1],[-19.3,78.2],[-19.3,78.1]],[[-19,78.1],[-19.2,78.1],[-18.8,78.2],[-19,78.1]],[[-20.9,78.1],[-21,78.2],[-20.9,78.2],[-20.9,78.1]],[[-20.5,78.2],[-20.8,78.2],[-20.3,78.2],[-20.5,78.2]],[[-19.5,78.2],[-19.6,78.2],[-19.4,78.3],[-19.5,78.2]],[[-19.2,78.2],[-19.4,78.3],[-18.9,78.3],[-19.2,78.2]],[[-19.6,78.3],[-19.7,78.4],[-19.5,78.3],[-19.6,78.3]],[[-19.3,78.3],[-19.4,78.4],[-19.1,78.4],[-19.3,78.3]],[[-19,78.4],[-19.1,78.4],[-18.9,78.4],[-19,78.4]],[[-19.1,78.5],[-19.3,78.4],[-19,78.5],[-19.1,78.5]],[[-18.6,78.6],[-18.7,78.6],[-18.3,78.7],[-18.6,78.6]],[[-18.2,78.8],[-18.3,78.9],[-18.1,78.8],[-18.2,78.8]],[[-19.3,78.8],[-19.8,78.8],[-19.2,79],[-19.3,78.8]],[[-18,79],[-17.8,79.2],[-17.6,79.2],[-18,79]],[[-19.4,79.1],[-19.5,79.2],[-19.3,79.2],[-19.4,79.1]],[[-19.9,80.1],[-20,80.1],[-19.8,80.2],[-19,80.2],[-19.9,80.1]],[[-66.6,80.6],[-66.9,80.7],[-66.5,80.6],[-66.6,80.6]],[[-20.6,81.7],[-21,81.7],[-20.2,81.7],[-20.6,81.7]],[[-18.6,81.6],[-19.2,81.8],[-18.3,81.7],[-18.6,81.6]],[[-19.8,81.9],[-20.8,82.1],[-20.3,82.1],[-19.8,81.9]],[[-18.9,82],[-19.4,82.2],[-18.8,82],[-18.9,82]],[[-51.5,82],[-53.4,82.2],[-51.2,82],[-51.5,82]],[[-51.9,82.2],[-52.3,82.3],[-51.8,82.2],[-51.9,82.2]],[[-48.2,82.4],[-48.9,82.5],[-48,82.5],[-48.2,82.4]],[[-46,82.6],[-44.4,82.4],[-45.1,82.2],[-44.7,82.1],[-45.1,82.1],[-47.7,82.6],[-46,82.6]],[[-40.2,82.7],[-40.5,82.7],[-40.3,82.7],[-40.2,82.7]],[[-50,82.8],[-50.1,82.8],[-49.7,82.8],[-50,82.8]],[[-47.6,82.8],[-48.4,82.8],[-47.4,82.8],[-47.6,82.8]],[[-46.4,82.8],[-47.3,82.9],[-46.4,82.8],[-46.4,82.8]],[[-39.6,83],[-40.5,83.2],[-39.3,83.1],[-39.6,83]],[[-38.3,83.1],[-38.7,83.2],[-38,83.2],[-38.3,83.1]],[[-39.9,83],[-41.5,83.2],[-40.8,83.2],[-39.9,83]],[[-40.2,83.2],[-40.6,83.2],[-40.1,83.2],[-40.2,83.2]],[[-41,83.2],[-41.6,83.2],[-41,83.2],[-41,83.2]],[[-42.1,83.2],[-42.4,83.3],[-42,83.3],[-42.1,83.2]],[[-39.6,83.3],[-38.6,83.1],[-40.7,83.3],[-39.6,83.3]],[[-41.2,83.3],[-41.7,83.3],[-41.5,83.3],[-41.2,83.3]],[[-38.9,83.3],[-39.6,83.3],[-39.2,83.4],[-38.9,83.3]],[[-32.3,83.6],[-25.7,83.3],[-35.6,82.9],[-25.1,83.2],[-24.8,83],[-25.9,82.8],[-24,82.9],[-21.3,82.6],[-25.1,82.2],[-31.6,82.2],[-29.9,82.1],[-33.1,81.8],[-25.2,82],[-27.6,81.5],[-27.3,81.4],[-24.2,81.7],[-24,82],[-22,81.9],[-22.2,81.5],[-24.5,80.5],[-19.9,81.7],[-20.3,81.5],[-18,81.5],[-17.4,81.7],[-17.5,81.9],[-16.7,81.9],[-12.2,81.6],[-16,80.7],[-21.2,80.6],[-16.1,80.5],[-17.1,80.2],[-19.7,80.3],[-20.6,80.1],[-20.8,79.9],[-20.3,79.8],[-19.3,80.1],[-17.4,80.1],[-19.6,79.7],[-19.9,79.2],[-19.6,79.3],[-19.1,79.2],[-19.4,79.3],[-20.1,79.1],[-19.9,79],[-20,78.9],[-21.2,78.8],[-20.9,78.7],[-21.4,78.6],[-20.9,78.6],[-22,77.7],[-21.6,77.6],[-20.9,78],[-20.3,77.9],[-19.2,77.8],[-19,77.6],[-21.1,77.5],[-18.4,77.3],[-18.1,76.9],[-18.3,76.8],[-20.7,77],[-21.7,76.9],[-20.9,76.8],[-21.6,76.6],[-22.7,76.7],[-21.8,76.6],[-22.5,76.4],[-21.6,76.4],[-21.7,76.2],[-19.8,76.2],[-22,76],[-19.8,75.9],[-19.3,75.4],[-19.9,75.1],[-22.3,75.7],[-21.4,75.5],[-22.5,75.5],[-20.5,75.1],[-22.4,75.2],[-20.6,75.1],[-20.8,74.8],[-20.6,74.7],[-21.1,74.7],[-19,74.5],[-19.7,74.2],[-22.1,74.6],[-21.8,74.4],[-22.5,74.3],[-22.1,74.3],[-22.5,74.1],[-22,74],[-21.8,73.7],[-21.7,74.1],[-20.3,73.9],[-20.5,73.5],[-22.4,73.3],[-24,73.7],[-22.2,73.6],[-24,73.8],[-24.5,73.5],[-25.7,74],[-24.7,73.5],[-25.3,73.5],[-25.7,73.3],[-26,73.2],[-27.3,73.5],[-26.4,73.2],[-27.7,73.1],[-27.5,72.9],[-26.4,73.2],[-25.1,73.1],[-27.4,72.8],[-26.3,72.7],[-26.5,72.6],[-24.8,72.7],[-24.6,72.5],[-25.9,72.4],[-25.3,72.4],[-25.5,72.1],[-24.6,72.4],[-22.5,71.9],[-23.1,71.6],[-21.9,71.7],[-22.5,71.5],[-22.5,71.3],[-21.8,71.5],[-21.6,71.3],[-22,71.3],[-21.7,71.1],[-22.3,71.1],[-21.7,71.1],[-21.9,70.8],[-21.5,70.5],[-22.4,70.4],[-22.5,70.9],[-22.6,70.4],[-23.3,70.4],[-24.7,71.3],[-28.6,72.1],[-27.3,71.7],[-28.5,71.6],[-25.4,71.3],[-26.5,71],[-28.4,71],[-27.9,70.9],[-29.2,70.4],[-26.3,70.4],[-28.5,70],[-27.3,70],[-25.2,70.4],[-22.1,70.1],[-23.9,69.8],[-23.6,69.6],[-24.3,69.6],[-24.1,69.5],[-26.4,68.7],[-29.4,68.2],[-29.9,68.4],[-30.2,68.2],[-30,68.1],[-31.6,68.1],[-31.7,68.2],[-31.5,68.2],[-32,68.3],[-32.5,68.6],[-32.1,68.2],[-32.4,68.2],[-32,68.1],[-32.1,67.9],[-33.2,67.7],[-33.6,67.4],[-33.4,67.2],[-34,67],[-34.3,66.6],[-34.4,66.7],[-34.4,66.5],[-34.7,66.3],[-35.9,66.4],[-35.6,66.1],[-36.3,65.9],[-36.3,66.1],[-36.6,66.1],[-36.5,66],[-37,65.8],[-37.1,66.1],[-37.2,65.8],[-37.8,66],[-37.2,66.3],[-38.1,66.4],[-37.7,66.3],[-38.1,65.9],[-38.5,66],[-38.1,65.8],[-38.2,65.6],[-40.1,65.6],[-39.8,65.2],[-41.2,65],[-40.4,64.3],[-40.8,64.4],[-41.1,64.3],[-41.3,64.3],[-41.5,64.3],[-41.6,64.3],[-40.6,64.1],[-40.8,63.9],[-40.5,63.7],[-41.6,63.8],[-40.7,63.5],[-41.2,63.5],[-41,63.4],[-41.1,63.4],[-41.4,63.6],[-41.2,63.4],[-41.6,63.5],[-41.1,63.3],[-41.7,63.5],[-41.9,63.5],[-41.4,63.1],[-42.2,63.2],[-41.6,63],[-41.8,62.8],[-43.1,62.8],[-42.2,62.4],[-43,62.5],[-42.3,62.2],[-42.5,61.9],[-42.1,62],[-42.9,61.8],[-42.4,61.6],[-43.1,61.6],[-42.5,61.4],[-43.2,61.3],[-42.6,61.1],[-43.6,61.1],[-42.7,61.1],[-43.5,60.9],[-42.8,60.8],[-43.5,60.8],[-42.7,60.7],[-44.2,60.6],[-43.2,60.4],[-43.1,60.1],[-44.1,60.4],[-44.1,60.3],[-44.5,60.1],[-44.6,60],[-45.2,60.1],[-44.5,60.6],[-45.2,60.1],[-44.6,60.7],[-45.2,60.4],[-45.1,60.6],[-45.5,60.5],[-45.3,60.7],[-46,60.6],[-45.7,60.7],[-45.8,60.7],[-45.3,60.9],[-46.2,60.8],[-45.2,61.2],[-46.1,60.9],[-45.7,61.1],[-45.8,61.3],[-46,61.2],[-45.8,61.2],[-45.9,61.1],[-46.2,61],[-46.4,61.1],[-46.4,61],[-46.4,61],[-46.5,61],[-46.6,60.9],[-46.8,60.9],[-46.7,60.9],[-46.9,60.8],[-47,60.9],[-46.9,60.9],[-47,61],[-47.8,60.9],[-47.3,60.9],[-47.4,60.8],[-48.2,60.8],[-47.7,61],[-48.4,61],[-47.8,61],[-48.2,61.2],[-47.9,61.3],[-48.4,61.1],[-48.6,61.2],[-48.4,61.4],[-49.1,61.4],[-48.3,61.6],[-49.3,61.6],[-48.6,61.6],[-49.1,61.7],[-48.8,62],[-49.4,61.8],[-48.8,62.1],[-49.7,62],[-49.3,62.2],[-50.3,62.5],[-49.9,62.8],[-50.3,62.7],[-50.3,62.7],[-50.2,62.9],[-49.7,63.1],[-50.2,62.9],[-50.4,62.8],[-50.1,63],[-50.6,63.1],[-50.1,63.2],[-51.1,63.3],[-50.3,63.4],[-51.2,63.4],[-50.5,63.7],[-51.6,63.7],[-50.9,63.9],[-51.4,63.8],[-51.6,64],[-50,64.2],[-51.8,64.2],[-51,64.2],[-50.8,64.3],[-51,64.3],[-50.9,64.4],[-50.4,64.4],[-50.2,64.4],[-50.9,64.6],[-49.6,64.3],[-50.1,64.5],[-50,64.9],[-50.6,64.8],[-51,65.2],[-50.6,64.8],[-51.2,64.8],[-52,64.2],[-52,64.4],[-52.1,64.4],[-52.1,64.6],[-52.1,64.7],[-51.2,65],[-52.2,64.8],[-52.1,65.2],[-52.6,65.3],[-51.7,65.6],[-51.9,65.6],[-51.7,65.7],[-51.2,65.8],[-50.5,65.7],[-51.2,65.8],[-51.5,65.8],[-51.9,65.7],[-51.9,65.5],[-52.5,65.4],[-52.5,65.6],[-52.8,65.5],[-52.7,65.8],[-53.3,65.7],[-51.8,66.1],[-53.5,66],[-51.3,66.8],[-50.3,66.8],[-51,66.9],[-50,67],[-50.6,67],[-50.3,67.1],[-51.2,66.9],[-53.5,66.1],[-53.1,66.3],[-53.6,66.2],[-53.6,66.5],[-52.4,66.5],[-53.5,66.6],[-52.2,66.8],[-54,67.1],[-53.8,67.2],[-53.4,67.2],[-53.6,67.2],[-53.5,67.2],[-52.2,67.4],[-51.5,67.3],[-51.2,67.1],[-50.4,67.2],[-51.5,67.4],[-51.2,67.4],[-53.3,67.3],[-53.8,67.2],[-53.9,67.3],[-52.5,67.8],[-51.8,67.6],[-51.3,67.7],[-50.7,67.5],[-50.1,67.5],[-50.9,67.6],[-50.3,67.7],[-49.9,67.7],[-50.3,67.7],[-50.7,67.7],[-51,67.6],[-51.2,67.7],[-50.4,67.8],[-51.3,67.9],[-51.1,68],[-53.8,67.6],[-53,68],[-53.2,68],[-52.1,68],[-53.3,68.2],[-52.4,68.1],[-52.8,68.2],[-51.9,68],[-51.2,68.1],[-50.6,67.9],[-50.2,67.9],[-51.4,68.2],[-51,68.2],[-51.2,68.4],[-50.8,68.5],[-52.4,68.2],[-53.4,68.3],[-53.1,68.3],[-52.5,68.5],[-50.9,68.6],[-50.7,68.8],[-51.3,68.7],[-51.1,69.1],[-50.2,69],[-50.7,69.1],[-50.1,69.2],[-50.4,69.3],[-51.1,69.2],[-50.2,69.5],[-50.9,69.5],[-50.2,69.8],[-50.3,69.9],[-50.6,69.9],[-50.2,70],[-52.3,70],[-54.6,70.7],[-54.1,70.8],[-52.7,70.7],[-50.7,70.3],[-50.5,70.5],[-51,70.4],[-50.9,70.5],[-51.3,70.6],[-50.6,70.6],[-51.4,70.7],[-50.6,70.7],[-52,71],[-50.9,71],[-51.5,71.1],[-51.2,71.1],[-52.2,71.1],[-51.6,71.4],[-52.6,71.2],[-51.3,71.5],[-53,71.4],[-51.6,71.7],[-53.3,71.7],[-52.7,72],[-53.3,71.8],[-53.9,72.3],[-53.6,72.4],[-54,72.3],[-53.4,71.9],[-54.1,71.7],[-53.9,71.4],[-55.3,71.4],[-55.9,71.7],[-54.4,72.2],[-55.3,71.9],[-55.6,72],[-54.7,72.4],[-55.6,72.5],[-54.3,72.5],[-55,72.5],[-54.6,72.6],[-54.9,72.6],[-54.6,72.8],[-54.9,73],[-55.7,73.1],[-55.1,73.4],[-56.1,73.6],[-55.6,73.7],[-56.4,74.1],[-56.1,74.3],[-57.3,74.1],[-56.3,74.3],[-56.7,74.3],[-56.1,74.4],[-56.8,74.4],[-56.2,74.6],[-58.7,75.3],[-58.2,75.4],[-58.4,75.7],[-60.9,76.2],[-63.4,76.4],[-65.5,76],[-65.9,76.1],[-65.6,76.2],[-65.8,76.3],[-67.3,76.2],[-66.5,75.9],[-68.5,76.1],[-69.6,76.4],[-68,76.7],[-71.4,77.1],[-66.4,77.1],[-66.2,77.2],[-69.1,77.3],[-66.2,77.2],[-66.7,77.4],[-66.1,77.5],[-66.7,77.7],[-68.3,77.5],[-68.7,77.7],[-69.3,77.5],[-70.3,77.6],[-69.5,77.8],[-70.6,77.7],[-70,77.8],[-71.3,77.8],[-73.1,78.2],[-72.5,78.3],[-72.8,78.3],[-72.6,78.5],[-66,79.1],[-64.8,79.5],[-65.1,80],[-63.8,80.1],[-67,80.1],[-67.5,80.3],[-63.7,81.1],[-62.8,80.8],[-63.4,81.2],[-61.1,81.1],[-61.3,81.4],[-60.8,81.5],[-61.5,81.8],[-60.8,81.9],[-58.9,81.9],[-56.5,81.3],[-59.5,82],[-54.5,82.4],[-53.6,82.1],[-53.8,81.7],[-53.6,81.5],[-52.9,82],[-49.6,81.6],[-51.1,81.9],[-49.4,81.9],[-51.1,82.5],[-50.3,82.5],[-44.6,81.8],[-44.2,81.8],[-44.9,82],[-44.5,82.1],[-44.8,82.2],[-44.2,82.3],[-42.3,82.2],[-45.8,82.8],[-42.1,82.8],[-41.7,82.5],[-41.9,82.7],[-41.6,82.7],[-39.8,82.4],[-40.1,82.7],[-46.9,83],[-43.4,82.9],[-45.5,83.1],[-42.7,83.3],[-38.6,82.7],[-39.2,83],[-36.9,83.1],[-38.9,83.4],[-32.3,83.6]],[[-20.1,77.7],[-20.4,77.6],[-20,77.6],[-20.1,77.7]]]},"properties":{"iso2":"GL","name":"Greenland"}},{"type":"Feature","geometry":{"type":"Polygon","coordinates":[[[8.7,47.7],[8.7,47.7],[8.7,47.7],[8.7,47.7]],[[6.8,53.6],[6.7,53.6],[6.7,53.6],[6.8,53.6]],[[6.9,53.7],[6.9,53.7],[7.1,53.7],[6.9,53.7]],[[7.2,53.7],[7.1,53.7],[7.3,53.7],[7.2,53.7]],[[8.2,53.7],[8.1,53.7],[8.1,53.7],[8.2,53.7]],[[7.6,53.8],[7.5,53.7],[7.5,53.8],[7.6,53.8]],[[7.8,53.8],[7.7,53.8],[7.8,53.8],[7.8,53.8]],[[8.4,53.9],[8.4,54],[8.5,54],[8.4,53.9]],[[13.9,54],[13.9,54],[13.9,54],[13.9,54]],[[8.7,54],[8.7,54.1],[8.7,54.1],[8.7,54]],[[14,54.1],[14.2,53.9],[14.2,53.9],[13.8,53.9],[14.1,54],[13.8,54.2],[14,54.1]],[[11,54.4],[11,54.4],[11,54.4],[11,54.4]],[[8.9,54.5],[8.8,54.5],[9,54.5],[8.9,54.5]],[[11.3,54.4],[11,54.5],[11.2,54.5],[11.3,54.4]],[[8.7,54.5],[8.6,54.5],[8.7,54.6],[8.7,54.5]],[[13.1,54.5],[13.1,54.6],[13.2,54.6],[13.1,54.5]],[[13.4,54.6],[13.7,54.3],[13.1,54.3],[13.3,54.4],[13.1,54.5],[13.5,54.5],[13.2,54.6],[13.4,54.6]],[[8.4,54.6],[8.3,54.7],[8.4,54.7],[8.4,54.6]],[[8.6,54.7],[8.4,54.7],[8.6,54.8],[8.6,54.7]],[[11,54.4],[10.8,53.9],[12.5,54.5],[12.9,54.4],[12.4,54.3],[13,54.4],[13.5,54.1],[13.7,54.2],[13.8,53.8],[14.3,53.7],[14.1,52.9],[14.6,52.6],[14.6,51.8],[15,51.3],[14.8,50.9],[14.3,51.1],[12.1,50.3],[12.7,49.4],[13.8,48.8],[12.8,48.1],[13,47.5],[12.7,47.7],[11.1,47.4],[10.5,47.6],[10.2,47.3],[9.6,47.5],[8.6,47.8],[8.6,47.6],[7.7,47.5],[7.6,47.6],[7.6,48.1],[8.2,49],[6.4,49.5],[6.5,49.8],[6.1,50.1],[6.4,50.3],[6,50.8],[5.9,51],[6.2,51.5],[6,51.8],[6.8,52],[7.1,52.4],[6.7,52.5],[7.1,52.6],[7.2,53.2],[7,53.4],[7.3,53.7],[8,53.7],[8.5,53.4],[8.7,53.9],[9.8,53.5],[8.9,53.9],[8.9,54.3],[8.6,54.3],[9,54.5],[8.6,54.9],[8.3,54.7],[8.4,55.1],[8.7,54.9],[9.4,54.8],[10,54.8],[9.9,54.5],[11,54.4]],[[11.5,54],[11.5,54],[11.4,54],[11.5,54]],[[11.5,54.1],[11.6,54.1],[11.5,54],[11.5,54.1]],[[12.7,54.4],[12.7,54.4],[12.7,54.4],[12.7,54.4]]]},"properties":{"iso2":"DE","name":"Germany"}},{"type":"Feature","geometry":{"type":"Polygon","coordinates":[[[144.7,13.2],[144.7,13.4],[144.9,13.7],[144.7,13.2]]]},"properties":{"iso2":"GU","name":"Guam"}},{"type":"Feature","geometry":{"type":"Polygon","coordinates":[[[24.1,34.9],[24.1,34.8],[24,34.8],[24.1,34.9]],[[26.9,35.4],[26.9,35.4],[27,35.4],[26.9,35.4]],[[23.9,35.5],[26.3,35.1],[24.8,34.9],[23.5,35.3],[23.6,35.6],[23.9,35.5]],[[27.2,35.4],[27.1,35.6],[27.2,35.8],[27.2,35.4]],[[23.3,35.8],[23.3,35.9],[23.3,35.9],[23.3,35.8]],[[23,36.1],[22.9,36.4],[23.1,36.2],[23,36.1]],[[25.8,36.3],[25.7,36.4],[25.8,36.4],[25.8,36.3]],[[25.4,36.4],[25.4,36.4],[25.4,36.4],[25.4,36.4]],[[27.8,35.9],[27.7,36.2],[28.2,36.5],[27.8,35.9]],[[27.4,36.4],[27.3,36.5],[27.4,36.4],[27.4,36.4]],[[25.5,36.3],[25.4,36.5],[25.5,36.4],[25.5,36.3]],[[26.3,36.5],[26.3,36.6],[26.5,36.6],[26.3,36.5]],[[27.9,36.5],[27.8,36.6],[27.9,36.7],[27.9,36.5]],[[25,36.6],[24.8,36.7],[24.9,36.6],[25,36.6]],[[25.1,36.6],[25.1,36.7],[25.2,36.7],[25.1,36.6]],[[21.8,36.7],[21.8,36.7],[21.8,36.7],[21.8,36.8],[21.8,36.7]],[[24.4,36.7],[24.3,36.7],[24.5,36.8],[24.4,36.7]],[[25.4,36.7],[25.3,36.8],[25.4,36.7],[25.4,36.7]],[[24.7,36.7],[24.6,36.8],[24.7,36.8],[24.7,36.7]],[[21.7,36.7],[21.7,36.8],[21.7,36.8],[21.7,36.7]],[[24.6,36.8],[24.5,36.8],[24.6,36.8],[24.6,36.8]],[[25.5,36.8],[25.4,36.8],[25.5,36.9],[25.5,36.8]],[[25.8,36.8],[25.7,36.8],[26,36.9],[25.8,36.8]],[[27,36.7],[27.1,36.8],[27.4,36.9],[27,36.7]],[[25.7,36.9],[25.6,36.9],[25.7,36.9],[25.7,36.9]],[[25.1,37],[25,37],[25.1,37],[25.1,37]],[[24.7,36.9],[24.6,37],[24.8,37],[24.7,36.9]],[[27,36.9],[26.9,37.1],[27,37],[27,36.9]],[[25.8,37.1],[25.8,37.1],[25.8,37.1],[25.8,37.1]],[[25.3,37],[25.1,37],[25.3,37.1],[25.3,37]],[[26.9,37.1],[26.8,37.2],[26.9,37.2],[26.9,37.1]],[[25.5,36.9],[25.3,37.1],[25.5,37.2],[25.5,36.9]],[[24.5,37.2],[24.5,37.1],[24.4,37.1],[24.5,37.2]],[[26.8,37.2],[26.8,37.2],[26.8,37.2],[26.8,37.2]],[[23.2,37.2],[23.1,37.3],[23.2,37.3],[23.2,37.2]],[[23.4,37.3],[23.4,37.3],[23.6,37.4],[23.4,37.3]],[[24.4,37.3],[24.4,37.5],[24.5,37.4],[24.4,37.3]],[[25.4,37.4],[25.3,37.5],[25.5,37.5],[25.4,37.4]],[[25,37.4],[24.9,37.4],[24.9,37.5],[25,37.4]],[[23.5,37.5],[23.4,37.5],[23.5,37.5],[23.5,37.5]],[[25.2,37.5],[25,37.7],[25.2,37.6],[25.2,37.5]],[[24.3,37.5],[24.3,37.7],[24.4,37.7],[24.3,37.5]],[[26,37.5],[26.1,37.6],[26.4,37.7],[26,37.5]],[[23.5,37.7],[23.4,37.8],[23.6,37.8],[23.5,37.7]],[[27.1,37.7],[26.6,37.7],[26.7,37.8],[27.1,37.7]],[[20.9,37.8],[20.8,37.6],[20.6,37.9],[20.9,37.8]],[[24.8,38],[25,37.7],[24.7,37.9],[24.8,38]],[[23.5,37.9],[23.4,38],[23.5,38],[23.5,37.9]],[[20.6,38.4],[20.8,38.1],[20.3,38.2],[20.6,38.4]],[[20.7,38.3],[20.6,38.4],[20.6,38.5],[20.7,38.3]],[[26,38.2],[25.9,38.6],[26.2,38.5],[26,38.2]],[[20.9,38.5],[20.9,38.6],[20.9,38.6],[20.9,38.5]],[[25.6,38.5],[25.5,38.6],[25.6,38.6],[25.6,38.5]],[[20.6,38.6],[20.6,38.7],[20.7,38.8],[20.6,38.6]],[[24.7,38.8],[24.6,38.8],[24.5,39],[24.7,38.8]],[[23.5,38.9],[24.2,38.6],[24.6,38],[22.8,38.8],[23.5,38.9]],[[23.7,39.1],[23.6,39.2],[23.8,39.1],[23.7,39.1]],[[23.5,39.2],[23.4,39.2],[23.5,39.2],[23.5,39.2]],[[20.2,39.2],[20.1,39.2],[20.1,39.2],[20.2,39.2]],[[23.9,39.1],[24,39.3],[24,39.3],[23.9,39.1]],[[26.4,39.3],[26.6,39],[25.8,39.2],[26.4,39.3]],[[25,39.5],[25,39.6],[25.1,39.5],[25,39.5]],[[19.9,39.8],[19.8,39.6],[20.1,39.4],[19.6,39.7],[19.9,39.8]],[[19.4,39.8],[19.4,39.9],[19.4,39.9],[19.4,39.8]],[[25.4,40],[25.4,39.8],[25.1,39.9],[25.4,40]],[[25.6,40.4],[25.4,40.5],[25.7,40.5],[25.6,40.4]],[[24.8,40.6],[24.5,40.7],[24.6,40.8],[24.8,40.6]],[[26.3,41.7],[26.4,41.7],[26.6,41.4],[26,40.7],[25.1,41],[23.7,40.8],[24.4,40.2],[23.7,40.4],[23.9,39.9],[23.4,40.2],[23.7,39.9],[22.9,40.6],[22.6,40.5],[22.6,40],[23.3,39.2],[22.9,39.4],[23.1,39],[22.5,38.9],[24.1,38.2],[24,37.7],[23.5,38],[23,37.9],[23.5,37.4],[22.7,37.6],[23.2,36.4],[22.6,36.8],[22.5,36.4],[22.2,37],[21.7,36.8],[21.6,37.4],[21.1,37.9],[21.9,38.3],[22.9,37.9],[23.2,38.2],[22.4,38.4],[21.1,38.3],[21,38.7],[20.7,38.8],[21.1,39],[20.7,39],[20,39.7],[20.7,40.1],[21,40.9],[22.9,41.3],[24.3,41.6],[25.3,41.2],[26.1,41.4],[26.1,41.7],[26.3,41.7]]]},"properties":{"iso2":"GR","name":"Greece (Mainland)"}},{"type":"Feature","geometry":{"type":"Polygon","coordinates":[[[-90.6,13.9],[-91.4,14],[-92.2,14.6],[-91.7,16.1],[-90.4,16.1],[-90.4,16.4],[-91.4,17.2],[-91,17.3],[-91,17.8],[-89.1,17.8],[-89.2,15.9],[-88.9,15.9],[-88.2,15.7],[-89.2,15.1],[-89.3,14.4],[-90.1,13.7],[-90.6,13.9]]]},"properties":{"iso2":"GT","name":"Guatemala"}},{"type":"Feature","geometry":{"type":"Polygon","coordinates":[[[-13.6,9.7],[-14.7,10.5],[-14.7,11],[-15,11],[-14.7,11.5],[-13.7,11.7],[-14,12.2],[-13.7,12.7],[-12.3,12.3],[-11.4,12.4],[-11.3,12],[-10.9,12.2],[-10.7,11.9],[-10.3,12.2],[-9.7,12],[-9.2,12.5],[-8.5,11.5],[-8.4,11.3],[-8.7,11],[-8.3,11],[-8,10.2],[-8.1,9.5],[-7.7,9.1],[-8,8.8],[-7.6,8.4],[-8.2,8.5],[-7.9,8],[-8.5,7.6],[-8.7,7.7],[-9.1,7.2],[-9.5,7.4],[-9.5,8.3],[-10.3,8.5],[-10.7,8.3],[-10.6,9.1],[-11.2,10],[-12.5,9.9],[-13.3,9],[-13.6,9.7]]]},"properties":{"iso2":"GN","name":"Guinea"}},{"type":"Feature","geometry":{"type":"Polygon","coordinates":[[[-58.5,6.9],[-58.4,7],[-58.3,7],[-58.5,6.9]],[[-59.8,8.3],[-58.5,7.3],[-58.6,6.4],[-58.3,6.9],[-57.2,6.1],[-57.2,5.5],[-57.3,5],[-57.9,4.8],[-58,4],[-57.6,3.4],[-57.3,3.4],[-56.5,1.9],[-57.3,2],[-58.8,1.2],[-59.6,1.7],[-60,2.7],[-59.6,3.9],[-59.7,4.4],[-60.1,4.5],[-60.1,5.2],[-60.7,5.2],[-61.4,5.9],[-61.1,6.7],[-60.3,7.1],[-60.7,7.5],[-59.8,8.2],[-60,8.5],[-59.8,8.3]]]},"properties":{"iso2":"GY","name":"Guyana"}},{"type":"Feature","geometry":{"type":"Polygon","coordinates":[[[-73.6,18.1],[-73.7,18.1],[-73.7,18.1],[-73.6,18.1]],[[-72.8,18.7],[-73.3,18.9],[-72.9,18.8],[-72.8,18.7]],[[-72.7,19.9],[-71.8,19.7],[-71.7,18.7],[-72,18.6],[-71.8,18],[-73.4,18.3],[-73.9,18],[-74.4,18.3],[-74.3,18.7],[-72.4,18.5],[-72.8,19],[-72.7,19.5],[-73.5,19.7],[-72.7,19.9]],[[-73.7,18.6],[-73.7,18.6],[-73.8,18.6],[-73.7,18.6]],[[-72.6,20],[-73,20.1],[-72.8,20.1],[-72.6,20]]]},"properties":{"iso2":"HT","name":"Haiti"}},{"type":"Feature","geometry":{"type":"Polygon","coordinates":[[[-87.6,13.2],[-87.7,13.3],[-87.6,13.3],[-87.6,13.2]],[[-87.6,13.4],[-87.6,13.3],[-87.7,13.3],[-87.6,13.4]],[[-85.8,16],[-84.3,15.8],[-83.9,15.5],[-84.2,15.5],[-84.1,15.4],[-83.1,15],[-83.2,15],[-84.5,14.6],[-84.9,14.8],[-85.7,13.8],[-86,14.1],[-86.8,13.8],[-86.7,13.3],[-87.3,13],[-87.4,13.4],[-87.8,13.4],[-87.8,13.9],[-88.5,13.9],[-89.3,14.4],[-89.3,14.4],[-89.2,15.1],[-88.2,15.7],[-85.8,16]],[[-86.9,16.1],[-87,16.1],[-86.9,16.1],[-86.9,16.1]],[[-86.6,16.3],[-86.4,16.4],[-86.3,16.4],[-86.6,16.3]],[[-85.9,16.4],[-85.9,16.5],[-85.8,16.5],[-85.9,16.4]],[[-83.9,17.4],[-84,17.4],[-83.9,17.4],[-83.9,17.4]],[[-83.9,17.4],[-83.9,17.4],[-83.9,17.4],[-83.9,17.4]]]},"properties":{"iso2":"HN","name":"Honduras"}},{"type":"Feature","geometry":{"type":"Polygon","coordinates":[[[16.9,42.7],[16.8,42.8],[16.9,42.8],[16.9,42.7]],[[17.7,42.7],[17.3,42.8],[17.4,42.8],[17.7,42.7]],[[16.8,43],[17.2,42.9],[16.6,43],[16.8,43]],[[17.3,43],[17.6,42.9],[18.5,42.6],[18.5,42.4],[17,43],[17.3,43]],[[16.2,43],[16.1,43.1],[16.3,43.1],[16.2,43]],[[16.6,43.2],[17.2,43.1],[16.4,43.2],[16.6,43.2]],[[16.9,43.3],[16.4,43.3],[16.8,43.4],[16.9,43.3]],[[16.4,43.3],[16.2,43.4],[16.3,43.4],[16.4,43.3]],[[15.7,43.6],[15.6,43.7],[15.7,43.7],[15.7,43.6]],[[15.3,43.8],[15.4,43.8],[15.2,43.9],[15.3,43.8]],[[15.4,43.9],[15.3,44],[15.4,44],[15.4,43.9]],[[15.3,44],[15.1,44.2],[15.2,44.1],[15.3,44]],[[14.9,44.2],[15.2,43.9],[15.1,43.9],[14.9,44.2]],[[14.8,44.6],[14.7,44.7],[15.2,44.3],[14.8,44.6]],[[14.5,44.5],[14.4,44.6],[14.3,44.7],[14.5,44.5]],[[14.8,44.8],[14.9,44.7],[14.7,44.8],[14.8,44.8]],[[14.5,44.9],[14.5,44.6],[14.3,44.9],[14.4,44.9],[14.3,45.2],[14.5,44.9]],[[14.8,44.9],[14.4,45.1],[14.5,45.2],[14.8,44.9]],[[16.6,46.5],[16.6,46.5],[17.7,45.8],[18.8,45.9],[19,45.4],[19.4,45.2],[19,44.9],[18.3,45.1],[15.8,45.2],[16.1,44.2],[17.6,42.9],[16.9,43.4],[16,43.5],[14.5,45.3],[14.3,45.3],[13.9,44.8],[13.6,45.5],[14.6,45.7],[15.2,45.4],[15.7,45.8],[15.7,46.2],[16.6,46.5]]]},"properties":{"iso2":"HR","name":"Croatia"}},{"type":"Feature","geometry":{"type":"Polygon","coordinates":[[[18.8,45.9],[17.7,45.8],[16.6,46.5],[16.1,46.9],[16.5,47],[16.7,47.5],[16.5,47.7],[17.1,47.7],[17.2,48],[17.3,48],[18.7,47.8],[20.7,48.6],[22.2,48.4],[22.9,48],[22,47.5],[21.2,46.3],[20.7,46.2],[20.3,46.1],[18.8,45.9]]]},"properties":{"iso2":"HU","name":"Hungary"}},{"type":"Feature","geometry":{"type":"Polygon","coordinates":[[[-15.1,66.1],[-14.6,66],[-14.8,65.7],[-14.3,65.8],[-14.6,65.5],[-13.6,65.5],[-13.6,65.3],[-14,65.2],[-13.5,65.1],[-14.5,64.8],[-14.5,64.4],[-14.9,64.3],[-15.4,64.4],[-18.7,63.4],[-21.1,63.9],[-22.7,63.8],[-22.7,64.1],[-21.4,64.4],[-22.1,64.3],[-21.5,64.6],[-22.2,64.5],[-22.4,64.8],[-24.1,64.9],[-21.8,65],[-22.6,65.2],[-21.7,65.4],[-24.5,65.5],[-23.8,65.5],[-24.1,65.8],[-23.2,65.7],[-23.9,65.9],[-23.2,65.8],[-23.8,66],[-23.4,66],[-23.7,66.1],[-23.5,66.2],[-22.4,65.8],[-23,66.2],[-22.4,66.3],[-23.2,66.3],[-22.9,66.5],[-21.4,66],[-21.6,66],[-21.3,65.7],[-21.8,65.8],[-21.1,65.2],[-20.9,65.6],[-20.4,65.5],[-20.4,66.1],[-20.2,66.1],[-19.5,65.7],[-19.5,66.1],[-18.8,66.2],[-18.1,65.6],[-18.3,66.2],[-16.6,66.1],[-16.5,66.5],[-15.4,66.1],[-14.7,66.4],[-15.1,66.1]]]},"properties":{"iso2":"IS","name":"Iceland"}},{"type":"Feature","geometry":{"type":"Polygon","coordinates":[[[93.9,7],[93.8,6.7],[93.7,7.2],[93.9,7]],[[93.7,7.4],[93.7,7.4],[93.7,7.4],[93.7,7.4]],[[93.6,7.2],[93.7,7.4],[93.7,7.3],[93.6,7.2]],[[93.5,7.9],[93.3,7.9],[93.3,8],[93.5,7.9]],[[93.6,7.9],[93.5,8],[93.5,8],[93.6,7.9]],[[93.5,8],[93.4,8.2],[93.5,8.2],[93.5,8]],[[73,8.2],[73,8.3],[73.1,8.3],[73,8.2]],[[93.2,8.2],[93.1,8.3],[93.1,8.3],[93.2,8.2]],[[93.6,8.4],[93.6,8.6],[93.6,8.5],[93.6,8.4]],[[92.8,9.1],[92.7,9.2],[92.8,9.3],[92.8,9.1]],[[73.6,10.1],[73.6,10.1],[73.6,10.1],[73.6,10.1]],[[72.6,10.6],[72.6,10.6],[72.7,10.6],[72.6,10.6]],[[73.7,10.8],[73.7,10.8],[73.7,10.8],[73.7,10.8]],[[72.2,10.8],[72.2,10.8],[72.2,10.9],[72.2,10.8]],[[92.5,10.5],[92.3,10.7],[92.5,10.9],[92.5,10.5]],[[72.3,10.9],[72.3,10.9],[72.3,11],[72.3,10.9]],[[72.7,11.1],[72.7,11.1],[72.7,11.1],[72.7,11.1]],[[72.1,11.2],[72.1,11.2],[72.1,11.2],[72.1,11.2]],[[72.8,11.2],[72.8,11.2],[72.8,11.3],[72.8,11.2]],[[73,11.5],[73,11.5],[73,11.5],[73,11.5]],[[92.6,11.4],[92.6,11.5],[92.7,11.4],[92.6,11.4]],[[92.3,11.5],[92.2,11.6],[92.3,11.6],[92.3,11.5]],[[72.7,11.7],[72.7,11.7],[72.7,11.7],[72.7,11.7]],[[93.1,11.9],[92.9,12],[93,12],[93.1,11.9]],[[93.1,12.1],[93.1,12.1],[93.1,12.1],[93.1,12.1]],[[92.7,12.2],[92.7,11.5],[92.5,11.9],[92.7,12.2]],[[93.1,12.1],[93.1,12.1],[93.1,12.2],[93.1,12.1]],[[93.9,12.3],[93.8,12.3],[93.9,12.3],[93.9,12.3]],[[92.8,12.3],[92.8,12.3],[92.8,12.3],[92.8,12.3]],[[92.8,12.3],[92.9,12.3],[92.8,12.1],[92.8,12.3]],[[92.9,12.4],[92.9,12.4],[92.9,12.4],[92.9,12.4]],[[92.9,12.9],[93,12.5],[92.8,12.3],[92.9,12.9]],[[92.7,12.8],[92.7,12.9],[92.7,13],[92.7,12.8]],[[92.9,13.4],[92.9,13.4],[92.9,13.4],[92.9,13.4]],[[94.3,13.4],[94.3,13.4],[94.3,13.4],[94.3,13.4]],[[93.1,13.2],[92.8,12.9],[93,13.6],[93.1,13.2]],[[93,13.6],[93,13.7],[93,13.7],[93,13.6]],[[80.9,15.7],[80.9,15.8],[81,15.8],[80.9,15.7]],[[82.4,16.9],[82.4,16.9],[82.4,16.9],[82.4,16.9]],[[88.9,21.5],[88.8,21.5],[88.8,21.6],[88.8,21.6],[88.9,21.6],[88.9,21.5]],[[72.7,21.6],[72.6,21.6],[72.8,21.7],[72.7,21.6]],[[88.1,21.6],[88,21.7],[88.1,21.9],[88.1,21.6]],[[88.6,21.8],[88.6,21.8],[88.6,21.8],[88.6,21.8],[88.6,21.9],[88.6,21.8]],[[88.1,21.8],[88.1,21.9],[88.1,21.9],[88.1,21.8]],[[78.1,35.4],[78.3,34.6],[79,34.4],[78.8,33.5],[79.5,32.8],[79,32.4],[78.8,32.6],[78.4,32.5],[78.8,31.3],[79.1,31.4],[81,30.2],[80.4,29.7],[80.1,28.8],[82.1,27.9],[83.3,27.3],[84.1,27.5],[85.9,26.6],[88,26.4],[88.1,27.9],[88.8,28],[88.9,27.3],[88.9,27],[89.6,26.7],[92.1,26.9],[92.1,27.3],[91.7,27.8],[92.5,27.9],[94.6,29.3],[95.4,29],[96.1,29.5],[96.4,29.3],[96.2,28.9],[96.5,29.1],[96.6,28.8],[96.4,28.4],[97.3,28.2],[96.9,27.6],[97.1,27.1],[96.2,27.3],[95.1,26.6],[95.2,26.1],[94.6,25.4],[94.7,25],[94.2,23.9],[93.3,24.1],[93.2,22.3],[92.6,22],[92.3,23.7],[91.9,23.7],[91.6,22.9],[91.2,23.6],[91.4,24.1],[92.1,24.4],[92.4,25],[89.8,25.3],[89.7,26.2],[89.3,26],[88.4,26.6],[88.1,25.8],[89,25.3],[88.5,25.2],[88,24.7],[88.8,24.2],[88.6,23.7],[89,23.2],[89.1,22.1],[89,21.9],[89.1,21.6],[89,21.6],[88.9,21.6],[88.8,21.6],[88.7,21.6],[88.7,22.2],[88.6,21.8],[88.6,21.7],[88.6,21.6],[88.5,22],[88.3,21.5],[88.2,22.2],[87.9,22.4],[88.2,22.1],[87.8,21.7],[87,21.4],[87,20.7],[86.4,20],[85.5,19.7],[85.4,19.9],[84.1,18.3],[82.4,17.1],[82.3,16.6],[81.3,16.4],[81,15.8],[80.9,16],[80.8,15.8],[80.3,15.7],[80,15],[80.3,13.4],[80,13.6],[80.3,13.3],[79.8,11.6],[79.9,10.3],[79.3,10.3],[78.9,9.5],[79.5,9.1],[78.4,9.1],[78.1,8.4],[77.5,8.1],[76.6,8.9],[75.7,11.4],[74.8,12.9],[74.4,14.5],[73.4,16.1],[72.9,18.7],[73.1,19],[72.8,18.9],[72.8,19.3],[73,19.2],[72.7,19.9],[72.9,20.8],[72.6,21.4],[73.1,21.8],[72.5,21.7],[72.7,22],[72.5,22],[72.9,22.3],[72.2,22.3],[72.1,21.2],[70.8,20.7],[68.9,22.3],[70.2,22.5],[70.5,23.1],[69.2,22.8],[68.4,23.4],[68.7,23.8],[68.3,23.6],[68.2,23.8],[68.7,24],[68.8,24.3],[70,24.2],[71.1,24.4],[70.7,25.7],[70.1,26],[70.2,26.5],[69.5,26.8],[69.6,27.2],[70.4,28],[70.8,27.7],[71.9,28],[73.4,29.9],[73.9,30.1],[73.9,30.4],[74.7,31.1],[74.6,31.9],[75.4,32.2],[74,33.2],[74,33.7],[74.3,34],[73.9,34.1],[73.9,34.6],[76.9,34.7],[77,35.1],[77.8,35.5],[78.1,35.4]],[[86.3,20],[86.3,20.1],[86.3,20],[86.3,20]]]},"properties":{"iso2":"IN","name":"India"}},{"type":"Feature","geometry":{"type":"Polygon","coordinates":[[[54,26.5],[53.9,26.5],[54,26.6],[54,26.5]],[[53.3,26.8],[53.2,26.8],[53.2,26.8],[53.3,26.8]],[[56.3,26.8],[56.3,26.9],[56.4,26.9],[56.3,26.8]],[[55.7,26.8],[55.6,26.8],[55.7,26.9],[55.7,26.8]],[[56.2,26.9],[55.3,26.6],[55.8,26.8],[55.8,27],[56.2,26.9]],[[56.5,27],[56.4,27.1],[56.5,27.1],[56.5,27.1],[56.5,27]],[[50.3,29.2],[50.3,29.3],[50.3,29.3],[50.3,29.2]],[[45,39.4],[46.2,38.8],[46.5,38.9],[48,39.7],[48.4,39.4],[48,38.8],[48.9,38.4],[49.1,37.6],[50.2,37.4],[51.1,36.7],[53.9,36.8],[53.9,37.4],[54.7,37.4],[55.4,38.1],[57.2,38.3],[57.5,37.9],[59.3,37.5],[60.3,36.7],[61.2,36.6],[61.3,35.6],[60.7,34.5],[60.9,34.3],[60.5,34.1],[60.5,33.6],[60.9,33.5],[60.6,33.1],[60.8,31.5],[61.7,31.4],[61.9,31],[60.9,29.9],[61.9,28.6],[62.8,28.3],[62.8,27.3],[63.3,27.1],[63.2,26.6],[61.9,26.2],[61.6,25.2],[57.3,25.8],[56.7,27.1],[56.1,27.2],[54.8,26.5],[53.7,26.7],[52.4,27.6],[51.4,27.9],[50,30.2],[49.6,30],[49,30.5],[48.9,30],[48.5,30],[48,30.5],[48,31],[47.7,31],[47.9,31.8],[47.4,32.4],[46.1,33],[46.2,33.3],[45.4,34],[45.8,34.9],[46.2,35.1],[46,35.6],[46.3,35.8],[45.4,36],[44.8,37.1],[44.6,37.7],[44.2,37.9],[44.5,38.3],[44,39.4],[44.4,39.4],[44.6,39.8],[44.8,39.6],[45,39.4]]]},"properties":{"iso2":"IR","name":"Iran"}},{"type":"Feature","geometry":{"type":"Polygon","coordinates":[[[35.3,31.8],[35.3,31.8],[35.2,31.8],[35.3,31.8]],[[35.6,33.2],[35.6,32.7],[35.6,32.4],[35.3,32.5],[34.9,31.4],[35.5,31.5],[35,29.5],[34.9,29.5],[34.3,31.2],[34.3,31.3],[34.5,31.6],[35.1,33.1],[35.6,33.2]]]},"properties":{"iso2":"IL","name":"Israel"}},{"type":"Feature","geometry":{"type":"Polygon","coordinates":[[[12.1,47],[12.4,46.7],[13.7,46.5],[13.4,46.3],[13.7,46.2],[13.5,46],[13.9,45.6],[13.7,45.6],[13.2,45.8],[12.3,45.5],[12.2,45.3],[12.5,45],[12.2,44.7],[12.4,44.2],[13.6,43.6],[14,42.7],[14.7,42.1],[16.1,41.9],[15.9,41.5],[18,40.6],[18.5,40.1],[18.3,39.8],[17.9,40.3],[16.9,40.4],[16.5,39.8],[17.2,39.4],[17.2,39],[16.6,38.8],[16.1,37.9],[15.6,38],[16.2,38.9],[15.7,40],[11.1,42.4],[10.1,44],[8.7,44.4],[7.5,43.8],[7.7,44.2],[7,44.3],[7,44.8],[6.6,45.1],[7.1,45.3],[6.8,45.8],[7,45.9],[7.9,45.9],[8.4,46.5],[9,45.8],[9.3,46.5],[10.1,46.2],[10.1,46.5],[10.5,46.5],[10.5,46.9],[12.1,47]],[[12.5,43.9],[12.5,44],[12.4,44],[12.5,43.9]],[[12.4,41.9],[12.5,41.9],[12.5,41.9],[12.4,41.9]],[[12.4,45.4],[12.3,45.3],[12.4,45.4],[12.4,45.4]],[[9.8,43],[9.8,43],[9.8,43.1],[9.8,43.1],[9.8,43]],[[10.4,42.8],[10.4,42.7],[10.1,42.8],[10.4,42.8]],[[10.1,42.6],[10.1,42.6],[10.1,42.6],[10.1,42.6]],[[10.9,42.3],[10.9,42.4],[10.9,42.4],[10.9,42.3]],[[10.3,42.3],[10.3,42.3],[10.3,42.3],[10.3,42.3]],[[9.5,41.1],[9.8,40.5],[9.6,39.2],[9,39.3],[8.9,38.9],[8.4,39],[8.6,39.9],[8.2,40.9],[9.5,41.1]],[[8.3,41.1],[8.2,41],[8.3,41.1],[8.3,41.1]],[[13,40.9],[13,40.9],[13,40.9],[13,40.9]],[[14,40.7],[13.9,40.7],[13.9,40.7],[14,40.7]],[[14.2,40.6],[14.3,40.6],[14.2,40.5],[14.2,40.6]],[[8.3,39.1],[8.2,39.2],[8.3,39.2],[8.3,39.1]],[[15.2,38.8],[15.2,38.8],[15.2,38.8],[15.2,38.8]],[[13.2,38.7],[13.2,38.7],[13.2,38.7],[13.2,38.7]],[[14.9,38.5],[14.8,38.6],[14.9,38.6],[14.9,38.5]],[[15,38.4],[14.9,38.5],[15,38.5],[15,38.4]],[[15,38.4],[14.9,38.4],[15,38.4],[15,38.4]],[[15.5,38.1],[15.1,37.5],[15.3,37],[15.1,36.6],[12.4,37.8],[13.3,38.2],[13.8,38],[15.5,38.1]],[[12.1,38],[12,38],[12.1,38],[12.1,38]],[[12.4,37.9],[12.3,37.9],[12.3,37.9],[12.4,37.9]],[[12,36.7],[11.9,36.8],[12,36.8],[12,36.7]]]},"properties":{"iso2":"IT","name":"Italy (Mainland)"}},{"type":"Feature","geometry":{"type":"Polygon","coordinates":[[[-3.1,5.1],[-3.1,5.1],[-3.2,5.1],[-3.1,5.1]],[[-4.8,5.2],[-4.1,5.3],[-4,5.2],[-4.8,5.2]],[[-4.8,5.2],[-5.3,5.2],[-5,5.1],[-7.5,4.4],[-7.4,5.8],[-8.6,6.5],[-8.3,6.9],[-8.5,7.6],[-7.9,8],[-8.2,8.5],[-7.6,8.4],[-8,8.8],[-7.7,9.1],[-8.1,9.5],[-8,10.2],[-7.6,10.4],[-7,10.1],[-6.2,10.7],[-6.1,10.2],[-5.5,10.4],[-4.7,9.7],[-3.6,10],[-2.7,9.5],[-2.5,8.2],[-3.2,6.6],[-2.8,5.6],[-2.9,5.1],[-3.1,5.4],[-3.3,5.1],[-4,5.3],[-3.8,5.4],[-4.8,5.2]]]},"properties":{"iso2":"CI","name":"Cote d'Ivoire"}},{"type":"Feature","geometry":{"type":"Polygon","coordinates":[[[45.8,34.9],[45.4,34],[46.2,33.3],[46.1,33],[47.4,32.4],[47.9,31.8],[47.7,31],[48,31],[48,30.5],[48.5,30],[48.5,29.9],[48.4,29.9],[48.2,30],[47.9,30],[47.9,30],[47.2,30],[46.5,29.1],[44.7,29.2],[42.1,31.1],[40.4,31.9],[39.2,32.2],[38.8,33.4],[41,34.4],[41.3,36.4],[42.4,37.1],[42.8,37.4],[44.1,37.3],[44.3,37],[44.8,37.1],[45.4,36],[46.3,35.8],[46,35.6],[46.2,35.1],[45.8,34.9]]]},"properties":{"iso2":"IQ","name":"Iraq"}},{"type":"Feature","geometry":{"type":"Polygon","coordinates":[[[154,24.3],[153.9,24.3],[154,24.3],[154,24.3]],[[123.9,24.3],[123.7,24.3],[123.9,24.4],[123.9,24.3]],[[123,24.4],[122.9,24.5],[123,24.5],[123,24.4]],[[131.3,24.5],[131.2,24.5],[131.3,24.5],[131.3,24.5]],[[124.3,24.5],[124.2,24.3],[124.1,24.4],[124.3,24.6],[124.3,24.5]],[[141.3,24.7],[141.3,24.8],[141.4,24.8],[141.3,24.7]],[[125.4,24.8],[125.5,24.7],[125.3,24.7],[125.3,24.9],[125.4,24.8]],[[141.3,25.4],[141.3,25.4],[141.3,25.5],[141.3,25.4]],[[131.2,25.8],[131.2,25.8],[131.3,25.9],[131.2,25.8]],[[126.8,26.4],[126.8,26.3],[126.7,26.4],[126.8,26.4]],[[142.2,26.6],[142.1,26.7],[142.2,26.7],[142.2,26.6]],[[128.3,26.6],[127.7,26.1],[127.9,26.7],[128.3,26.9],[128.3,26.6]],[[142.2,27],[142.2,27.1],[142.2,27.1],[142.2,27]],[[142.2,27.1],[142.2,27.2],[142.2,27.2],[142.2,27.1]],[[140.9,27.2],[140.9,27.2],[140.9,27.2],[140.9,27.2]],[[128.6,27.4],[128.5,27.4],[128.7,27.4],[128.6,27.4]],[[142.2,27.6],[142.2,27.6],[142.2,27.6],[142.2,27.6]],[[142.1,27.7],[142.1,27.7],[142.1,27.7],[142.1,27.7]],[[129,27.7],[128.9,27.9],[129,27.8],[129,27.7]],[[129.3,28.1],[129.2,28.1],[129.2,28.2],[129.3,28.1]],[[130,28.3],[129.9,28.3],[130,28.4],[130,28.3]],[[129.7,28.5],[129.4,28.1],[129.1,28.3],[129.7,28.5]],[[129.7,29.6],[129.7,29.6],[129.7,29.7],[129.7,29.6]],[[129.9,29.9],[129.9,29.8],[129.9,29.9],[129.9,29.9]],[[130,30],[129.9,30],[129.9,30],[130,30]],[[130.6,30.2],[130.4,30.4],[130.7,30.4],[130.6,30.2]],[[140.3,30.5],[140.3,30.5],[140.3,30.5],[140.3,30.5]],[[130.9,30.4],[130.9,30.5],[131.1,30.8],[130.9,30.4]],[[129.7,31.6],[129.7,31.7],[129.8,31.8],[129.7,31.6]],[[140,31.9],[140,31.9],[140,31.9],[140,31.9]],[[130.2,32.1],[130.1,32.2],[130.2,32.2],[130.2,32.1]],[[130.4,32.4],[130.2,32.4],[130.4,32.5],[130.4,32.4]],[[130,32.2],[130.2,32.5],[130.2,32.3],[130,32.2]],[[128.9,32.6],[128.6,32.6],[128.7,32.8],[128.9,32.6]],[[139.8,33],[139.7,33.1],[139.9,33.1],[139.8,33]],[[129.1,33],[129.1,32.8],[129.1,33.1],[129.1,33]],[[129.4,33.2],[129.5,33.3],[129.6,33.4],[129.4,33.2]],[[132.3,33.8],[132.2,33.8],[132.2,33.8],[132.3,33.8]],[[129.8,33.7],[129.7,33.7],[129.7,33.9],[129.8,33.7]],[[139.6,33.8],[139.6,33.8],[139.6,33.9],[139.6,33.8]],[[132.3,33.9],[132.2,33.9],[132.5,33.9],[132.3,33.9]],[[131.2,33.6],[131.7,33.6],[131.5,33.3],[131.9,33.3],[132,32.8],[131.3,31.4],[130.7,31],[130.8,31.7],[130.5,31.5],[130.6,31.2],[130.2,31.2],[130.2,32],[130.6,32.4],[130.6,32.6],[130.4,32.6],[130.6,32.8],[130.2,33.2],[130.3,32.7],[129.7,32.6],[129.7,33.1],[129.9,33],[129.6,33.4],[130.7,33.9],[131.2,33.6]],[[129.8,33.3],[129.9,33.4],[129.8,33.4],[129.8,33.3]],[[139.5,34],[139.5,34.1],[139.6,34.1],[139.5,34]],[[132.5,34.1],[132.6,34.1],[132.5,34.1],[132.5,34.2],[132.5,34.1]],[[132.4,34.1],[132.4,34.2],[132.5,34.3],[132.4,34.1]],[[133,34.2],[133,34.3],[133.1,34.2],[133,34.2]],[[129.2,34.1],[129.2,34.3],[129.3,34.3],[129.2,34.1]],[[134.2,34.3],[134.8,33.8],[134.2,33.2],[133.6,33.5],[132.8,32.7],[132.4,33.5],[132,33.3],[132.9,34.1],[133.5,34],[134.2,34.3]],[[139.3,34.3],[139.2,34.4],[139.3,34.4],[139.3,34.3]],[[134.4,34.4],[134.2,34.5],[134.4,34.6],[134.4,34.4]],[[134.8,34.2],[134.7,34.3],[135,34.6],[134.8,34.2]],[[129.3,34.3],[129.3,34.6],[129.5,34.7],[129.3,34.3]],[[139.5,34.7],[139.4,34.7],[139.4,34.8],[139.5,34.7]],[[133.1,36],[133,36],[133,36],[133.1,36]],[[133.1,36],[133.1,36.1],[133.1,36.1],[133.1,36]],[[133,36],[133,36.1],[133.1,36.1],[133,36]],[[133.3,36.3],[133.4,36.2],[133.3,36.2],[133.3,36.3]],[[137.1,37.1],[137,37.1],[136.9,37.1],[137.1,37.1]],[[138.4,38],[138.2,37.8],[138.5,38.3],[138.4,38]],[[141.3,41.3],[142.1,39.5],[141.5,38.3],[141,38.1],[141,37],[140.6,36.2],[140.8,35.7],[140.3,35.1],[139.8,35],[140,35.7],[139.7,35.1],[139.2,35.2],[138.8,34.6],[138.7,35.1],[138.2,34.6],[137,34.6],[137.3,34.7],[136.9,34.7],[136.8,35.1],[136.5,34.7],[136.9,34.3],[136.3,34.2],[135.8,33.5],[135.1,33.9],[135.3,34.7],[132.4,34.4],[132.1,33.8],[131.7,34.1],[130.9,33.9],[130.9,34.4],[131.4,34.4],[133.1,35.6],[136.1,35.6],[136,36],[136.7,36.8],[136.8,37.4],[137.4,37.5],[137.4,37.4],[137,37.2],[136.9,37.2],[136.9,37.1],[137.3,36.7],[138.6,37.4],[139.4,38.2],[140,39.4],[140,39.8],[139.7,39.9],[140,40.2],[139.9,40.6],[140.3,40.8],[140.3,41.2],[140.7,40.8],[141.1,40.9],[141.2,41.2],[140.8,41.2],[140.9,41.5],[141.3,41.3]],[[139.6,42.2],[139.4,42.1],[139.4,42.2],[139.6,42.2]],[[145.3,43.5],[145.2,43.6],[145.4,43.6],[145.3,43.5]],[[144,44.1],[143.9,44.1],[143.8,44.2],[144,44.1]],[[141.3,45.1],[141.1,45.2],[141.3,45.2],[141.3,45.1]],[[142,45.4],[143.8,44.1],[144.8,43.9],[145.3,44.3],[145.1,43.8],[145.3,43.3],[145.8,43.4],[144,42.9],[143.2,41.9],[141.8,42.6],[141,42.3],[140.5,42.6],[140.3,42.3],[141.2,41.8],[140.1,41.4],[139.8,42.6],[140.5,43],[140.5,43.4],[141.4,43.3],[141.8,44.6],[141.6,45.2],[142,45.4]],[[141,45.3],[141,45.5],[141.1,45.4],[141,45.3]]]},"properties":{"iso2":"JP","name":"Japan"}},{"type":"Feature","geometry":{"type":"Polygon","coordinates":[[[-77.1,17.9],[-77.7,17.8],[-78.3,18.4],[-76.9,18.4],[-76.2,17.9],[-77.1,17.9]]]},"properties":{"iso2":"JM","name":"Jamaica"}},{"type":"Feature","geometry":{"type":"Polygon","coordinates":[[[35,29.4],[35,29.5],[35.5,31.5],[35.6,32.4],[35.6,32.7],[36.8,32.3],[38.8,33.4],[39.2,32.2],[37,31.5],[38,30.5],[37.5,30],[36.7,29.9],[36.1,29.2],[35,29.4]]]},"properties":{"iso2":"JO","name":"Jordan"}},{"type":"Feature","geometry":{"type":"Polygon","coordinates":[[[41.1,-2.1],[41,-2.2],[41.1,-2],[41.1,-2.1]],[[35.9,4.6],[37,4.4],[38.1,3.6],[39.5,3.4],[40.8,4.3],[41.2,3.9],[41.9,4],[41,2.8],[41,-0.9],[41.6,-1.7],[41.3,-2],[40.9,-2],[41,-2.3],[40.9,-2.2],[40.6,-2.5],[40.2,-2.7],[39.2,-4.7],[37.6,-3.5],[37.6,-3],[33.9,-1],[33.9,0.1],[35,1.9],[34.5,3.7],[34,4.2],[34.4,4.6],[35.9,4.6]]]},"properties":{"iso2":"KE","name":"Kenya"}},{"type":"Feature","geometry":{"type":"Polygon","coordinates":[[[80.2,42.2],[78.1,41],[76.9,41],[76.3,40.4],[75.7,40.3],[75.6,40.6],[74.9,40.5],[74,40],[73.7,39.5],[72.2,39.2],[71.5,39.6],[71,39.4],[69.3,39.5],[69.5,40.1],[70.5,39.9],[71,40.2],[71.7,40.1],[73.2,40.8],[72.2,41],[71.7,41.6],[71.4,41.1],[70.2,41.5],[71.3,42.2],[71,42.3],[71.2,42.7],[71.7,42.8],[73.5,42.4],[73.6,43],[74.3,43.2],[75.7,42.8],[79.2,42.8],[80.2,42.2]]]},"properties":{"iso2":"KG","name":"Kyrgyzstan"}},{"type":"Feature","geometry":{"type":"Polygon","coordinates":[[[124.8,39.5],[124.9,39.6],[124.9,39.6],[124.8,39.5]],[[130.6,42.4],[130.7,42.3],[129.7,41.6],[129.7,40.8],[127.5,39.7],[127.4,39.2],[128.4,38.6],[128.1,38.3],[127.1,38.3],[126.7,37.8],[125.6,38],[125.7,37.9],[125.3,37.7],[125.5,37.9],[125,37.9],[125.3,38.1],[124.7,38.1],[125,38.6],[125.7,38.6],[125.1,38.8],[125.4,39.6],[125.1,39.6],[124.7,39.8],[124.6,39.6],[124.4,40.1],[126,40.9],[126.9,41.8],[128.2,41.4],[128.1,42],[128.9,42],[129.7,42.4],[129.9,43],[130.6,42.4],[130.6,42.4]]]},"properties":{"iso2":"KP","name":"Korea, Democratic People's Republic of"}},{"type":"Feature","geometry":{"type":"Polygon","coordinates":[[[-151.8,-11.5],[-151.8,-11.4],[-151.8,-11.4],[-151.8,-11.5]],[[-152.4,-10.1],[-152.4,-10.1],[-152.4,-10.1],[-152.4,-10.1]],[[-150.2,-10],[-150.2,-9.9],[-150.2,-9.9],[-150.2,-10]],[[-150.2,-9.9],[-150.2,-9.9],[-150.2,-9.9],[-150.2,-9.9]],[[-155.9,-5.6],[-155.9,-5.6],[-155.9,-5.6],[-155.9,-5.6]],[[-172.2,-4.5],[-172.2,-4.5],[-172.2,-4.5],[-172.2,-4.5]],[[-171.2,-4.5],[-171.3,-4.4],[-171.2,-4.4],[-171.2,-4.5]],[[-154.9,-4],[-155,-4.1],[-155,-4.1],[-154.9,-4]],[[-171.1,-3.1],[-171.1,-3.1],[-171.1,-3.1],[-171.1,-3.1]],[[-171.6,-2.8],[-171.6,-2.9],[-171.7,-2.8],[-171.6,-2.8]],[[176.8,-2.7],[176.8,-2.6],[176.8,-2.6],[176.8,-2.7]],[[176,-2.5],[176,-2.5],[176,-2.5],[176,-2.5]],[[175.6,-1.9],[175.5,-1.8],[175.6,-1.9],[175.6,-1.9]],[[175.5,-1.8],[175.5,-1.8],[175.5,-1.8],[175.5,-1.8]],[[175,-1.6],[175,-1.5],[175,-1.4],[175,-1.6]],[[174.9,-1.4],[174.9,-1.4],[174.9,-1.4],[174.9,-1.4]],[[176.5,-1.4],[176.4,-1.3],[176.4,-1.3],[176.5,-1.4]],[[176,-1.3],[176,-1.4],[175.9,-1.3],[176,-1.3]],[[174.8,-1.3],[174.7,-1.1],[174.8,-1.2],[174.8,-1.3]],[[174.5,-0.8],[174.5,-0.7],[174.5,-0.8],[174.5,-0.8]],[[174.5,-0.7],[174.4,-0.6],[174.4,-0.6],[174.5,-0.7]],[[173.6,0.1],[173.6,0.2],[173.6,0.2],[173.6,0.1]],[[173.4,0.2],[173.4,0.2],[173.4,0.2],[173.4,0.2]],[[173.4,0.2],[173.4,0.3],[173.4,0.3],[173.4,0.2]],[[173.9,0.3],[173.9,0.3],[173.9,0.3],[173.9,0.3]],[[173.8,0.4],[173.9,0.4],[173.8,0.4],[173.8,0.4]],[[173,1],[173.1,1],[173,0.8],[173,1]],[[172.9,1.3],[172.9,1.3],[172.9,1.3],[172.9,1.3]],[[173.1,1.3],[173.1,1.4],[173.1,1.4],[173.1,1.3]],[[173.1,1.4],[173,1.4],[173,1.4],[173.1,1.4]],[[173,1.5],[173,1.5],[173,1.5],[173,1.5]],[[173,1.5],[173,1.6],[173,1.6],[173,1.5]],[[172.9,1.8],[172.8,1.9],[172.9,1.9],[172.9,1.8]],[[173,1.7],[172.9,1.9],[173,1.8],[173,1.7]],[[172.9,1.9],[172.9,1.9],[172.9,1.9],[172.9,1.9]],[[173.3,1.9],[173.3,2],[173.3,2],[173.3,1.9]],[[173.3,2],[173.3,2],[173.3,2],[173.3,2]],[[-157.4,2],[-157.2,1.7],[-157.6,1.9],[-157.4,2]],[[172.9,3.1],[172.8,3],[172.7,3],[172.9,3.1]],[[173,3.2],[173,3.3],[173,3.3],[173,3.2]],[[-159.3,3.9],[-159.3,3.8],[-159.4,3.9],[-159.3,3.9]],[[-160.4,4.7],[-160.4,4.7],[-160.4,4.7],[-160.4,4.7]]]},"properties":{"iso2":"KI","name":"Kiribati"}},{"type":"Feature","geometry":{"type":"Polygon","coordinates":[[[126.6,33.2],[126.2,33.3],[126.9,33.5],[126.6,33.2]],[[126.8,34.3],[126.7,34.3],[126.7,34.4],[126.8,34.3]],[[127.2,34.4],[127.1,34.5],[127.2,34.5],[127.2,34.4]],[[127.8,34.5],[127.7,34.5],[127.8,34.5],[127.8,34.5]],[[126.2,34.4],[126.2,34.6],[126.4,34.5],[126.2,34.4]],[[127.8,34.6],[127.7,34.6],[127.8,34.7],[127.8,34.6]],[[126,34.7],[125.9,34.7],[126,34.7],[126,34.7]],[[126,34.8],[126,34.8],[125.9,34.7],[126,34.8]],[[128.1,34.8],[128,34.9],[128,34.9],[128.1,34.8]],[[126.1,34.9],[126,34.9],[126.1,34.9],[126.1,34.9]],[[128,34.8],[128.1,34.7],[127.9,34.7],[127.9,34.9],[128,34.8]],[[128.8,34.9],[128.6,34.7],[128.5,34.9],[128.8,34.9]],[[126.1,35],[126.1,35.1],[126.2,35.1],[126.1,35]],[[126.4,36.4],[126.3,36.4],[126.3,36.6],[126.4,36.4]],[[126.2,36.8],[126.2,36.8],[126.2,36.8],[126.2,36.8]],[[130.9,37.5],[130.8,37.5],[130.9,37.5],[130.9,37.5]],[[126.5,37.6],[126.4,37.6],[126.4,37.8],[126.5,37.6]],[[124.7,37.9],[124.6,38],[124.7,38],[124.7,37.9]],[[128.5,38.3],[129.4,37.1],[129.4,35.5],[129.1,35.1],[127.6,34.9],[127.6,34.6],[127.5,34.9],[127.4,34.5],[127.1,34.5],[127.3,34.7],[126.9,34.4],[126.8,34.6],[126.6,34.3],[126.3,34.7],[126.7,34.8],[126.2,35.1],[126.4,35],[126.7,35.5],[126.5,35.6],[126.9,36.1],[126.5,36.1],[126.5,36.7],[126.1,36.7],[126.5,37.1],[127,36.9],[126.7,37.2],[126.9,37.3],[126.7,37.8],[127.1,38.3],[128.1,38.3],[128.4,38.6],[128.5,38.3]]]},"properties":{"iso2":"KR","name":"Korea, Republic of"}},{"type":"Feature","geometry":{"type":"Polygon","coordinates":[[[48.4,29.5],[48.4,29.4],[48.3,29.4],[48.4,29.5]],[[48.2,29.6],[48.2,30],[48.4,29.7],[48.2,29.6]],[[48,30],[48,30],[48,30],[48.1,30],[48,30]],[[47.9,30],[47.9,30],[48.2,29.6],[47.7,29.4],[48,29.3],[48.4,28.5],[47.7,28.5],[47.5,29],[46.5,29.1],[47.2,30],[47.9,30]]]},"properties":{"iso2":"KW","name":"Kuwait"}},{"type":"Feature","geometry":{"type":"Polygon","coordinates":[[[50.1,44.8],[50,45],[50.1,45.1],[50.1,44.8]],[[50.3,44.9],[50.3,45],[50.3,45.1],[50.3,44.9]],[[53,46.2],[53,46.3],[53,46.4],[53.1,46.3],[53,46.2]],[[69.2,55.3],[70.8,55.3],[71.3,54.7],[71,54.3],[71.2,54.1],[72.2,54.1],[72.1,54.4],[72.5,53.9],[72.6,54.1],[73.8,54.1],[73.2,53.6],[73.4,53.4],[74.4,53.5],[76.8,54.4],[76.5,54],[77.9,53.3],[80.1,50.8],[80.7,51.3],[81.5,50.7],[83.5,51],[84.4,50.2],[85,50.1],[85.3,49.6],[86.2,49.5],[86.8,49.8],[86.6,49.6],[87.3,49.1],[86.9,49.1],[86.6,48.5],[85.8,48.4],[85.5,47.1],[84.8,46.8],[83,47.2],[82.3,45.6],[82.6,45.4],[82.6,45.1],[81.7,45.4],[79.9,44.9],[80.5,44.7],[80.4,44.1],[80.8,43.2],[80.4,43],[80.6,42.9],[80.2,42.7],[80.2,42.2],[79.2,42.8],[75.7,42.8],[74.3,43.2],[73.6,43],[73.5,42.4],[71.7,42.8],[71.2,42.7],[71,42.3],[69.1,41.4],[68.5,40.6],[67.9,41.2],[66.7,41.2],[66.5,42],[66,42],[66.1,43],[65.8,42.9],[64.9,43.7],[62,43.5],[58.6,45.6],[56,45],[56,41.3],[55.5,41.3],[54.2,42.3],[53,42.1],[52.4,41.7],[52.7,42.7],[51.3,43.2],[50.8,44.2],[50.2,44.6],[51.6,44.5],[51,44.9],[51.4,45.4],[53.2,45.3],[52.7,45.5],[53.1,46],[53.2,46.3],[53,46.5],[53.2,46.7],[51.2,47.1],[49.2,46.3],[48.6,46.6],[49,46.8],[48.2,47.7],[47.4,47.7],[47.1,48.3],[46.5,48.4],[47.1,49.1],[46.8,49.3],[46.9,49.9],[47.5,50.4],[48.3,49.9],[48.8,49.9],[48.7,50.6],[50.8,51.8],[51.3,51.5],[52.3,51.8],[52.6,51.5],[53.4,51.5],[54.5,50.9],[54.5,50.5],[54.6,51],[55.7,50.5],[56.5,51.1],[57.5,50.9],[58.3,51.2],[59.5,50.5],[60,50.9],[61.4,50.8],[61.7,51.3],[60,52],[61.1,52.3],[60.7,52.7],[61.1,53],[62.1,53],[61.2,53.3],[61.6,53.5],[60.9,53.6],[61.2,53.8],[61,53.9],[62.5,53.9],[63.2,54.2],[65.2,54.3],[65.5,54.6],[69.2,55.3]]]},"properties":{"iso2":"KZ","name":"Kazakhstan"}},{"type":"Feature","geometry":{"type":"Polygon","coordinates":[[[107.5,14.7],[106.9,14.3],[106.5,14.6],[106,14.4],[106.1,13.9],[105.2,14.3],[105.5,14.6],[105.6,15.7],[104.7,16.5],[104.7,17.5],[104,18.3],[103.4,18.4],[102.7,17.8],[102.1,18.2],[101.2,17.5],[100.9,17.6],[101.3,19.6],[100.5,19.5],[100.6,20.2],[100.1,20.3],[101.1,21.6],[101.3,21.2],[101.8,21.1],[101.6,22.2],[101.7,22.5],[102.1,22.4],[102.7,21.7],[103,21.7],[103.2,20.8],[103.7,20.7],[104.1,21],[104.6,20.7],[104.4,20.4],[105,20],[104.6,19.6],[104,19.7],[103.9,19.3],[105.2,18.6],[105.2,18.3],[106.6,17],[106.7,16.5],[107.5,16.1],[107.2,15.8],[107.7,15.3],[107.5,14.7]]]},"properties":{"iso2":"LA","name":"Laos"}},{"type":"Feature","geometry":{"type":"Polygon","coordinates":[[[35.6,33.2],[35.1,33.1],[36,34.6],[36.5,34.6],[36.6,34.2],[35.6,33.2]]]},"properties":{"iso2":"LB","name":"Lebanon"}},{"type":"Feature","geometry":{"type":"Polygon","coordinates":[[[21.1,56.4],[21.1,56.8],[21.7,57.6],[22.6,57.8],[23.8,57],[24.4,57.3],[24.3,57.9],[25.3,58.1],[26.5,57.5],[27.4,57.5],[27.9,57.3],[27.7,56.9],[28.2,56.2],[26.6,55.7],[25,56.3],[22.1,56.4],[21.1,56.1],[21.1,56.4]]]},"properties":{"iso2":"LV","name":"Latvia"}},{"type":"Feature","geometry":{"type":"Polygon","coordinates":[[[26.6,55.7],[28.2,56.2],[30.9,55.6],[31,55],[30.8,54.8],[31.8,54.1],[31.8,53.8],[32.7,53.5],[31.3,53],[31.8,52.1],[30.9,52.1],[30.6,51.3],[25.8,51.9],[24.4,51.9],[23.6,51.5],[23.6,52.1],[23.2,52.3],[23.9,52.7],[23.5,53.9],[25.8,54.2],[25.5,54.3],[25.8,54.9],[26.8,55.3],[26.5,55.3],[26.6,55.7]]]},"properties":{"iso2":"BY","name":"Belarus"}},{"type":"Feature","geometry":{"type":"Polygon","coordinates":[[[21,55.3],[21,55.3],[20.9,55.3],[21.1,55.7],[21,55.3]],[[25,56.3],[26.6,55.7],[26.5,55.3],[26.8,55.3],[25.8,54.9],[25.5,54.3],[25.8,54.2],[23.5,53.9],[22.8,54.4],[22.8,54.9],[21.4,55.3],[21.3,55.2],[21.1,56.1],[22.1,56.4],[25,56.3]]]},"properties":{"iso2":"LT","name":"Lithuania"}},{"type":"Feature","geometry":{"type":"Polygon","coordinates":[[[-10.8,6.4],[-11.5,6.9],[-10.3,8.5],[-9.5,8.3],[-9.5,7.4],[-9.1,7.2],[-8.7,7.7],[-8.5,7.6],[-8.3,6.9],[-8.6,6.5],[-7.4,5.8],[-7.5,4.4],[-9.1,5.1],[-10.8,6.4]]]},"properties":{"iso2":"LR","name":"Liberia"}},{"type":"Feature","geometry":{"type":"Polygon","coordinates":[[[17.3,48],[17.2,48],[16.9,48.6],[18.9,49.5],[19.5,49.6],[20.1,49.2],[21.6,49.4],[22.6,49.1],[22.2,48.4],[20.7,48.6],[18.7,47.8],[17.3,48]]]},"properties":{"iso2":"SK","name":"Slovakia"}},{"type":"Feature","geometry":{"type":"Polygon","coordinates":[[[9.5,47.3],[9.6,47.1],[9.5,47.1],[9.5,47.3]]]},"properties":{"iso2":"LI","name":"Liechtenstein"}},{"type":"Feature","geometry":{"type":"Polygon","coordinates":[[[9.9,27.8],[9.8,29.4],[9.3,30.1],[9.5,30.2],[10.2,30.7],[10.3,31.7],[11.6,32.4],[11.5,33.2],[15.2,32.4],[15.8,31.4],[17.4,31.1],[19,30.3],[20.1,30.9],[20.1,32.2],[21.6,32.9],[23.1,32.6],[23.2,32.2],[25,32],[25.2,31.6],[24.7,30.2],[25,29.2],[25,22],[25,20],[24,20],[24,19.5],[16,23.5],[15,23],[14.2,22.6],[13.5,23.2],[12,23.5],[11.6,24.3],[10.3,24.6],[9.4,26.2],[9.9,26.5],[9.9,27.8]]]},"properties":{"iso2":"LY","name":"Libya"}},{"type":"Feature","geometry":{"type":"Polygon","coordinates":[[[49.8,-17.1],[49.9,-16.9],[50,-16.7],[49.8,-17.1]],[[47.2,-15.4],[47.2,-15.4],[47.2,-15.4],[47.2,-15.4],[47.2,-15.4],[47.2,-15.4]],[[48.3,-13.4],[48.2,-13.4],[48.3,-13.2],[48.3,-13.4]],[[49.4,-12.1],[49.9,-13],[50.4,-15.6],[50.2,-16],[49.9,-15.4],[49.6,-15.6],[49.8,-16.8],[47.1,-24.9],[45.2,-25.6],[44,-25],[43.2,-22.3],[43.5,-21.3],[44.5,-20],[43.9,-17.5],[44.5,-16.2],[46.2,-15.7],[46.5,-16],[46.3,-15.6],[46.9,-15.2],[47,-15.6],[47.2,-15.4],[47.2,-15.4],[47.1,-15.3],[47.1,-15.2],[47.5,-14.7],[47.4,-15.1],[47.8,-14.6],[48,-14.8],[47.7,-14.4],[48,-14.2],[47.9,-13.6],[48.3,-13.8],[48.7,-13.4],[49,-12.8],[48.7,-12.4],[49.4,-12.1]],[[49.6,-12.6],[49.6,-12.6],[49.6,-12.6],[49.6,-12.6]]]},"properties":{"iso2":"MG","name":"Madagascar"}},{"type":"Feature","geometry":{"type":"Polygon","coordinates":[[[-60.9,14.4],[-61.2,14.9],[-60.9,14.7],[-60.9,14.4]]]},"properties":{"iso2":"MQ","name":"Martinique"}},{"type":"Feature","geometry":{"type":"Polygon","coordinates":[[[91,46.6],[90.1,47.9],[88.7,48.2],[88,48.6],[87.8,49.2],[92.3,50.8],[94.3,50.6],[94.6,50],[97.3,49.7],[98.3,50.3],[97.8,51],[98.9,52.1],[102.2,51.3],[102.3,50.6],[102.9,50.3],[106.7,50.3],[108,49.9],[107.9,49.7],[108.6,49.3],[110.8,49.1],[113.1,49.6],[114.3,50.3],[116.7,49.8],[115.6,47.9],[117.4,47.7],[117.8,48],[118.5,48],[119.7,47.2],[119.9,46.7],[117.4,46.6],[116.6,46.3],[115.7,45.5],[114.5,45.4],[113.6,44.7],[112,45.1],[111.4,44.4],[112,43.7],[110.4,42.8],[109.3,42.4],[107.5,42.5],[105,41.6],[100.8,42.7],[96.4,42.7],[95.3,44],[95.4,44.3],[93.6,45],[90.9,45.3],[90.7,45.6],[91,46.6]]]},"properties":{"iso2":"MN","name":"Mongolia"}},{"type":"Feature","geometry":{"type":"Polygon","coordinates":[[[-62.2,16.7],[-62.2,16.7],[-62.2,16.8],[-62.2,16.7]]]},"properties":{"iso2":"MS","name":"Montserrat"}},{"type":"Feature","geometry":{"type":"Polygon","coordinates":[[[20.8,40.9],[20.5,41.3],[20.6,41.9],[22.4,42.3],[23,41.8],[22.9,41.3],[21,40.9],[20.8,40.9]]]},"properties":{"iso2":"MK","name":"North Macedonia"}},{"type":"Feature","geometry":{"type":"Polygon","coordinates":[[[-8.5,11.5],[-9.2,12.5],[-9.7,12],[-10.3,12.2],[-10.7,11.9],[-10.9,12.2],[-11.3,12],[-11.4,12.4],[-11.4,13],[-12.1,13.7],[-12.2,14.8],[-11.8,14.9],[-11.5,15.6],[-10.9,15.1],[-10.7,15.4],[-9.4,15.4],[-9.3,15.7],[-9.3,15.5],[-5.5,15.5],[-5.3,16.3],[-5.6,16.5],[-6.6,25],[-4.8,25],[1.2,21.1],[1.2,20.7],[1.8,20.3],[3.2,19.8],[3.3,19],[4.2,19.1],[4.2,18.6],[4.2,16.4],[3.5,15.4],[1.3,15.3],[0.2,14.9],[-0.7,15.1],[-2,14.5],[-2,14.2],[-2.5,14.3],[-2.9,13.7],[-3.3,13.7],[-3.4,13.2],[-4,13.5],[-4.3,13.1],[-4.4,12.3],[-5.3,11.8],[-5.5,10.4],[-6.1,10.2],[-6.2,10.7],[-7,10.1],[-7.6,10.4],[-8,10.2],[-8.3,11],[-8.7,11],[-8.4,11.3],[-8.5,11.5]]]},"properties":{"iso2":"ML","name":"Mali"}},{"type":"Feature","geometry":{"type":"Polygon","coordinates":[[[-9.1,32.7],[-6.8,34],[-5.9,35.8],[-5.4,35.9],[-5.3,35.8],[-4.7,35.2],[-2.9,35.3],[-2.9,35.3],[-2.9,35.3],[-2.2,35.1],[-1.7,34.7],[-1.7,33.3],[-1,32.5],[-1.2,32.1],[-2.9,32.1],[-3.8,31.7],[-3.6,31],[-4.9,30.5],[-5.5,29.9],[-7.1,29.6],[-8.7,28.7],[-8.7,27.7],[-13.2,27.7],[-11.5,28.3],[-10.1,29.4],[-9.6,30.2],[-9.8,31.4],[-9.1,32.7]]]},"properties":{"iso2":"MA","name":"Morocco"}},{"type":"Feature","geometry":{"type":"Polygon","coordinates":[[[57.6,-20.5],[57.3,-20.4],[57.6,-20],[57.6,-20.5]],[[63.5,-19.7],[63.3,-19.7],[63.5,-19.7],[63.5,-19.7]],[[56.6,-10.4],[56.5,-10.3],[56.5,-10.3],[56.6,-10.4]]]},"properties":{"iso2":"MU","name":"Mauritius"}},{"type":"Feature","geometry":{"type":"Polygon","coordinates":[[[-16.4,19.6],[-16.5,19.7],[-16.3,19.9],[-16.4,19.6]],[[-6.7,26.1],[-4.8,25],[-6.6,25],[-5.6,16.5],[-5.3,16.3],[-5.5,15.5],[-9.3,15.5],[-9.3,15.7],[-9.4,15.4],[-10.7,15.4],[-10.9,15.1],[-11.5,15.6],[-11.8,14.9],[-12.2,14.8],[-14.3,16.6],[-16.3,16.5],[-16.5,16.1],[-16,17.7],[-16.5,19.4],[-16.2,20.2],[-16.9,21.2],[-17.1,20.8],[-17,21.3],[-15.7,21.3],[-13,21.3],[-13.1,22.9],[-12,23.5],[-12,26],[-8.7,26],[-8.7,27.3],[-6.7,26.1]]]},"properties":{"iso2":"MR","name":"Mauritania"}},{"type":"Feature","geometry":{"type":"Polygon","coordinates":[[[14.6,35.8],[14.4,35.8],[14.3,36],[14.6,35.8]],[[14.3,36],[14.2,36.1],[14.3,36],[14.3,36]]]},"properties":{"iso2":"MT","name":"Malta"}},{"type":"Feature","geometry":{"type":"Polygon","coordinates":[[[55.9,17.5],[55.8,17.5],[55.9,17.5],[55.9,17.5]],[[56,17.5],[56,17.5],[56.1,17.5],[56,17.5]],[[58.8,20.4],[58.6,20.2],[58.9,20.7],[58.8,20.4]],[[56,24.9],[56.1,24.7],[56.4,25],[57.2,23.9],[58.6,23.6],[59.8,22.2],[58.5,20.4],[58.2,20.6],[57.8,20.2],[57.8,19],[56.8,18.7],[56.4,17.9],[55.4,17.8],[55,17],[53.1,16.6],[52,19],[55,20],[55.7,22],[55.2,22.7],[55.5,24],[56,24.1],[55.8,24.6],[56,24.9]],[[56.4,26.4],[56.3,25.6],[56.2,25.7],[56.1,26.1],[56.4,26.4]]]},"properties":{"iso2":"OM","name":"Oman"}},{"type":"Feature","geometry":{"type":"Polygon","coordinates":[[[73.2,-0.7],[73.2,-0.7],[73.2,-0.7],[73.2,-0.7]],[[73.2,-0.7],[73.2,-0.7],[73.2,-0.7],[73.2,-0.7]],[[73.1,-0.7],[73.1,-0.7],[73.1,-0.7],[73.1,-0.7]],[[73.2,-0.6],[73.2,-0.6],[73.2,-0.6],[73.2,-0.6]],[[73.1,-0.6],[73.1,-0.6],[73.1,-0.6],[73.1,-0.6]],[[73.2,-0.6],[73.2,-0.6],[73.2,-0.6],[73.2,-0.6]],[[73.4,-0.3],[73.4,-0.3],[73.4,-0.3],[73.4,-0.3]],[[73.1,0.2],[73.1,0.2],[73.1,0.2],[73.1,0.2]],[[73.2,0.2],[73.2,0.2],[73.2,0.2],[73.2,0.2]],[[73,0.3],[73,0.3],[73,0.3],[73,0.3]],[[73.4,0.3],[73.4,0.3],[73.4,0.3],[73.4,0.3]],[[73.5,0.4],[73.5,0.4],[73.5,0.4],[73.5,0.4]],[[72.9,0.5],[72.9,0.5],[72.9,0.5],[72.9,0.5]],[[73.5,0.5],[73.5,0.5],[73.5,0.5],[73.5,0.5]],[[73.4,1.8],[73.4,1.8],[73.4,1.8],[73.4,1.8]],[[73.4,1.8],[73.4,1.8],[73.4,1.8],[73.4,1.8]],[[73.3,1.8],[73.3,1.8],[73.3,1.8],[73.3,1.8]],[[73.5,1.8],[73.5,1.8],[73.5,1.8],[73.5,1.8]],[[73.3,1.9],[73.2,1.9],[73.2,1.9],[73.3,1.9]],[[73.5,1.9],[73.5,1.9],[73.5,1.9],[73.5,1.9]],[[73.6,2],[73.5,2],[73.5,2],[73.6,2]],[[73.3,2],[73.3,2],[73.3,2],[73.3,2]],[[73.6,2.1],[73.6,2.1],[73.6,2.1],[73.6,2.1]],[[73.1,2.2],[73.1,2.2],[73.1,2.2],[73.1,2.2]],[[72.9,2.3],[72.9,2.3],[72.9,2.3],[72.9,2.3]],[[73.4,2.4],[73.4,2.4],[73.4,2.4],[73.4,2.4]],[[73.3,2.5],[73.3,2.5],[73.3,2.5],[73.3,2.5]],[[72.9,2.7],[72.9,2.7],[72.9,2.7],[72.9,2.7]],[[73,2.7],[73,2.7],[73,2.7],[73,2.7]],[[73.4,2.8],[73.3,2.8],[73.3,2.8],[73.4,2.8]],[[73,2.9],[73,2.9],[73,3],[73,2.9]],[[73.6,2.9],[73.6,3],[73.6,3],[73.6,2.9]],[[73,3.1],[73,3.1],[73,3.1],[73,3.1]],[[73.6,3.4],[73.6,3.4],[73.6,3.4],[73.6,3.4]],[[73.8,3.4],[73.7,3.5],[73.8,3.5],[73.8,3.4]],[[72.8,3.5],[72.8,3.5],[72.8,3.5],[72.8,3.5]],[[72.9,3.5],[72.9,3.5],[72.9,3.6],[72.9,3.5]],[[72.7,3.7],[72.7,3.7],[72.7,3.7],[72.7,3.7]],[[73.5,3.9],[73.5,3.9],[73.5,3.9],[73.5,3.9]],[[72.7,4],[72.7,4],[72.7,4],[72.7,4]],[[73.5,4.1],[73.5,4.1],[73.5,4.1],[73.5,4.1]],[[73.5,4.2],[73.5,4.2],[73.5,4.2],[73.5,4.2]],[[73.5,4.2],[73.5,4.2],[73.5,4.2],[73.5,4.2]],[[73,4.3],[73,4.3],[73,4.3],[73,4.3]],[[73,4.9],[73,4.9],[73,4.9],[73,4.9]],[[73.6,5.3],[73.6,5.3],[73.6,5.3],[73.6,5.3]],[[73.3,5.4],[73.3,5.4],[73.3,5.4],[73.3,5.4]],[[73.6,5.4],[73.6,5.4],[73.6,5.4],[73.6,5.4]],[[73.4,5.7],[73.4,5.7],[73.4,5.7],[73.4,5.7]],[[73,5.8],[73,5.8],[73,5.8],[73,5.8]],[[73.4,5.8],[73.4,5.8],[73.5,5.8],[73.4,5.8]],[[73,5.9],[73,5.8],[73,5.9],[73,5.9]],[[73.4,5.9],[73.4,5.9],[73.4,5.9],[73.4,5.9]],[[73.4,6],[73.4,6],[73.4,6],[73.4,6]],[[72.9,6],[72.9,6],[72.9,6],[72.9,6]],[[73.3,6.2],[73.3,6.2],[73.3,6.2],[73.3,6.2]],[[73.2,6.2],[73.2,6.2],[73.2,6.2],[73.2,6.2]],[[73.2,6.3],[73.2,6.3],[73.2,6.3],[73.2,6.3]],[[73.1,6.4],[73,6.4],[73,6.4],[73.1,6.4]],[[73.1,6.7],[73.1,6.7],[73.1,6.7],[73.1,6.7]],[[73.1,6.7],[73.1,6.7],[73.1,6.7],[73.1,6.7]],[[73.1,6.7],[73.1,6.7],[73.2,6.8],[73.1,6.7]],[[73.2,6.8],[73.2,6.8],[73.2,6.8],[73.2,6.8]],[[73.2,6.9],[73.2,6.9],[73.2,6.9],[73.2,6.9]],[[73.2,6.9],[73.2,7],[73.2,7],[73.2,6.9]],[[73,7],[73,7],[73,7],[73,7]],[[72.9,7.1],[72.9,7.1],[72.9,7.1],[72.9,7.1]]]},"properties":{"iso2":"MV","name":"Maldives"}},{"type":"Feature","geometry":{"type":"Polygon","coordinates":[[[-114.7,18.3],[-114.8,18.3],[-114.7,18.4],[-114.7,18.3]],[[-87.4,18.4],[-87.3,18.5],[-87.3,18.5],[-87.4,18.4]],[[-87.3,18.6],[-87.3,18.6],[-87.3,18.7],[-87.3,18.6]],[[-91.8,18.6],[-91.6,18.8],[-91.5,18.8],[-91.8,18.6]],[[-110.9,18.7],[-111.1,18.8],[-111,18.9],[-110.9,18.7]],[[-110.8,19.3],[-110.8,19.3],[-110.8,19.3],[-110.8,19.3]],[[-86.7,20.6],[-87,20.3],[-86.9,20.5],[-86.7,20.6]],[[-86.7,21.2],[-86.7,21.2],[-86.7,21.3],[-86.7,21.2]],[[-106.2,21.3],[-106.3,21.3],[-106.2,21.3],[-106.2,21.3]],[[-106.4,21.4],[-106.5,21.5],[-106.3,21.5],[-106.4,21.4]],[[-106.5,21.5],[-106.6,21.7],[-106.5,21.7],[-106.5,21.5]],[[-106.7,21.8],[-106.7,21.7],[-106.7,21.8],[-106.7,21.8]],[[-97.8,22.7],[-97.8,22.7],[-97.8,22.8],[-97.8,22.7]],[[-97.8,22.8],[-97.8,22.8],[-97.8,22.8],[-97.8,22.8]],[[-109.8,24.1],[-109.9,24.2],[-109.9,24.4],[-109.8,24.1]],[[-111.5,24.4],[-111.5,24.4],[-111.7,24.4],[-111.5,24.4]],[[-111.7,24.3],[-112,24.5],[-111.8,24.5],[-111.7,24.3]],[[-110.3,24.4],[-110.4,24.6],[-110.3,24.5],[-110.3,24.4]],[[-110.5,24.9],[-110.7,25.1],[-110.6,25],[-110.5,24.9]],[[-112,24.5],[-112.3,24.8],[-112.1,25.3],[-112.2,24.8],[-112,24.5]],[[-108.8,25.4],[-108.8,25.4],[-109,25.4],[-108.8,25.4]],[[-110.8,25.6],[-110.8,25.6],[-110.8,25.7],[-110.8,25.6]],[[-111.2,25.8],[-111.2,26],[-111.1,26.1],[-111.2,25.8]],[[-110.5,27.3],[-110.6,27.3],[-110.6,27.4],[-110.5,27.3]],[[-114.2,27.7],[-114.3,27.8],[-114.2,27.8],[-114.2,27.7]],[[-115.2,28],[-115.3,28.1],[-115.2,28.4],[-115.2,28]],[[-112.8,28.6],[-112.9,28.7],[-112.8,28.6],[-112.8,28.6]],[[-112.6,28.7],[-112.6,28.7],[-112.5,28.7],[-112.6,28.7]],[[-118.3,28.9],[-118.4,29.1],[-118.3,29.2],[-118.3,28.9]],[[-112.3,28.8],[-112.6,28.9],[-112.3,29.2],[-112.3,28.8]],[[-113.1,29],[-113.6,29.4],[-113.6,29.6],[-113.1,29]],[[-114.7,31.7],[-114.8,31.7],[-114.8,31.8],[-114.7,31.7]],[[-113.1,32],[-111,31.3],[-108.2,31.3],[-108.2,31.8],[-106.4,31.8],[-104.9,30.6],[-104.5,29.7],[-103.4,29],[-102.3,29.9],[-101.4,29.8],[-99.5,27.6],[-99.1,26.4],[-97.1,26],[-97.9,22.6],[-97.2,20.7],[-95.9,18.8],[-94.8,18.5],[-94.5,18.1],[-92,18.7],[-91.8,18.4],[-91.5,18.4],[-90.5,20],[-90.3,21],[-88.5,21.6],[-87,21.6],[-86.8,21.2],[-87.7,19.7],[-87.4,19.6],[-87.8,18.2],[-88,18.9],[-88.3,18.5],[-88.4,18.5],[-89.1,17.8],[-91,17.8],[-91,17.3],[-91.4,17.2],[-90.4,16.4],[-90.4,16.1],[-91.7,16.1],[-92.2,14.6],[-92.8,15.2],[-94.4,16.3],[-94.1,16],[-94.7,16.2],[-94.6,16.3],[-94.8,16.3],[-94.9,16.4],[-96.5,15.6],[-97.8,16],[-101,17.3],[-102,18],[-103.5,18.3],[-105,19.3],[-105.7,20.4],[-105.2,20.6],[-105.5,20.8],[-105.2,21.4],[-105.8,22.7],[-108,24.7],[-108,25.1],[-108.4,25.1],[-108.8,25.5],[-109.1,25.5],[-108.8,25.8],[-109.4,25.8],[-109.1,26.3],[-110.5,27.4],[-110.5,27.9],[-111.1,27.9],[-112.2,29],[-113.1,31.2],[-115,32],[-114.5,30],[-112.9,28.4],[-111.9,26.7],[-111.8,26.9],[-111.6,26.7],[-110.7,24.3],[-110.4,24.1],[-110.2,24.4],[-109.4,23.5],[-110,22.9],[-110.3,23.6],[-112.1,24.8],[-112.1,25.6],[-112.1,25.5],[-112.4,26.3],[-113.2,26.7],[-113.1,27],[-113.6,26.7],[-115,27.7],[-114,27.7],[-114.3,27.9],[-114.1,28.5],[-115.7,29.8],[-117.1,32.5],[-114.7,32.7],[-114.8,32.5],[-113.1,32]],[[-109.9,27],[-110,27.1],[-110,27.1],[-109.9,27]],[[-97.6,21.7],[-97.7,21.9],[-97.7,21.8],[-97.6,21.7]]]},"properties":{"iso2":"MX","name":"Mexico"}},{"type":"Feature","geometry":{"type":"Polygon","coordinates":[[[104.1,2.3],[104.2,2.3],[104.1,2.3],[104.1,2.3]],[[111.4,2.4],[111.3,2.4],[111.3,2.8],[111.4,2.7],[111.4,2.5],[111.4,2.4],[111.4,2.4]],[[104.2,2.7],[104.2,2.9],[104.2,2.7],[104.2,2.7]],[[117.7,4.2],[117.9,4.2],[117.7,4.2],[117.7,4.2]],[[118.7,4.5],[118.8,4.5],[118.7,4.4],[118.7,4.5]],[[118.5,4.6],[118.5,4.5],[118.5,4.5],[118.5,4.6]],[[118.6,4.6],[118.3,4.7],[118.5,4.7],[118.6,4.6]],[[115.2,5.3],[115.2,5.3],[115.2,5.4],[115.2,5.3]],[[100.3,5.3],[100.2,5.5],[100.3,5.4],[100.3,5.3]],[[115.7,5.7],[115.6,5.7],[115.7,5.7],[115.7,5.7]],[[118.2,5.8],[118.2,5.8],[118.2,5.8],[118.2,5.8]],[[116.1,6],[116,6],[116.1,6],[116.1,6]],[[115.6,6.2],[115.6,6.2],[115.6,6.2],[115.6,6.2]],[[99.9,6.4],[99.8,6.2],[99.6,6.4],[99.9,6.4]],[[100.7,6.4],[101.1,6.2],[101.1,5.6],[101.6,5.9],[101.8,5.7],[102.1,6.2],[103.4,4.9],[103.4,2.9],[104.3,1.4],[104,1.6],[103.5,1.3],[101.3,2.8],[101.3,3.3],[100.7,3.9],[100.1,6.4],[100.2,6.7],[100.7,6.4]],[[117.5,6.7],[117.5,6.6],[117.3,6.7],[117.5,6.7]],[[116.8,6.6],[117.2,7],[117.3,6.6],[117.7,6.4],[117.5,5.9],[118,6.1],[118,5.7],[118.4,5.8],[119.3,5.3],[118.1,4.9],[118.6,4.4],[117.6,4.2],[116,4.3],[115.7,4.2],[115.5,3],[115.1,2.9],[115.2,2.5],[114.8,2.2],[114.6,1.4],[113.7,1.2],[112.5,1.6],[111.8,1],[110.6,0.9],[109.7,1.6],[109.6,2.1],[109.9,1.7],[110.3,1.8],[111.4,1.3],[111,1.6],[111.4,2.2],[111.2,2.2],[111.2,2.4],[111.4,2.3],[111.5,2.4],[111.4,2.7],[113,3.2],[114.1,4.6],[114.6,4],[115,4.9],[115,4.8],[115.3,4.3],[115.2,4.8],[115.1,4.9],[115.5,5.1],[115.4,5.4],[115.8,5.6],[116.8,7],[116.8,6.6]],[[117.3,7.3],[117.1,7.1],[117.1,7.3],[117.3,7.3]],[[116.9,7.2],[117,7.4],[117,7.3],[116.9,7.2]]]},"properties":{"iso2":"MY","name":"Malaysia"}},{"type":"Feature","geometry":{"type":"Polygon","coordinates":[[[33,-26.1],[32.9,-26],[33,-26],[33,-26.1]],[[35.5,-21.7],[35.4,-21.8],[35.5,-21.5],[35.5,-21.7]],[[39.9,-16.4],[39.8,-16.4],[39.9,-16.3],[39.9,-16.4]],[[40.5,-11],[40.6,-12.8],[40.4,-13],[40.8,-14.7],[40.6,-15.5],[39.1,-17],[36.8,-17.9],[36.9,-18.1],[36.3,-18.9],[34.9,-19.9],[34.6,-19.6],[35.3,-22.4],[35.5,-22.2],[35.5,-24.1],[35,-24.7],[32.8,-25.6],[32.6,-26],[32.8,-26.3],[33,-26.1],[32.9,-26.8],[32.1,-26.8],[32,-26],[32,-24.5],[31.3,-22.4],[32.5,-21.3],[32.5,-20.6],[33,-19.9],[32.7,-18.9],[33.1,-18.3],[33,-17.3],[33,-16.7],[31.3,-16],[30.4,-16],[30.4,-15.6],[30.2,-15],[33.2,-14],[33.6,-14.5],[34.5,-14.6],[34.6,-15.3],[34.3,-15.9],[35.3,-17.1],[35.1,-16.6],[35.8,-16],[35.9,-14.9],[34.6,-13.3],[34.4,-12.2],[34.6,-11.6],[35,-11.6],[35.8,-11.4],[36.2,-11.7],[37.5,-11.7],[37.9,-11.3],[39.3,-11.2],[40.4,-10.5],[40.5,-11]],[[34.6,-12],[34.6,-12],[34.6,-12],[34.6,-12]],[[34.7,-12],[34.7,-12.1],[34.8,-12],[34.7,-12]]]},"properties":{"iso2":"MZ","name":"Mozambique"}},{"type":"Feature","geometry":{"type":"Polygon","coordinates":[[[34.7,-12.1],[34.7,-12],[34.8,-12],[34.7,-12.1]],[[34.6,-12],[34.6,-12],[34.6,-12],[34.6,-12]],[[33.1,-9.5],[34.3,-9.7],[35,-11.6],[34.6,-11.6],[34.4,-12.2],[34.6,-13.3],[35.9,-14.9],[35.8,-16],[35.1,-16.6],[35.3,-17.1],[34.3,-15.9],[34.6,-15.3],[34.5,-14.6],[33.6,-14.5],[33.2,-14],[32.7,-13.6],[33,-12.6],[33.5,-12.4],[33.3,-12.1],[33.3,-10.9],[33.7,-10.6],[32.9,-9.4],[33.1,-9.5]]]},"properties":{"iso2":"MW","name":"Malawi"}},{"type":"Feature","geometry":{"type":"Polygon","coordinates":[[[167.5,-22.7],[167.5,-22.7],[167.5,-22.7],[167.5,-22.7]],[[167.5,-22.7],[167.4,-22.5],[167.6,-22.6],[167.5,-22.7]],[[166.8,-22.5],[166.8,-22.5],[166.8,-22.4],[166.8,-22.5]],[[171.3,-22.3],[171.3,-22.3],[171.3,-22.3],[171.3,-22.3]],[[166.1,-22.1],[166,-22.1],[166.1,-22],[166.1,-22.1]],[[166.5,-21.7],[166.4,-21.7],[166.4,-21.7],[166.5,-21.7]],[[168,-21.5],[168.1,-21.6],[167.8,-21.4],[168,-21.5]],[[167.8,-21.1],[167.8,-21.1],[167.8,-21.1],[167.8,-21.1]],[[166.4,-20.7],[166.4,-20.7],[166.5,-20.7],[166.4,-20.7]],[[167.3,-20.8],[167.4,-21.2],[167.1,-21],[167.3,-20.8]],[[166.6,-20.4],[166.6,-20.6],[166.5,-20.7],[166.6,-20.4]],[[164.3,-20.3],[164.3,-20.2],[164.3,-20.2],[164.3,-20.3]],[[163.9,-20.2],[163.9,-20.2],[163.9,-20.1],[163.9,-20.2]],[[164.3,-20.3],[167,-22.3],[166.5,-22.3],[166.1,-21.9],[165.3,-21.6],[164,-20.1],[164.3,-20.3]],[[164.2,-20.2],[164.2,-20.1],[164.2,-20.1],[164.2,-20.2]],[[163.8,-20.1],[163.8,-20],[163.8,-20],[163.8,-20.1]],[[164,-20.1],[163.9,-20.1],[163.9,-20],[164,-20.1]],[[163.7,-19.8],[163.6,-19.6],[163.7,-19.8],[163.7,-19.8]],[[163.6,-19.6],[163.6,-19.6],[163.6,-19.5],[163.6,-19.6]],[[159.9,-19.3],[160,-19.1],[160,-19.2],[159.9,-19.3]]]},"properties":{"iso2":"NC","name":"New Caledonia"}},{"type":"Feature","geometry":{"type":"Polygon","coordinates":[[[-169.9,-19.1],[-169.9,-19],[-169.8,-19],[-169.9,-19.1]]]},"properties":{"iso2":"NU","name":"Niue"}},{"type":"Feature","geometry":{"type":"Polygon","coordinates":[[[4.2,18.6],[4.2,19.1],[5.8,19.4],[7.5,20.9],[12,23.5],[13.5,23.2],[14.2,22.6],[15,23],[15.2,21.5],[16,20.4],[15.5,16.9],[13.5,14.5],[13.6,13.7],[12.5,13.1],[10.7,13.4],[9.6,12.8],[7.8,13.4],[6.9,13],[6.4,13.6],[5.9,13.7],[4.1,13.5],[3.6,11.7],[2.8,12.4],[2.4,12.2],[2.4,11.9],[2.1,12.7],[1.6,12.6],[1,13],[1,13.4],[1.3,13.3],[0.6,13.7],[0.2,14.9],[1.3,15.3],[3.5,15.4],[4.2,16.4],[4.2,18.6]]]},"properties":{"iso2":"NE","name":"Niger"}},{"type":"Feature","geometry":{"type":"Polygon","coordinates":[[[-69.9,12.4],[-70.1,12.5],[-70.1,12.6],[-69.9,12.4]]]},"properties":{"iso2":"AW","name":"Aruba"}},{"type":"Feature","geometry":{"type":"Polygon","coordinates":[[[-63.2,18.2],[-63,18.3],[-63,18.2],[-63.2,18.2]]]},"properties":{"iso2":"AI","name":"Anguilla"}},{"type":"Feature","geometry":{"type":"Polygon","coordinates":[[[4.3,51.3],[4.3,51.4],[5,51.5],[5.8,51.2],[5.6,50.8],[6,50.8],[6.4,50.3],[6.1,50.1],[6,50.2],[5.8,49.5],[4.9,49.8],[4.8,50.2],[4.1,50],[4.2,50.3],[2.5,51.1],[3.4,51.4],[4.2,51.4],[4.3,51.3]]]},"properties":{"iso2":"BE","name":"Belgium"}},{"type":"Feature","geometry":{"type":"Polygon","coordinates":[[[114.2,22.2],[114.1,22.3],[114.2,22.3],[114.2,22.2]],[[113.9,22.2],[113.8,22.2],[114,22.3],[113.9,22.2]],[[114.3,22.3],[114.3,22.3],[114.3,22.4],[114.3,22.3]],[[114.2,22.5],[114.3,22.3],[114,22.5],[114.2,22.6],[114.2,22.5]]]},"properties":{"iso2":"HK","name":"Hong Kong"}},{"type":"Feature","geometry":{"type":"Polygon","coordinates":[[[145.3,14.2],[145.1,14.1],[145.2,14.2],[145.3,14.2]],[[145.5,14.8],[145.5,14.8],[145.6,14.8],[145.5,14.8]],[[145.6,14.9],[145.6,15],[145.6,15.1],[145.6,14.9]],[[145.7,15.1],[145.7,15.1],[145.8,15.3],[145.7,15.1]],[[145.7,16.3],[145.6,16.4],[145.7,16.4],[145.7,16.3]],[[145.8,16.7],[145.8,16.7],[145.8,16.7],[145.8,16.7]],[[145.9,17.3],[145.8,17.3],[145.9,17.3],[145.9,17.3]],[[145.9,17.6],[145.8,17.6],[145.8,17.6],[145.9,17.6]],[[145.7,18],[145.8,18.2],[145.8,18.2],[145.7,18]],[[145.7,18.7],[145.7,18.8],[145.7,18.8],[145.7,18.7]],[[145.4,19.7],[145.4,19.7],[145.4,19.7],[145.4,19.7]],[[145.3,20],[145.2,20.1],[145.3,20],[145.3,20]],[[144.9,20.5],[144.9,20.5],[144.9,20.6],[144.9,20.5]]]},"properties":{"iso2":"MP","name":"Northern Mariana Islands"}},{"type":"Feature","geometry":{"type":"Polygon","coordinates":[[[-6.7,61.4],[-7,61.6],[-6.7,61.6],[-6.7,61.4]],[[-6.6,61.8],[-6.7,61.7],[-6.9,61.9],[-6.6,61.8]],[[-7,62.1],[-7.2,62],[-7.4,62.1],[-7,62.1]],[[-6.7,61.9],[-7.2,62.2],[-7.2,62.3],[-6.7,61.9]],[[-6.7,62.1],[-7.1,62.3],[-6.6,62.2],[-6.7,62.1]],[[-6.6,62.2],[-6.7,62.2],[-6.7,62.3],[-6.6,62.2]],[[-6.4,62.2],[-6.6,62.2],[-6.6,62.3],[-6.4,62.2]],[[-6.4,62.3],[-6.5,62.3],[-6.5,62.4],[-6.4,62.3]]]},"properties":{"iso2":"FO","name":"Faroe Islands"}},{"type":"Feature","geometry":{"type":"Polygon","coordinates":[[[1.8,42.6],[1.7,42.5],[1.4,42.6],[1.8,42.6]]]},"properties":{"iso2":"AD","name":"Andorra"}},{"type":"Feature","geometry":{"type":"Polygon","coordinates":[[[-5.3,36.2],[-5.3,36.1],[-5.4,36.2],[-5.3,36.2]]]},"properties":{"iso2":"GI","name":"Gibraltar"}},{"type":"Feature","geometry":{"type":"Polygon","coordinates":[[[-4.8,54.1],[-4.4,54.4],[-4.4,54.2],[-4.8,54.1]]]},"properties":{"iso2":"IM","name":"Isle of Man"}},{"type":"Feature","geometry":{"type":"Polygon","coordinates":[[[6,50.2],[6.1,50.1],[6.5,49.8],[6.4,49.5],[5.8,49.5],[6,50.2]]]},"properties":{"iso2":"LU","name":"Luxembourg"}},{"type":"Feature","geometry":{"type":"Polygon","coordinates":[[[113.5,22.2],[113.6,22.2],[113.6,22.2],[113.5,22.2]]]},"properties":{"iso2":"MO","name":"Macao"}},{"type":"Feature","geometry":{"type":"Polygon","coordinates":[[[7.4,43.8],[7.4,43.7],[7.4,43.7],[7.4,43.8],[7.4,43.8]]]},"properties":{"iso2":"MC","name":"Monaco"}},{"type":"Feature","geometry":{"type":"Polygon","coordinates":[[[34.3,31.3],[34.3,31.2],[34.2,31.3],[34.5,31.6],[34.3,31.3]],[[35.3,32.5],[35.6,32.4],[35.5,31.5],[34.9,31.4],[35.3,32.5]],[[35.3,31.8],[35.3,31.8],[35.2,31.8],[35.3,31.8]]]},"properties":{"iso2":"PS","name":"Palestine"}},{"type":"Feature","geometry":{"type":"Polygon","coordinates":[[[18.5,42.6],[18.7,43.3],[19.2,43.5],[20.3,42.9],[20.1,42.6],[19.6,42.6],[19.4,41.8],[18.5,42.4],[18.5,42.6]]]},"properties":{"iso2":"ME","name":"Montenegro"}},{"type":"Feature","geometry":{"type":"Polygon","coordinates":[[[45.3,-12.8],[45.3,-12.8],[45.3,-12.7],[45.3,-12.8]],[[45.2,-12.8],[45.1,-13],[45.1,-12.7],[45.2,-12.8]]]},"properties":{"iso2":"YT","name":"Mayotte"}},{"type":"Feature","geometry":{"type":"Polygon","coordinates":[[[20.2,60],[20,60.1],[20.2,60.1],[20.2,60]],[[20.3,60.1],[20.2,60.1],[20.3,60.1],[20.3,60.1]],[[19.7,60.2],[19.5,60.2],[19.6,60.3],[19.7,60.2]],[[20.4,60.2],[20.4,60.3],[20.4,60.3],[20.4,60.2]],[[20.1,60.4],[20.3,60.3],[19.9,60],[19.6,60.3],[20.1,60.4]]]},"properties":{"iso2":"AX","name":"Åland Islands"}},{"type":"Feature","geometry":{"type":"Polygon","coordinates":[[[168,-29.1],[167.9,-29],[168,-29],[168,-29.1]]]},"properties":{"iso2":"NF","name":"Norfolk Island"}},{"type":"Feature","geometry":{"type":"Polygon","coordinates":[[[96.9,-12.2],[96.9,-12.2],[96.9,-12.2],[96.9,-12.2]],[[96.9,-12.2],[96.8,-12.2],[96.8,-12.1],[96.9,-12.2]]]},"properties":{"iso2":"CC","name":"Cocos (Keeling) Islands"}},{"type":"Feature","geometry":{"type":"Polygon","coordinates":[[[-60.2,-80.3],[-60.9,-80.7],[-61.8,-80.8],[-67,-80.2],[-62.6,-80.3],[-60.7,-79.6],[-60.2,-79.7],[-60.2,-80.3]],[[162.2,-79.1],[161.9,-79],[161.9,-79],[162.2,-79.1]],[[-162.1,-78.7],[-158.5,-79.7],[-161.1,-79.8],[-163.8,-79.2],[-162.1,-78.7]],[[-40,-78.6],[-37.5,-78.6],[-41.9,-78.6],[-40,-78.6]],[[-70.9,-79.7],[-71.9,-79.4],[-70.3,-78.8],[-67.3,-78.5],[-70.9,-79.7]],[[167.3,-78.3],[166.9,-78.2],[167.7,-78.1],[167.3,-78.3]],[[166.4,-78.3],[166.1,-78.1],[166.8,-78.2],[166.4,-78.3]],[[-44.1,-78.7],[-45.6,-78.9],[-43.8,-79],[-44.6,-79.3],[-43.5,-79.5],[-43.4,-79.8],[-44.6,-80.1],[-44.1,-80.3],[-44.3,-80.3],[-52.1,-80.9],[-54.9,-80.7],[-50.7,-79.6],[-50.2,-78.7],[-48.3,-78.1],[-44.8,-78.1],[-43.9,-78.4],[-44.1,-78.7]],[[-148.8,-77.4],[-149,-77.4],[-148.8,-77.4],[-148.8,-77.4]],[[-150.2,-77.4],[-151.2,-77.3],[-150.1,-77.3],[-150.2,-77.4]],[[-148.9,-77.4],[-149.5,-77.3],[-149.2,-77.3],[-148.9,-77.4]],[[167.7,-77.4],[169.5,-77.5],[166.8,-77.9],[166.5,-77.7],[166.9,-77.7],[166.2,-77.5],[166.6,-77.2],[167.7,-77.4]],[[-147.3,-77.2],[-147.5,-77.2],[-147.1,-77.2],[-147.3,-77.2]],[[-147.9,-77.4],[-148.9,-77.3],[-148.5,-77.1],[-147.7,-77.2],[-147.6,-77.3],[-147.9,-77.4]],[[-147.6,-77.1],[-147.8,-77],[-147.7,-77],[-147.6,-77.1]],[[-148.5,-76.9],[-148.2,-77],[-149.2,-77],[-148.5,-76.9]],[[-149.5,-76.9],[-149.1,-77.1],[-150.7,-77],[-149.5,-76.9]],[[-146.7,-77],[-147,-76.9],[-146.2,-76.9],[-146.7,-77]],[[-148.5,-76.7],[-148.2,-76.8],[-149.2,-76.7],[-148.5,-76.7]],[[-149.8,-76.7],[-150.3,-76.8],[-150.7,-76.7],[-149.8,-76.7]],[[-148.4,-76.7],[-148.8,-76.7],[-148.6,-76.6],[-148.4,-76.7]],[[-147.4,-76.7],[-148,-76.6],[-147.6,-76.6],[-147.4,-76.7]],[[-146.8,-76.7],[-147.3,-76.6],[-146.8,-76.6],[-146.8,-76.7]],[[-147.3,-76.6],[-147.6,-76.6],[-147.5,-76.6],[-147.3,-76.6]],[[168.6,-76.2],[168.4,-76.2],[168.5,-76.2],[168.6,-76.2]],[[-146.6,-76.3],[-147.3,-76.1],[-146.8,-76.1],[-146.6,-76.2],[-146.6,-76.3]],[[-146.8,-75.9],[-147,-75.8],[-146.9,-75.8],[-146.8,-75.9]],[[-145.2,-75.7],[-145.9,-75.6],[-145.6,-75.6],[-145.2,-75.7]],[[-143,-75.5],[-143.3,-75.5],[-143.1,-75.5],[-143,-75.5]],[[-132.4,-74.5],[-132.7,-74.4],[-132.2,-74.4],[-132.4,-74.5]],[[-131.4,-74.3],[-130.7,-74.4],[-132,-74.4],[-131.4,-74.3]],[[-127.4,-74.6],[-128.2,-74.3],[-127,-74.4],[-127.4,-74.6]],[[-117.1,-74.3],[-117.2,-74.3],[-116.8,-74.2],[-117.1,-74.3]],[[-20.5,-74.3],[-20.1,-74.9],[-21.6,-74.5],[-20.4,-74.1],[-20.5,-74.3]],[[-115.9,-74],[-116.3,-74.2],[-117.2,-74.2],[-115.9,-74]],[[-122.1,-73.6],[-118.5,-73.9],[-122.1,-74.4],[-122.6,-74.3],[-122.4,-73.9],[-123.2,-73.7],[-122.1,-73.6]],[[169.8,-73.6],[169.4,-73.5],[169.9,-73.3],[169.8,-73.6]],[[-78,-73.4],[-78.3,-73.3],[-77.6,-73.3],[-78,-73.4]],[[-126.1,-73.2],[-125.1,-73.7],[-124.2,-73.7],[-123.7,-74.1],[-125.3,-74.1],[-127.4,-73.4],[-126.1,-73.2]],[[-73.9,-73.4],[-74.1,-73.3],[-73.5,-73.2],[-73.9,-73.4]],[[-104.9,-73.2],[-105.2,-73.1],[-104.6,-73.2],[-104.9,-73.2]],[[-89.7,-72.9],[-89.5,-72.9],[-90.4,-73],[-89.7,-72.9]],[[-74.2,-73],[-74.5,-73.6],[-76.1,-73.2],[-75.4,-73.1],[-75.7,-72.9],[-75.4,-72.8],[-74.2,-73]],[[-93.8,-72.9],[-94.1,-72.8],[-93.8,-72.8],[-93.8,-72.9]],[[-98.1,-72.7],[-98.3,-72.7],[-97.8,-72.7],[-98.1,-72.7]],[[-99.7,-72.6],[-98.9,-72.7],[-100.9,-72.7],[-99.7,-72.6]],[[-95.3,-72.7],[-95.5,-72.6],[-94.7,-72.6],[-95.3,-72.7]],[[-91.3,-73.2],[-91.6,-72.6],[-90.8,-72.6],[-91.3,-73.2]],[[-93.4,-72.7],[-93.5,-72.6],[-93.2,-72.6],[-93.4,-72.7]],[[-61,-72.6],[-61.1,-72.5],[-61,-72.5],[-61,-72.6]],[[-78.4,-72.6],[-77.4,-72.6],[-77.6,-72.9],[-78.8,-73.2],[-79.4,-73],[-78.8,-72.8],[-79.5,-72.6],[-79.2,-72.4],[-78.4,-72.6]],[[-68.8,-72.5],[-69,-72.5],[-68.6,-72.4],[-68.8,-72.5]],[[-60.3,-72.3],[-60.5,-72.2],[-60.3,-72.2],[-60.3,-72.3]],[[68.5,-72.3],[68.7,-72.1],[68.8,-72.2],[68.5,-72.3]],[[69.8,-72],[69.8,-71.9],[70,-71.9],[69.8,-72]],[[-98.8,-71.9],[-98.3,-71.9],[-98.6,-72.1],[-98.2,-72.2],[-98.1,-71.9],[-97.7,-72.2],[-97.3,-71.9],[-96.7,-71.9],[-96.3,-72],[-97.3,-72.2],[-96,-72.1],[-95.8,-72.2],[-96.6,-72.3],[-95.7,-72.4],[-98.6,-72.6],[-102.6,-72.1],[-100.4,-71.9],[-100.1,-71.9],[-100.5,-72],[-100.2,-72.1],[-98.8,-72.1],[-99.3,-71.9],[-98.8,-71.9]],[[0.5,-71.1],[0.2,-71],[0.6,-71.1],[0.5,-71.1]],[[-60.5,-71.1],[-61,-70.9],[-60.6,-70.9],[-60.5,-71.1]],[[-7.9,-70.7],[-8,-70.7],[-7.7,-70.7],[-7.9,-70.7]],[[-2.4,-70.8],[-2,-70.8],[-2.8,-71],[-3.5,-70.7],[-2.4,-70.8]],[[-73.7,-70.7],[-74.3,-71],[-76.6,-71.1],[-73.7,-70.7]],[[2.1,-70.7],[1.9,-70.6],[2.2,-70.6],[2.1,-70.7]],[[-60.8,-70.7],[-61.2,-70.6],[-60.6,-70.5],[-60.8,-70.7]],[[3,-70.6],[2.6,-70.5],[3.3,-70.5],[3,-70.6]],[[-6,-70.6],[-6.4,-70.5],[-6,-70.4],[-6,-70.6]],[[-3.1,-70.5],[-3.3,-70.5],[-2.6,-70.4],[-3.1,-70.5]],[[163.4,-70.4],[163.3,-70.3],[163.5,-70.4],[163.4,-70.4]],[[72.2,-70.6],[71.7,-70.3],[71.9,-70.3],[72.2,-70.6]],[[-1.8,-70.2],[-2,-70.2],[-1.9,-70.2],[-1.8,-70.2]],[[13.1,-70.1],[13.2,-70.1],[12.5,-70.1],[13.1,-70.1]],[[16,-70.2],[15.4,-70],[16.4,-70],[16,-70.2]],[[-61.4,-70],[-61.5,-70],[-61.3,-69.9],[-61.4,-70]],[[-74.8,-69.8],[-74.5,-70],[-75.9,-70.1],[-74.8,-69.8]],[[38.2,-69.7],[38.1,-69.6],[38.2,-69.6],[38.2,-69.7]],[[-72.4,-69.8],[-72.9,-69.6],[-72,-69.7],[-72.4,-69.8]],[[-62,-69.7],[-62.3,-69.1],[-61.7,-69.5],[-62,-69.7]],[[155.9,-69.2],[155.5,-69],[155.9,-69.1],[155.9,-69.2]],[[155.2,-69],[155,-69],[155.3,-69],[155.2,-69]],[[-70.2,-68.8],[-70.1,-69.3],[-68.4,-70.6],[-68.1,-71.6],[-68.4,-72.2],[-69.3,-72.6],[-72.4,-72.7],[-73.2,-72.4],[-70.5,-72.2],[-72,-72.2],[-70.9,-72],[-72.3,-71.6],[-72.9,-71.9],[-73.9,-71.8],[-73.6,-72],[-74,-72.2],[-75.5,-71.9],[-75.1,-71.6],[-74.4,-71.7],[-74.4,-71.4],[-73.5,-71.6],[-73.7,-71.4],[-72.4,-71.3],[-73.2,-71.2],[-72.9,-71.1],[-70.6,-71.2],[-71,-70.8],[-72.5,-70.6],[-71.4,-70.2],[-71.8,-70],[-71.6,-69.5],[-72.3,-69.2],[-70.2,-68.8]],[[-90.6,-68.9],[-90.8,-68.8],[-90.5,-68.8],[-90.6,-68.9]],[[-63.4,-68.9],[-63.6,-68.8],[-63.4,-68.8],[-63.4,-68.9]],[[-60.7,-68.8],[-61.1,-68.7],[-60.8,-68.7],[-60.7,-68.8]],[[-67.5,-67.8],[-67.8,-67.7],[-67.1,-67.6],[-67.5,-67.8]],[[47.7,-67.6],[47.9,-67.6],[47.4,-67.6],[47.7,-67.6]],[[59.4,-67.3],[59.3,-67.3],[59.4,-67.3],[59.4,-67.3]],[[164.8,-67.6],[164.6,-67.3],[164.8,-67.4],[164.8,-67.6]],[[58.6,-67.1],[58.5,-67.1],[58.7,-67.1],[58.6,-67.1]],[[58.9,-67.1],[58.8,-67.1],[58.8,-67.1],[58.9,-67.1]],[[50.3,-67.1],[50.1,-67.1],[50.3,-67.1],[50.3,-67.1]],[[48.8,-66.8],[48.4,-66.9],[48.3,-66.8],[48.8,-66.8]],[[86.1,-67],[85.4,-66.7],[85.9,-66.8],[86.2,-66.9],[86.1,-67]],[[86.5,-66.8],[86.3,-66.7],[86.7,-66.7],[86.5,-66.8]],[[-67.2,-66.7],[-67.5,-66.9],[-67.5,-66.7],[-67.2,-66.7]],[[-68.1,-67.4],[-68.6,-67.7],[-69.2,-67.5],[-67.6,-66.6],[-67.9,-66.8],[-67.7,-67.2],[-68.1,-67.4]],[[99.3,-66.7],[99.2,-66.7],[99.5,-66.6],[99.3,-66.7]],[[163.1,-66.8],[162.9,-66.6],[163.1,-66.6],[163.1,-66.8]],[[85.3,-66.6],[85.2,-66.6],[85.3,-66.5],[85.3,-66.6]],[[98.8,-66.5],[98.6,-66.4],[98.9,-66.5],[98.8,-66.5]],[[97.2,-66.5],[97.1,-66.4],[97.4,-66.4],[97.2,-66.5]],[[162.6,-66.4],[162.3,-66.2],[162.6,-66.4],[162.6,-66.4]],[[100.3,-66.2],[100.2,-66.1],[100.4,-66.1],[100.3,-66.2]],[[96.8,-66.3],[96.3,-66.2],[96.8,-66.1],[96.8,-66.3]],[[-66.7,-66.3],[-66.7,-66.1],[-66.6,-66.1],[-66.7,-66.3]],[[100.6,-66.1],[100.6,-66],[100.8,-66.1],[100.6,-66.1]],[[100.8,-66],[100.8,-66],[100.8,-66],[100.8,-66]],[[100.9,-66],[100.8,-66],[101,-66],[100.9,-66]],[[100.8,-65.9],[100.7,-65.8],[101,-65.8],[100.8,-65.9]],[[92.7,-65.8],[92.3,-65.8],[92.5,-65.7],[92.7,-65.8]],[[-65.7,-65.7],[-66.2,-65.9],[-65.9,-65.5],[-65.7,-65.7]],[[100.8,-65.7],[100.2,-65.6],[101.3,-65.5],[100.8,-65.7]],[[103.2,-65.3],[103.5,-65.5],[102.8,-65.1],[103.2,-65.3]],[[-59.4,-65.3],[-59.8,-65.1],[-59.5,-65.1],[-59.4,-65.3]],[[-63.1,-64.8],[-63.3,-64.9],[-63.6,-64.9],[-63.1,-64.8]],[[-57.3,-64.6],[-57.5,-64.5],[-56.9,-64.3],[-57.3,-64.6]],[[-63.3,-64.4],[-62.8,-64.6],[-63.6,-64.8],[-64.2,-64.7],[-63.1,-64.3],[-63.3,-64.4]],[[-56.8,-64.3],[-56.8,-64.2],[-56.6,-64.2],[-56.8,-64.3]],[[-62.3,-64.4],[-62.7,-64.5],[-62.5,-64],[-62,-64.2],[-62.3,-64.4]],[[-57.8,-64],[-57,-64.2],[-57.9,-64.4],[-58.2,-64.3],[-58.1,-64.1],[-58.4,-64.1],[-57.8,-64]],[[-57.6,-63.8],[-57,-63.8],[-57.7,-63.8],[-57.6,-63.8]],[[-60.7,-63.9],[-60.8,-63.7],[-60.5,-63.7],[-60.7,-63.9]],[[-56,-63.6],[-56.2,-63.5],[-55.7,-63.5],[-56,-63.6]],[[-62.2,-63.3],[-62.3,-63.3],[-61.9,-63.3],[-62.2,-63.3]],[[-56.9,-63.5],[-56.7,-63.6],[-57.4,-63.5],[-58.6,-63.9],[-58.8,-64.5],[-59.5,-64.3],[-59.5,-64.5],[-59.9,-64.4],[-62,-65.2],[-62.1,-65.4],[-61.7,-65.5],[-62.5,-65.9],[-61.9,-66.2],[-60.6,-65.9],[-60.9,-66.3],[-61.4,-66.1],[-61.7,-66.5],[-62.2,-66.2],[-62.9,-66.3],[-62.4,-66.4],[-62.6,-66.7],[-63.7,-66.2],[-64.2,-66.7],[-63.7,-66.9],[-64.8,-67],[-64.8,-67.3],[-65.6,-67.6],[-65.3,-67.7],[-65.6,-67.9],[-65.3,-68],[-65.7,-68.1],[-64.8,-68.1],[-65.6,-68.3],[-65.1,-68.4],[-65.3,-68.7],[-63.9,-68.8],[-64.4,-68.5],[-62.7,-68.4],[-64,-68.5],[-63.2,-68.8],[-63.7,-68.7],[-63.4,-69.1],[-63.6,-69.2],[-62.5,-69.5],[-62.6,-69.9],[-61.9,-70.2],[-62.5,-70.4],[-61.5,-70.5],[-62.1,-70.9],[-61.4,-70.8],[-60.9,-71.2],[-61.9,-71.7],[-60.9,-71.7],[-62.6,-72],[-60.9,-72],[-61.1,-72.2],[-60.9,-72.4],[-61.5,-72.4],[-61.3,-72.7],[-60.6,-72.6],[-60.6,-73],[-59.8,-72.9],[-59.8,-73.2],[-60.6,-73.4],[-61.9,-73.1],[-61.4,-73.3],[-61.8,-73.4],[-61.6,-73.5],[-60.6,-73.7],[-61.8,-73.9],[-61,-74.1],[-61.8,-74.3],[-61.9,-74.8],[-62.5,-75],[-63.2,-74.6],[-63.1,-74.9],[-64,-75],[-63.1,-75.1],[-64.4,-75.3],[-63.1,-75.3],[-63.4,-75.5],[-69.4,-76.3],[-70.5,-76.7],[-75.4,-76.5],[-76.4,-76.1],[-77.8,-75.9],[-78.5,-76.4],[-75.6,-77.5],[-72.8,-77.6],[-74.9,-78.1],[-81.5,-77.7],[-80.6,-77.9],[-81.5,-77.9],[-77.5,-78.5],[-79,-78.8],[-84.1,-78.4],[-80.6,-79.6],[-80.2,-79.2],[-77,-79.3],[-76.1,-79.6],[-77.3,-80],[-79.8,-80],[-76.1,-80.2],[-74.7,-80.7],[-59.6,-82.4],[-58.8,-82.6],[-59.1,-83],[-58.2,-83],[-53.7,-82.2],[-43.1,-81.9],[-41.5,-81.4],[-28.3,-80.3],[-28.1,-80],[-30.2,-79.7],[-27.1,-79],[-33,-79.5],[-36.3,-78.8],[-33.9,-77.7],[-28.3,-76.6],[-17.8,-75.7],[-18.3,-75.5],[-17.1,-74.8],[-13.7,-73.9],[-16.3,-74.1],[-16.9,-74],[-16.1,-73.7],[-16.9,-73.8],[-16,-73.3],[-13.7,-73],[-14.5,-72.8],[-13.4,-72.8],[-11.7,-72.3],[-11.3,-72],[-12.3,-71.4],[-11.6,-71.3],[-11.6,-71.6],[-11,-71.7],[-10,-71.1],[-10.4,-71],[-9.9,-70.9],[-8.9,-71.2],[-8.4,-71.8],[-7.3,-71.7],[-7.7,-71.4],[-6,-70.7],[-5.4,-70.9],[-6.1,-71.1],[-6,-71.4],[-2.3,-71.2],[-2.1,-71.5],[-1.1,-71.3],[-0.8,-71.4],[-0.9,-71.6],[-0.3,-71.7],[2.8,-70.8],[6.7,-70.6],[7.6,-70.2],[8.5,-70.5],[9.1,-70.3],[8.7,-70.1],[11.3,-70.7],[12,-70.7],[12.7,-70.3],[14.2,-70.2],[15.7,-70.3],[18,-70],[23.2,-70.5],[31.1,-69.8],[32.9,-69.3],[33.4,-69],[33.4,-68.7],[34.1,-68.5],[36.4,-69.3],[36.1,-69.5],[36.7,-69.7],[37.9,-69.3],[37.9,-69.5],[37.1,-69.7],[38.2,-70],[38.6,-69.5],[38.7,-70],[39.7,-69.6],[39.8,-69],[41.1,-68.5],[46.3,-67.6],[46.2,-67.4],[46.6,-67.3],[47.4,-67.4],[47,-67.6],[47.4,-67.7],[48.2,-67.6],[49.2,-67.4],[48.3,-67.2],[49.2,-66.9],[49.2,-67.1],[50.7,-67.2],[50.2,-66.7],[50.4,-66.4],[53.8,-65.8],[55.6,-66],[57.3,-66.6],[56.7,-66.9],[59.1,-67.4],[69.6,-67.8],[70.1,-68.5],[69.3,-69.1],[69.7,-69.4],[68.9,-69.4],[69.3,-69.6],[69.2,-69.9],[68.1,-69.9],[67.6,-70.4],[68.6,-70.8],[68.9,-70.5],[68.7,-70.4],[69.1,-70.3],[69.2,-70.7],[67.6,-71.6],[67.9,-71.6],[67.3,-72.1],[68.9,-72.4],[70.9,-71.9],[71.4,-71.5],[71.2,-71.4],[71.5,-71],[72.9,-70.4],[72.6,-70.2],[72.9,-70],[77.7,-69.1],[78.1,-68.5],[82.1,-67.7],[81.5,-67.5],[82,-67.3],[82.7,-67.4],[83.4,-67.2],[85.8,-67.2],[87.5,-66.9],[88.1,-66.7],[88.2,-66],[89,-66.8],[92,-66.5],[97.6,-66.7],[98.3,-66.5],[99.3,-66.9],[101,-66.1],[102.6,-65.9],[107.8,-66.4],[108.8,-66.8],[110.6,-66.5],[110.9,-66.1],[113.3,-65.7],[114.4,-66.2],[114.5,-66.5],[116.2,-66.4],[117.8,-67],[122.2,-66.5],[125.2,-66.7],[126.4,-66.3],[127,-66.5],[126.9,-66.8],[128.8,-67.1],[130.4,-66.2],[134.2,-66.2],[134.4,-66],[134.1,-65.1],[134.4,-64.9],[135.3,-65.4],[134.9,-66.1],[142.6,-67],[143.4,-66.9],[144.6,-67.2],[145.4,-67],[145.9,-67.2],[145.3,-67.6],[146.6,-67.7],[147.2,-68],[147,-68.1],[148,-67.8],[148.6,-68],[148.2,-68.1],[148.8,-68.3],[151,-68.4],[151.2,-69],[153.8,-68.9],[153.8,-68.3],[154.7,-68.6],[154.3,-68.9],[154.9,-69.1],[156.3,-69.2],[157.2,-68.9],[161,-70.3],[162.8,-70.3],[163.5,-70.7],[163.8,-70.6],[163.6,-70.5],[166.8,-70.6],[166.5,-70.7],[167.8,-70.8],[170.3,-71.7],[170.2,-71.3],[170.5,-71.4],[171,-71.9],[170.1,-72.1],[169.9,-72.4],[170.3,-72.3],[170.3,-72.6],[169.3,-73.1],[169.1,-73.5],[167.6,-73.4],[165.5,-73.9],[166.1,-74.1],[164.8,-74.1],[165.3,-74.7],[164.1,-74.6],[163.7,-74.8],[163.9,-75],[162.5,-75.1],[163.1,-75.9],[162.3,-76.2],[162.9,-76.2],[162.9,-76.6],[162.6,-76.6],[163.1,-76.7],[162.3,-77],[163.2,-77],[163.9,-77.5],[163.6,-77.7],[164.6,-77.7],[164.2,-78.1],[165.5,-78],[165.7,-78.4],[167.3,-78.7],[164.5,-78.6],[160.5,-79],[160,-79.2],[160.7,-79.5],[159.1,-80],[160.5,-80],[158.1,-80.3],[160.9,-80.4],[159.8,-80.6],[161.2,-80.6],[160,-80.8],[160.8,-80.9],[160.5,-81],[160.8,-81.1],[160.6,-81.2],[162.2,-81.3],[160.4,-81.5],[162.3,-81.7],[163.9,-82.2],[163.4,-82.3],[168.7,-83.1],[167.5,-83.4],[169.3,-83.3],[172.3,-83.6],[171.9,-83.8],[180,-84.3],[180,-90],[-180,-90],[-180,-84.3],[-157.5,-85.4],[-150.2,-85.5],[-148.1,-85.1],[-139.7,-85.2],[-138.6,-85],[-149.3,-84.6],[-153.1,-84],[-153,-83.1],[-151.8,-82.6],[-154.9,-81.9],[-154,-81.6],[-154.2,-81.6],[-157,-81.3],[-154.9,-81],[-148.4,-81.4],[-145.5,-80.5],[-146.8,-79.9],[-155.9,-78.7],[-153.8,-78.3],[-157.9,-78],[-158.2,-77.9],[-157.7,-77.6],[-157.8,-77.1],[-156.5,-77.4],[-155.9,-77.1],[-153.8,-77.2],[-153.1,-77.3],[-153.1,-77.5],[-152.1,-77.3],[-149.7,-77.8],[-149.1,-77.7],[-149.4,-77.6],[-148.7,-77.6],[-148.6,-77.6],[-148.6,-77.5],[-147.6,-77.4],[-147.5,-77.3],[-147.1,-77.4],[-147,-77.2],[-146.3,-77.5],[-145.9,-77.3],[-146.2,-77.2],[-145.8,-77.1],[-146.3,-77],[-145.3,-77],[-146.1,-76.8],[-145.5,-76.8],[-146.9,-76.5],[-149.5,-76.4],[-148.1,-76.1],[-146.5,-76.4],[-145.5,-76.4],[-146.3,-76],[-134.3,-74.5],[-133.3,-74.8],[-121.5,-74.7],[-118.5,-74.6],[-117.7,-74.3],[-117.4,-74.5],[-114.7,-74.5],[-114.8,-74.1],[-114,-73.9],[-113.2,-74.2],[-113.4,-74.5],[-112.9,-74.5],[-113.6,-74.6],[-112.7,-74.9],[-111.3,-74.8],[-111.7,-74.6],[-111.4,-74.5],[-111.5,-74.2],[-110.2,-74.3],[-109.9,-74.8],[-111,-75.2],[-110.4,-75.3],[-99.5,-75.1],[-100.9,-74.8],[-100.2,-74.8],[-100.5,-74.7],[-100.2,-74.5],[-101.3,-74.5],[-101.7,-74],[-102.9,-73.9],[-103,-73.6],[-99.2,-73.6],[-103,-73.3],[-103.6,-72.9],[-103.2,-72.7],[-102.1,-73.1],[-90.9,-73.3],[-89.3,-73.1],[-89.5,-72.6],[-89.3,-72.6],[-88.3,-72.8],[-88.7,-73.2],[-86.8,-73.3],[-86,-73],[-85.5,-73.3],[-85.6,-73.6],[-82.1,-73.9],[-81,-73.7],[-81.3,-73.4],[-80.5,-73.4],[-80.7,-73.1],[-79,-73.4],[-78.8,-73.7],[-76.6,-73.6],[-77,-73.9],[-69.4,-73.2],[-66.8,-72.4],[-66.9,-71.9],[-67.5,-71.5],[-67.4,-71],[-67.7,-70.6],[-68.8,-69.4],[-66.7,-69],[-67.5,-68.8],[-66.9,-68.8],[-67.2,-68.3],[-66.6,-68.2],[-67.2,-68],[-66.4,-67.5],[-67.6,-67.6],[-67.5,-67.1],[-66.4,-66.9],[-66.5,-66.6],[-65.7,-66.1],[-64.5,-66],[-64.7,-65.7],[-63.7,-65.5],[-64.1,-65.4],[-63.9,-65],[-63.1,-65.1],[-62.9,-64.8],[-62.3,-64.9],[-62.6,-64.8],[-62.5,-64.6],[-61.9,-64.7],[-60.9,-64.3],[-61,-64],[-59.4,-63.9],[-58.9,-63.5],[-57.2,-63.2],[-56.9,-63.5]],[[-55.5,-63.1],[-55,-63.3],[-56.5,-63.4],[-55.5,-63.1]],[[-56.3,-63.2],[-56.6,-63],[-56,-63.1],[-56.3,-63.2]],[[-60.5,-62.9],[-60.6,-63],[-60.7,-63],[-60.5,-62.9]],[[-62.7,-63.1],[-62.5,-62.9],[-62.3,-62.9],[-62.7,-63.1]],[[-61.4,-62.8],[-61.5,-62.8],[-61.2,-62.7],[-61.4,-62.8]],[[-60.5,-62.6],[-59.8,-62.6],[-61.2,-62.6],[-60.5,-62.6]],[[-59.7,-62.6],[-60,-62.5],[-59.5,-62.5],[-59.7,-62.6]],[[-59.4,-62.4],[-59.7,-62.4],[-59.3,-62.4],[-59.4,-62.4]],[[-59,-62.3],[-59.2,-62.3],[-58.8,-62.3],[-59,-62.3]],[[-57.6,-61.9],[-59,-62.2],[-58.4,-61.9],[-57.6,-61.9]],[[-55.1,-61.1],[-54.6,-61.1],[-55.5,-61.1],[-55.1,-61.1]],[[-54,-61.3],[-54.2,-61.2],[-54,-61.1],[-54,-61.3]],[[-44.4,-60.7],[-44.8,-60.7],[-44.5,-60.7],[-44.4,-60.7]],[[-45,-60.7],[-45.1,-60.6],[-45,-60.6],[-45,-60.7]],[[-45.6,-60.5],[-45.1,-60.8],[-46,-60.6],[-45.6,-60.5]]]},"properties":{"iso2":"AQ","name":"Antarctica"}},{"type":"Feature","geometry":{"type":"Polygon","coordinates":[[[3.4,-54.5],[3.4,-54.4],[3.5,-54.4],[3.4,-54.5]]]},"properties":{"iso2":"BV","name":"Bouvet Island"}},{"type":"Feature","geometry":{"type":"Polygon","coordinates":[[[69.8,-49.7],[69.8,-49.7],[69.8,-49.6],[69.8,-49.7]],[[68.8,-49.4],[68.6,-49.3],[68.8,-49.3],[68.8,-49.4]],[[69.6,-49.2],[69.5,-49.2],[69.7,-49.2],[69.6,-49.2]],[[69.3,-49.1],[69.2,-49],[69.4,-48.9],[69.3,-49.1]],[[69.2,-49],[69.2,-48.9],[69.2,-48.9],[69.2,-49]],[[69.5,-48.9],[69.4,-48.8],[69.5,-48.9],[69.5,-48.9]],[[69,-48.8],[69.1,-49.1],[69.1,-49],[69.2,-49.1],[69.6,-49],[69.3,-49.2],[69.6,-49.3],[70.3,-49.1],[70.6,-49.2],[69.8,-49.4],[70.3,-49.7],[69.6,-49.5],[68.8,-49.7],[69,-48.8]],[[69.9,-49.5],[69.8,-49.4],[69.8,-49.5],[69.9,-49.5]],[[70,-49.6],[69.9,-49.5],[69.8,-49.5],[70,-49.6]],[[68.7,-48.6],[68.6,-48.6],[68.7,-48.6],[68.7,-48.6]],[[68.8,-48.6],[68.8,-48.6],[68.8,-48.6],[68.8,-48.6]],[[52.3,-46.5],[52.1,-46.4],[52.3,-46.4],[52.3,-46.5]],[[51.8,-46.5],[51.7,-46.4],[51.8,-46.3],[51.8,-46.5]],[[50.3,-46.1],[50.2,-46.1],[50.3,-46.1],[50.3,-46.1]],[[77.5,-38.7],[77.5,-38.7],[77.5,-38.7],[77.5,-38.7]],[[77.6,-37.9],[77.5,-37.8],[77.6,-37.8],[77.6,-37.9]],[[42.8,-17.1],[42.7,-17.1],[42.8,-17.1],[42.8,-17.1]]]},"properties":{"iso2":"TF","name":"French Southern & Antarctic Lands"}},{"type":"Feature","geometry":{"type":"Polygon","coordinates":[[[73.8,-53.1],[73.5,-53.2],[73.2,-53],[73.8,-53.1]]]},"properties":{"iso2":"HM","name":"Heard Island & McDonald Islands"}},{"type":"Feature","geometry":{"type":"Polygon","coordinates":[[[72.5,-7.4],[72.4,-7.3],[72.4,-7.2],[72.5,-7.4]],[[71.3,-6.7],[71.3,-6.7],[71.4,-6.7],[71.3,-6.7]],[[71.3,-6.4],[71.3,-6.4],[71.3,-6.4],[71.3,-6.4]],[[71.3,-6.2],[71.3,-6.2],[71.4,-6.2],[71.3,-6.2]],[[71.8,-5.4],[71.8,-5.4],[71.8,-5.4],[71.8,-5.4]],[[72.2,-5.4],[72.2,-5.4],[72.2,-5.3],[72.2,-5.4]],[[72.2,-5.3],[72.2,-5.3],[72.2,-5.3],[72.2,-5.3]],[[71.7,-5.3],[71.7,-5.3],[71.7,-5.3],[71.7,-5.3]],[[71.9,-5.3],[71.9,-5.2],[71.9,-5.3],[71.9,-5.3]]]},"properties":{"iso2":"IO","name":"British Indian Ocean Territory"}},{"type":"Feature","geometry":{"type":"Polygon","coordinates":[[[105.7,-10.5],[105.6,-10.4],[105.7,-10.4],[105.7,-10.5]]]},"properties":{"iso2":"CX","name":"Christmas Island"}},{"type":"Feature","geometry":{"type":"Polygon","coordinates":[[[-160,-0.4],[-160,-0.4],[-160,-0.4],[-160,-0.4]],[[-176.5,0.2],[-176.5,0.2],[-176.5,0.2],[-176.5,0.2]],[[-176.6,0.8],[-176.6,0.8],[-176.6,0.8],[-176.6,0.8]],[[-169.5,16.7],[-169.5,16.7],[-169.5,16.7],[-169.5,16.7]],[[166.6,19.3],[166.6,19.3],[166.6,19.3],[166.6,19.3]],[[-177.3,28.2],[-177.3,28.2],[-177.3,28.2],[-177.3,28.2]],[[-177.4,28.2],[-177.4,28.2],[-177.4,28.2],[-177.4,28.2]]]},"properties":{"iso2":"UM","name":"Jarvis Island"}},{"type":"Feature","geometry":{"type":"Polygon","coordinates":[[[169.8,-20.3],[169.7,-20.1],[169.9,-20.2],[169.8,-20.3]],[[170.2,-19.6],[170.2,-19.5],[170.2,-19.5],[170.2,-19.6]],[[169.5,-19.5],[169.3,-19.6],[169.2,-19.4],[169.5,-19.5]],[[169.6,-19.3],[169.6,-19.3],[169.6,-19.2],[169.6,-19.3]],[[169.3,-19],[169,-18.9],[169,-18.6],[169.3,-19]],[[168.6,-17.7],[168.1,-17.7],[168.3,-17.5],[168.6,-17.7]],[[168.4,-16.8],[168.2,-16.8],[168.1,-16.6],[168.4,-16.8]],[[168.2,-16.5],[168.2,-16.5],[168.2,-16.4],[168.2,-16.5]],[[168.2,-16.2],[168.3,-16.3],[167.9,-16.3],[168.2,-16.2]],[[167.4,-16.1],[167.8,-16.5],[167.4,-16.5],[167.2,-15.9],[167.4,-16.1]],[[167.2,-15.8],[167.1,-15.6],[167.2,-15.6],[167.2,-15.8]],[[167.3,-15.6],[167.2,-15.6],[167.3,-15.5],[167.3,-15.6]],[[167.2,-15.6],[167.1,-15.6],[167.2,-15.5],[167.2,-15.5],[167.2,-15.6],[167.2,-15.6]],[[168.2,-16],[168.2,-15.5],[168.3,-15.9],[168.2,-16]],[[167.9,-15.5],[167.7,-15.4],[168,-15.3],[167.9,-15.5]],[[167.2,-15.3],[167.2,-15.3],[167.2,-15.3],[167.2,-15.3]],[[167.1,-15],[167.1,-14.9],[167.2,-15],[167.1,-15]],[[168.2,-15.4],[168.1,-14.9],[168.2,-15.2],[168.2,-15.4]],[[166.8,-15.2],[167.1,-14.9],[167.2,-15.5],[167.2,-15.5],[167.1,-15.6],[166.9,-15.6],[166.8,-15.7],[166.8,-15.6],[166.6,-14.6],[166.8,-15.2]],[[167.5,-14.3],[167.4,-14.2],[167.6,-14.2],[167.5,-14.3]],[[167.5,-13.9],[167.5,-13.7],[167.6,-13.8],[167.5,-13.9]],[[167.7,-13.7],[167.6,-13.7],[167.7,-13.6],[167.7,-13.7]],[[167.3,-13.6],[167.3,-13.5],[167.3,-13.5],[167.3,-13.6]],[[166.7,-13.5],[166.7,-13.4],[166.7,-13.4],[166.7,-13.5]],[[166.6,-13.4],[166.6,-13.3],[166.6,-13.4],[166.6,-13.4]],[[166.6,-13.3],[166.6,-13.2],[166.6,-13.2],[166.6,-13.3]],[[166.6,-13.2],[166.5,-13.1],[166.6,-13.1],[166.6,-13.2]]]},"properties":{"iso2":"VU","name":"Vanuatu"}},{"type":"Feature","geometry":{"type":"Polygon","coordinates":[[[7.5,4.4],[7.3,4.4],[7.4,4.5],[7.5,4.4]],[[7.2,4.4],[7.2,4.5],[7.3,4.5],[7.2,4.4]],[[5.9,13.7],[6.4,13.6],[6.9,13],[7.8,13.4],[9.6,12.8],[10.7,13.4],[12.5,13.1],[13.6,13.7],[14.1,13.1],[14.2,12.4],[14.6,12.2],[14.6,11.6],[13.8,11.1],[12.8,8.8],[12.3,8.4],[11.9,7.1],[11.3,6.4],[10.6,7.1],[9.8,6.8],[8.9,5.8],[8.6,4.8],[7.7,4.5],[7.1,4.8],[7.1,4.4],[7,4.7],[7,4.4],[6.8,4.8],[6.8,4.3],[6.7,4.6],[6.7,4.3],[6.1,4.3],[5.5,4.9],[5.3,5.3],[5.6,5.5],[5.3,5.4],[5.5,5.6],[5.2,5.6],[4.5,6.3],[3.4,6.4],[3.8,6.6],[2.7,6.4],[2.8,9],[3.1,9.1],[3.9,10.6],[3.6,11.7],[4.1,13.5],[5.9,13.7]]]},"properties":{"iso2":"NG","name":"Nigeria"}},{"type":"Feature","geometry":{"type":"Polygon","coordinates":[[[3.8,51.3],[3.4,51.4],[4.2,51.4],[3.8,51.3]],[[5.8,52.4],[5.6,52.4],[5.5,52.3],[5.4,52.3],[5.1,52.4],[5.6,52.6],[5.9,52.5],[5.9,52.5],[5.8,52.4]],[[5.4,52.6],[5.1,52.4],[5,52.6],[5.4,52.6]],[[4.8,53],[4.7,53.1],[4.9,53.2],[4.8,53]],[[5,53.2],[4.9,53.2],[5.1,53.3],[5,53.2]],[[6.9,53.4],[7.2,53.2],[7.1,52.6],[6.7,52.5],[7.1,52.4],[6.8,52],[6,51.8],[6.2,51.5],[5.9,51],[6,50.8],[5.6,50.8],[5.8,51.2],[5,51.5],[4.3,51.4],[3.4,51.5],[4.3,51.4],[3.7,51.7],[4.2,51.7],[3.9,51.8],[4.6,52.5],[5.4,52.2],[5.5,52.3],[5.6,52.4],[5.8,52.4],[5.9,52.5],[5.9,52.6],[5.6,52.7],[5.6,52.8],[5.7,52.8],[5.4,52.9],[5.4,53],[5.4,53.1],[5.1,52.9],[5.3,52.7],[5,52.6],[5,52.4],[4.6,52.5],[4.7,53],[6.9,53.4]],[[5.2,53.4],[5.2,53.4],[5.6,53.4],[5.2,53.4]],[[5.7,53.5],[6,53.5],[5.6,53.4],[5.7,53.5]],[[6.1,53.5],[6.1,53.5],[6.3,53.5],[6.1,53.5]]]},"properties":{"iso2":"NL","name":"Netherlands"}},{"type":"Feature","geometry":{"type":"Polygon","coordinates":[[[4.7,61],[4.6,61],[4.6,61.1],[4.7,61]],[[8.8,63.8],[8.8,63.7],[8.3,63.7],[8.8,63.8]],[[11.5,64.5],[11.2,64.5],[11,64.6],[11.5,64.5]],[[11.4,64.6],[11.3,64.6],[11.2,64.6],[11.4,64.6]],[[11.3,64.9],[10.8,64.8],[11.1,65],[11.3,64.9]],[[11.1,65],[10.7,64.9],[10.8,64.9],[11.1,65]],[[11.6,65.1],[11.5,65.1],[11.8,65.1],[11.6,65.1]],[[12.2,65.1],[12,65.1],[12.2,65.2],[12.3,65.1],[12.3,65.1],[12.2,65.1]],[[12.1,65.2],[12.3,65.6],[12.5,65.4],[12.1,65.2]],[[12,65.6],[11.8,65.6],[11.9,65.7],[12,65.6]],[[12.5,65.9],[12.4,65.9],[12.6,66],[12.9,66],[12.5,65.9]],[[12.4,66],[12.6,66.2],[12.7,66.1],[12.4,66]],[[13,66.2],[12.9,66.2],[13.2,66.3],[13,66.2]],[[12.8,66.2],[12.7,66.2],[12.9,66.3],[12.8,66.2]],[[5,61.1],[4.8,61],[4.8,61.1],[5,61.1]],[[4.9,61.8],[4.8,61.8],[5.2,61.8],[4.9,61.8]],[[5.1,61.9],[5,62],[5.1,62],[5.1,61.9]],[[6.3,62.4],[6,62.4],[6.3,62.4],[6.3,62.4]],[[5.6,62.2],[5.5,62.2],[5.8,62.3],[5.6,62.2]],[[5.8,62.2],[5.8,62.4],[6,62.4],[5.8,62.2]],[[6.7,62.7],[6.6,62.7],[6.9,62.7],[6.7,62.7]],[[6.9,62.8],[6.8,62.8],[6.9,62.8],[6.9,62.8]],[[7.5,62.9],[7.4,63],[7.7,63],[7.5,62.9]],[[7.8,63],[7.7,63.1],[7.9,63.1],[7.8,63]],[[8.1,63.1],[7.9,63.2],[8.2,63.2],[8.1,63.1]],[[8.4,63.2],[8.3,63.3],[8.4,63.3],[8.6,63.2],[8.4,63.2]],[[8.5,63.3],[8.4,63.3],[8.7,63.3],[8.5,63.3]],[[8.2,63.4],[7.8,63.4],[8.1,63.5],[8.2,63.4]],[[8.5,63.4],[8.3,63.5],[9.2,63.6],[8.5,63.4]],[[8.7,58.4],[8.7,58.4],[8.7,58.4],[8.8,58.4],[8.8,58.4],[8.7,58.4]],[[6,59],[5.9,59],[6,59],[6,59]],[[5.7,59.1],[5.5,59.1],[5.7,59.1],[5.7,59.1]],[[6,59.2],[5.9,59.3],[6.1,59.3],[6,59.2]],[[5.3,59.2],[5.2,59.1],[5.2,59.4],[5.3,59.2]],[[5.3,59.8],[5.1,59.6],[5.1,59.9],[5.3,59.8]],[[5.4,59.8],[5.3,60],[5.5,59.9],[5.4,59.8]],[[6,60.1],[5.9,60.1],[6,60.1],[6,60.1]],[[5.2,60.2],[5.2,60.3],[5.2,60.3],[5.2,60.2]],[[5.6,60.4],[5.4,60.5],[5.7,60.7],[5.6,60.4]],[[5.2,60.5],[4.9,60.6],[5.1,60.6],[5.2,60.5]],[[5.2,60.6],[4.9,60.7],[5,60.7],[5.2,60.6]],[[5.1,60.2],[4.9,60.2],[4.9,60.4],[5.1,60.2]],[[5.2,60.4],[5,60.5],[5.2,60.5],[5.2,60.4]],[[5.5,59.9],[5.4,60],[5.7,60.1],[5.5,59.9]],[[5.3,60],[5.2,60],[5.2,60.1],[5.3,60]],[[5.3,61.6],[4.9,61.7],[6.8,61.9],[5.1,61.9],[5.4,62],[5.2,62.2],[6.4,62.1],[5.9,62.2],[6.3,62.4],[6.5,62.1],[6.4,62.4],[6.9,62.4],[7,62.1],[7.4,62.2],[6.8,62.5],[6.3,62.4],[6.6,62.5],[6.2,62.6],[8.1,62.7],[7,62.7],[7,63],[8.5,62.7],[7.9,63],[8.5,62.8],[8.2,63.1],[8.9,63.2],[8.5,63.3],[8.8,63.3],[8.7,63.4],[9,63.5],[9.4,63.4],[9.1,63.5],[9.6,63.6],[10.3,63.3],[10,63.4],[10.9,63.5],[10.7,63.5],[11.5,63.8],[11.1,63.9],[11.5,64],[11.3,64],[11.4,64.1],[11.3,64.1],[11.2,64],[10.6,63.8],[10.9,63.9],[11.1,63.8],[10.9,63.7],[10,63.5],[9.8,63.7],[10.1,63.8],[9.5,63.8],[10.2,63.9],[10,64],[10.5,64.4],[11,64.6],[11.2,64.3],[11.7,64.6],[11.4,64.7],[12.2,64.9],[11.3,64.9],[12,65.1],[12,65],[12,65.1],[12.1,65],[12.6,65.1],[12.9,65.3],[12.2,65.2],[12.6,65.4],[12.4,65.6],[12.8,65.6],[12.7,65.9],[13.2,65.8],[13.1,65.9],[12.9,66],[13,66],[12.7,66.1],[14.1,66.3],[13,66.2],[13.5,66.3],[13,66.5],[13.7,66.6],[13.2,66.7],[14,66.8],[13.5,66.9],[15.7,67.2],[14.4,67.2],[15,67.6],[15.6,67.3],[15.5,67.5],[15.9,67.6],[14.8,67.8],[15.9,67.9],[16,68],[15.3,68],[16,68.2],[16.2,67.9],[16.5,67.8],[16.2,68],[16.7,68.1],[16.1,68.3],[16.8,68.1],[16.3,68.4],[17.4,68.2],[17.2,68.4],[17.6,68.5],[16.5,68.5],[17.7,68.7],[17.2,68.8],[17.8,68.8],[17.4,68.9],[18.2,69.2],[18.3,69.5],[19.4,69.2],[18.9,69.6],[19.8,69.8],[19.7,69.4],[20.3,70],[19.9,69.3],[20.9,69.5],[20.5,69.6],[21.3,70],[22.1,69.7],[21.8,70],[22.1,70.1],[21.3,70.2],[23,70.2],[22.3,70],[23.3,69.9],[23.7,70.4],[24.7,70.6],[24.2,70.8],[24.6,71],[25.9,70.9],[25.1,70.5],[25.3,70.4],[24.9,70.1],[25.2,70.1],[26.6,70.9],[26.5,70.4],[27,70.5],[27.6,70.8],[27.1,71],[27.7,71.1],[28.6,71],[27.6,70.6],[28.3,70.7],[27.9,70.5],[28.3,70.5],[28,70.1],[28.5,70.7],[29,70.9],[31.1,70.3],[28.6,70.1],[29.7,70],[29.4,69.9],[29.7,69.9],[29.5,69.7],[30.9,69.8],[30.9,69.5],[30.1,69.7],[29,69.1],[28.8,69.2],[29.2,69.6],[28.2,69.9],[26.4,69.9],[25.9,69.7],[25.8,69],[24.9,68.6],[24,68.8],[22.4,68.7],[21.3,69.3],[20.6,69.1],[20.1,69],[20.4,68.8],[19.9,68.3],[18.1,68.5],[17.9,67.9],[16.7,67.9],[16.1,67.4],[16.4,67],[15.4,66.5],[15.5,66.3],[14.5,66.1],[14.5,65.3],[13.7,64.6],[14.1,64.5],[14,64],[12.9,64.1],[12.1,63.6],[11.9,63.3],[12.3,62.3],[12.1,61.7],[12.9,61.4],[12.2,61],[12.6,60.5],[12.5,60.1],[11.8,59.8],[11.8,59.1],[11.4,59],[10.8,59.2],[10.6,59.7],[10.7,59.9],[10.5,59.9],[10.6,59.5],[10.2,59.7],[10.5,59.3],[10.2,59],[9.5,59.1],[9.7,59],[9.4,58.8],[9.2,58.7],[9,58.6],[8.7,58.4],[8.7,58.4],[8.5,58.3],[8.2,58.2],[8.2,58.1],[6.6,58.1],[6.8,58.2],[5.5,58.7],[5.6,59],[6.2,58.8],[6.6,59.1],[5.9,59.1],[6.5,59.6],[5.5,59.3],[5.2,59.5],[6.3,59.8],[5.7,59.8],[6.2,60.3],[6.6,60.4],[6.5,60.1],[7.1,60.5],[6.2,60.4],[5.7,60],[5.7,60.4],[5.4,60.1],[5.1,60.3],[5.7,60.5],[5.7,60.7],[5.3,60.6],[4.9,60.8],[5.4,60.6],[5.2,60.8],[5.5,60.9],[5,61],[5.4,61],[5.9,61.1],[6.4,61.1],[6.6,61.2],[7.1,60.9],[7,61.1],[7.4,61.2],[7.3,61.3],[7.6,61.5],[7.3,61.4],[7.3,61.3],[7.4,61.2],[7.3,61.2],[7,61.1],[6.6,61.2],[6.7,61.4],[6.5,61.2],[6.5,61.1],[5.7,61.2],[5.4,61.1],[5,61.3],[5.6,61.4],[4.9,61.4],[5.8,61.5],[5.1,61.5],[5.3,61.6],[5.1,61.6],[5.3,61.6]],[[5.3,61.6],[5.3,61.6],[5.3,61.6],[5.3,61.6]],[[5.8,58.9],[5.8,59],[5.8,58.9],[5.8,58.9]],[[14.3,67.1],[14.2,67],[14,67.1],[14.3,67.1]],[[14.3,67.4],[14.2,67.4],[14.4,67.4],[14.3,67.4]],[[15.2,67.9],[14.9,67.9],[15.3,67.9],[15.2,67.9]],[[12.8,67.8],[13.2,68.1],[13.1,68],[12.8,67.8]],[[15.9,68],[15.5,68],[15.9,68],[15.9,68]],[[13.4,68.1],[13.2,68],[13.3,68.1],[13.4,68.1]],[[16.4,68.4],[16.1,68.4],[16.3,68.5],[16.4,68.4]],[[14.9,68.2],[14.8,68.3],[14.9,68.3],[14.9,68.2]],[[14,68.2],[14.1,68.2],[13.4,68.1],[14,68.2]],[[14,68.3],[13.9,68.3],[14,68.3],[14,68.3]],[[14.2,68.2],[14,68.3],[14.2,68.3],[14.2,68.2]],[[15,68.4],[14.2,68.2],[15.2,68.5],[15,68.4]],[[30.2,69.8],[30.1,69.8],[30.1,69.8],[30.2,69.8]],[[17.4,69],[17.4,69],[17.6,69.1],[17.4,69]],[[17.6,69.5],[18.1,69.4],[18,69.2],[16.8,69.1],[17.2,69.2],[16.9,69.4],[17.6,69.5]],[[21.7,69.9],[21.7,69.9],[21.7,69.9],[21.7,69.9]],[[18.9,69.7],[18,69.6],[18.8,69.7],[18.7,69.9],[18.9,69.7]],[[29.8,69.8],[29.8,69.9],[30,69.8],[29.8,69.8]],[[20.7,69.8],[20.6,69.9],[20.7,69.9],[20.7,69.8]],[[19.6,69.9],[19.5,69.8],[19.9,70],[19.6,69.9]],[[20.9,70.1],[20.8,70.1],[20.9,70.1],[20.9,70.1]],[[20.8,70.2],[20.8,70.1],[20.4,70.1],[20.8,70.2]],[[19.2,70.1],[19,70.2],[19.2,70.3],[19.2,70.1]],[[19.6,70.1],[19.3,70.1],[19.4,70.2],[19.6,70.1]],[[20.1,70.1],[19.8,70.1],[19.5,70.2],[20.1,70.1]],[[23.9,70.5],[23.6,70.7],[24.1,70.6],[23.9,70.5]],[[23.5,70.8],[22.8,70.5],[21.9,70.6],[23.5,70.8]],[[24.1,70.9],[23.9,71],[24.2,71],[24.1,70.9]],[[24.8,71],[24.6,71.1],[24.9,71.1],[24.8,71]],[[25.8,71.1],[26.2,71],[25.3,71],[25.8,71.1]],[[22.8,70.3],[23,70.3],[22.4,70.3],[22.8,70.3]],[[21.8,70.3],[21.7,70.4],[21.8,70.4],[21.8,70.3]],[[23.6,70.6],[23.2,70.3],[22.9,70.4],[23.6,70.6]],[[20.9,70],[21.1,70],[20.8,70],[20.9,70]],[[20,70],[19.9,70],[20,70],[20,70]],[[19.3,70],[19.7,70],[18.7,69.9],[19.3,70]],[[21,70],[21,70],[21,70],[21,70]],[[18.8,70.1],[19,70.1],[18.7,70],[18.8,70.1]],[[17.1,68.8],[16.8,68.7],[17,68.9],[17.1,68.8]],[[15.4,68.8],[15.1,68.6],[14.4,68.7],[15.1,68.8],[15.1,69],[15.4,68.8]],[[16,68.8],[15.7,68.5],[16.2,68.9],[16.6,68.7],[15,68.2],[15.7,68.7],[15.5,68.8],[15.6,68.9],[16,68.8]],[[15,68.9],[14.8,68.9],[14.9,68.9],[15,68.9]],[[17.2,68.8],[17.1,68.9],[17.4,68.9],[17.2,68.8]],[[16.5,68.9],[16.3,69],[16.6,68.9],[16.5,68.9]],[[15.5,68.9],[15.6,69.1],[16.1,69.3],[15.5,68.9]]]},"properties":{"iso2":"NO","name":"Norway"}},{"type":"Feature","geometry":{"type":"Polygon","coordinates":[[[82.1,27.9],[80.1,28.8],[80.4,29.7],[81,30.2],[81.2,30],[81.4,30.4],[82.1,30.3],[83.6,29.2],[84.1,29.3],[84.5,28.7],[85.2,28.6],[85.1,28.3],[85.7,28.3],[86,27.9],[86.2,28.2],[86.4,27.9],[86.7,28.1],[87.2,27.8],[88.1,27.9],[88,26.4],[85.9,26.6],[84.1,27.5],[83.3,27.3],[82.1,27.9]]]},"properties":{"iso2":"NP","name":"Nepal"}},{"type":"Feature","geometry":{"type":"Polygon","coordinates":[[[166.9,-0.6],[166.9,-0.5],[167,-0.5],[166.9,-0.6]]]},"properties":{"iso2":"NR","name":"Nauru"}},{"type":"Feature","geometry":{"type":"Polygon","coordinates":[[[-55.1,5.8],[-54,5.8],[-54.2,5.3],[-54.5,4.7],[-54,3.4],[-54.6,2.3],[-56,2.5],[-55.9,1.9],[-56.5,1.9],[-57.3,3.4],[-57.6,3.4],[-58,4],[-57.9,4.8],[-57.3,5],[-57.2,5.5],[-57,6],[-55.9,5.7],[-55.8,6],[-55.1,5.8]]]},"properties":{"iso2":"SR","name":"Suriname"}},{"type":"Feature","geometry":{"type":"Polygon","coordinates":[[[-83.7,11.9],[-83.7,11.9],[-83.7,12],[-83.7,11.9]],[[-83,12.1],[-83.1,12.2],[-83,12.2],[-83,12.1]],[[-83,12.3],[-83,12.3],[-83,12.3],[-83,12.3]],[[-82.8,14.4],[-82.8,14.4],[-82.7,14.4],[-82.8,14.4]],[[-83.2,15],[-83.1,15],[-83.4,14.8],[-83.2,14.3],[-83.6,13.5],[-83.5,12.4],[-83.6,12.8],[-83.8,11.9],[-83.6,10.9],[-83.9,10.7],[-85.1,11],[-85.7,11.1],[-87.7,12.9],[-87.3,13],[-86.7,13.3],[-86.8,13.8],[-86,14.1],[-85.7,13.8],[-84.9,14.8],[-84.5,14.6],[-83.2,15]]]},"properties":{"iso2":"NI","name":"Nicaragua"}},{"type":"Feature","geometry":{"type":"Polygon","coordinates":[[[169.2,-52.6],[169,-52.5],[169.2,-52.4],[169.2,-52.6]],[[166.1,-50.9],[165.9,-50.9],[166.2,-50.9],[166.1,-50.9]],[[166,-50.6],[166,-50.6],[166,-50.6],[166,-50.6]],[[166.3,-50.8],[165.9,-50.8],[166.2,-50.5],[166.3,-50.8]],[[166.3,-50.5],[166.3,-50.5],[166.3,-50.5],[166.3,-50.5]],[[178.8,-49.7],[178.7,-49.7],[178.8,-49.6],[178.8,-49.7]],[[166.6,-48],[166.6,-48],[166.6,-48],[166.6,-48]],[[179.1,-47.7],[179,-47.7],[179.1,-47.7],[179.1,-47.7]],[[167.4,-47.2],[167.4,-47.2],[167.5,-47.2],[167.4,-47.2]],[[167.7,-46.8],[167.7,-46.8],[167.7,-46.8],[167.7,-46.8]],[[168.2,-46.9],[167.5,-47.3],[167.8,-46.7],[168.2,-46.9]],[[166.7,-45.7],[166.5,-45.7],[166.7,-45.6],[166.7,-45.7]],[[167,-45.3],[166.9,-45.3],[167,-45.2],[167,-45.3]],[[-176.2,-44.3],[-176.2,-44.2],[-176.1,-44.3],[-176.2,-44.3]],[[-176.5,-43.7],[-176.6,-44.1],[-176.5,-43.9],[-176.8,-43.8],[-176.5,-43.7]],[[174.4,-41.1],[174.4,-41.2],[174.2,-41.2],[174.3,-41.2],[174.4,-41.1],[174.3,-41.1],[174.4,-41.1]],[[173.8,-40.9],[173.8,-40.8],[174,-40.7],[173.8,-40.9]],[[172.9,-40.5],[172.7,-40.7],[173,-40.8],[173.1,-41.3],[174.3,-41],[174,-41.2],[174.2,-41.3],[174.3,-41.2],[174,-41.4],[174.3,-41.7],[172.8,-43.2],[173.1,-43.9],[172.4,-43.7],[171.3,-44.3],[170.6,-45.9],[170.8,-45.9],[169,-46.7],[166.5,-46],[167,-45.7],[166.8,-45.7],[167,-45.5],[166.7,-45.6],[166.8,-45.3],[167.2,-45.5],[167,-45.1],[167.5,-45],[168.4,-44],[170.8,-42.9],[172.1,-41.4],[172.1,-40.9],[172.9,-40.5]],[[177,-37.9],[177,-37.9],[177,-37.8],[177,-37.9]],[[176.4,-37.7],[176.4,-37.6],[176.5,-37.6],[176.4,-37.7]],[[175.2,-36.8],[175,-36.8],[175.2,-36.7],[175.2,-36.8]],[[175.8,-36.6],[175.8,-36.6],[175.8,-36.6],[175.8,-36.6]],[[174.9,-36.5],[174.9,-36.4],[174.9,-36.5],[174.9,-36.5]],[[175.1,-36.2],[175.1,-36.2],[175.1,-36.2],[175.1,-36.2]],[[175.5,-36.3],[175.4,-36.2],[175.4,-36.1],[175.5,-36.3]],[[173,-34.4],[173.3,-35],[173.5,-34.8],[174.3,-35.2],[174.9,-36.8],[175.6,-37.2],[175.4,-36.5],[175.8,-36.8],[176,-37.6],[177.2,-38],[178,-37.6],[178.6,-37.7],[177.9,-39.3],[177.1,-39.2],[176.8,-40.2],[175.3,-41.6],[174.6,-41.3],[175.1,-40.7],[175.2,-40.1],[173.8,-39.3],[174.6,-38.8],[175,-37.8],[174.5,-37.1],[174.9,-37.1],[174.5,-37],[174.2,-36.5],[174.5,-36.7],[174.3,-36.3],[174.5,-36.2],[173.9,-35.9],[174.1,-36.4],[173.4,-35.6],[173.7,-35.3],[173.4,-35.5],[173.1,-35.2],[172.7,-34.5],[173,-34.4]],[[172.2,-34.2],[172.1,-34.2],[172.2,-34.2],[172.2,-34.2]],[[-178.6,-30.6],[-178.6,-30.6],[-178.6,-30.6],[-178.6,-30.6]],[[-177.8,-29.3],[-177.9,-29.3],[-178,-29.2],[-177.8,-29.3]]]},"properties":{"iso2":"NZ","name":"New Zealand"}},{"type":"Feature","geometry":{"type":"Polygon","coordinates":[[[-54.3,-24.7],[-54.6,-25.6],[-54.7,-26.4],[-55.7,-27.4],[-58.6,-27.3],[-57.6,-25.5],[-57.8,-25.2],[-61,-23.8],[-62.6,-22.2],[-61.7,-19.6],[-59.1,-19.3],[-58.2,-19.8],[-58.2,-20.2],[-57.8,-21],[-58,-22.1],[-55.8,-22.3],[-55.4,-24],[-54.4,-23.9],[-54.3,-24.7]]]},"properties":{"iso2":"PY","name":"Paraguay"}},{"type":"Feature","geometry":{"type":"Polygon","coordinates":[[[-78.7,-4.6],[-78.3,-3.4],[-76.7,-2.6],[-75.6,-1.5],[-75.2,-1],[-75.6,-0.1],[-75.3,-0.1],[-74.8,-0.2],[-74.2,-1],[-73.6,-1.4],[-72.9,-2.5],[-71.7,-2.1],[-70.3,-2.5],[-70.1,-2.8],[-70.7,-3.8],[-70,-4.2],[-70.8,-4.1],[-72.9,-5.1],[-73.1,-6.4],[-73.7,-6.9],[-74,-7.5],[-73,-9],[-73.2,-9.4],[-72.4,-9.5],[-72.1,-10],[-71.3,-10],[-70.5,-9.4],[-70.6,-11],[-69.6,-11],[-68.7,-12.5],[-69,-12.9],[-68.9,-14.2],[-69.4,-14.8],[-69.1,-15.2],[-69.4,-15.6],[-68.8,-16.3],[-69.6,-17.2],[-69.5,-17.5],[-70,-18.2],[-70.4,-18.3],[-71.5,-17.3],[-75,-15.5],[-75.9,-14.7],[-76.4,-13.9],[-76.2,-13.4],[-77.7,-11.3],[-79,-8.2],[-80,-6.8],[-81.2,-6.1],[-80.9,-5.7],[-81.3,-4.3],[-80.3,-3.4],[-80.2,-3.9],[-80.5,-4],[-80.5,-4.4],[-79.6,-4.4],[-79.1,-5],[-78.7,-4.6]]]},"properties":{"iso2":"PE","name":"Peru"}},{"type":"Feature","geometry":{"type":"Polygon","coordinates":[[[67.4,24],[67.4,24],[67.4,24.1],[67.5,24.1],[67.5,24],[67.5,24],[67.4,24]],[[74.8,37],[75.9,36.7],[76.2,35.8],[77.8,35.5],[77,35.1],[76.9,34.7],[73.9,34.6],[73.9,34.1],[74.3,34],[74,33.7],[74,33.2],[75.4,32.2],[74.6,31.9],[74.7,31.1],[73.9,30.4],[73.9,30.1],[73.4,29.9],[71.9,28],[70.8,27.7],[70.4,28],[69.6,27.2],[69.5,26.8],[70.2,26.5],[70.1,26],[70.7,25.7],[71.1,24.4],[70,24.2],[68.8,24.3],[68.7,24],[68.2,23.8],[67.5,23.9],[67.5,23.9],[67.5,24],[67.5,24],[67.5,24.1],[67.3,24.1],[67.3,24.4],[67.2,24.6],[67.3,24.7],[66.6,24.8],[66.7,25.2],[66.4,25.6],[66.1,25.5],[66.5,25.4],[64.7,25.2],[64.1,25.5],[61.6,25.2],[61.9,26.2],[63.2,26.6],[63.3,27.1],[62.8,27.3],[62.8,28.3],[61.9,28.6],[60.9,29.9],[62.5,29.4],[66.3,29.9],[66.4,30.9],[66.7,31.2],[67.8,31.3],[67.6,31.5],[68.2,31.8],[68.8,31.6],[69.3,31.9],[69.5,33],[70.3,33.3],[69.9,34],[71.1,34.1],[71,34.6],[71.6,35.4],[71.2,36.1],[72.6,36.8],[74.6,37],[74.8,37]]]},"properties":{"iso2":"PK","name":"Pakistan"}},{"type":"Feature","geometry":{"type":"Polygon","coordinates":[[[18.9,49.5],[18.6,49.9],[17.7,50.1],[17.7,50.3],[16.9,50.4],[17,50.2],[16.6,50.1],[16.2,50.4],[16.3,50.7],[14.8,50.9],[15,51.3],[14.6,51.8],[14.6,52.6],[14.1,52.9],[14.3,53.7],[14.6,53.8],[14.2,53.9],[14.2,53.9],[17.9,54.8],[18.3,54.8],[18.7,54.7],[18.4,54.7],[18.6,54.4],[18.8,54.4],[19.6,54.5],[19.7,54.5],[19.2,54.3],[19.8,54.4],[22.8,54.4],[23.5,53.9],[23.9,52.7],[23.2,52.3],[23.6,52.1],[23.6,51.5],[24.1,50.6],[22.7,49.6],[22.9,49],[22.6,49.1],[21.6,49.4],[20.1,49.2],[19.5,49.6],[18.9,49.5]]]},"properties":{"iso2":"PL","name":"Poland"}},{"type":"Feature","geometry":{"type":"Polygon","coordinates":[[[-81.8,7.3],[-81.8,7.2],[-81.8,7.3],[-81.8,7.3]],[[-81.2,7.5],[-81.2,7.5],[-81,7.6],[-81.2,7.5]],[[-81.6,7.4],[-81.9,7.5],[-81.8,7.6],[-81.6,7.4]],[[-81.1,7.7],[-81.1,7.7],[-81.1,7.8],[-81.1,7.7]],[[-81.2,7.8],[-81.2,7.8],[-81.2,7.8],[-81.2,7.8]],[[-82.3,8.1],[-82.4,8.1],[-82.3,8.1],[-82.3,8.1]],[[-82.2,8.2],[-82.3,8.2],[-82.3,8.2],[-82.2,8.2]],[[-82.3,8.2],[-82.4,8.3],[-82.3,8.3],[-82.3,8.3],[-82.3,8.2]],[[-79.1,8.2],[-79.1,8.3],[-79.1,8.3],[-79.1,8.2]],[[-79.1,8.4],[-79.1,8.4],[-79.1,8.4],[-79.1,8.4]],[[-78.9,8.3],[-79,8.3],[-79,8.4],[-78.9,8.3]],[[-82,9.1],[-82,9.1],[-82,9.2],[-82,9.1]],[[-82.1,9.3],[-82.1,9.3],[-82.2,9.3],[-82.1,9.3]],[[-82.2,9.3],[-82.2,9.3],[-82.2,9.4],[-82.2,9.3]],[[-82.2,9.3],[-82.3,9.4],[-82.3,9.4],[-82.2,9.3]],[[-79.5,9.6],[-78,9.2],[-77.4,8.7],[-77.2,7.9],[-77.6,7.5],[-77.7,7.7],[-77.9,7.2],[-78.4,8.1],[-78.3,8.1],[-78.1,8.4],[-77.8,8.2],[-78.1,8.5],[-78.4,8.3],[-79,9.1],[-80.5,8.2],[-80,7.5],[-80.4,7.2],[-80.9,7.3],[-81.1,7.9],[-81.2,7.9],[-81.2,7.6],[-81.5,7.7],[-81.7,8.2],[-82.2,8.2],[-82.3,8.3],[-82.7,8.3],[-82.9,8],[-82.7,8.9],[-82.9,9.5],[-82.6,9.6],[-82.2,9],[-81.8,8.9],[-81.9,9.2],[-81.2,8.8],[-79.5,9.6]],[[-78,8.2],[-78,8.3],[-78,8.3],[-78,8.2]]]},"properties":{"iso2":"PA","name":"Panama"}},{"type":"Feature","geometry":{"type":"Polygon","coordinates":[[[-17.1,32.8],[-16.7,32.8],[-16.9,32.6],[-17.1,32.8]],[[-16.3,33.1],[-16.4,33],[-16.3,33.1],[-16.3,33.1]],[[-25,37],[-25.2,37],[-25.1,37],[-25,37]],[[-25.6,37.8],[-25.9,37.9],[-25.1,37.8],[-25.6,37.8]],[[-28.1,38.4],[-28,38.4],[-28.5,38.5],[-28.1,38.4]],[[-27.1,38.6],[-27.4,38.8],[-27.1,38.8],[-27.1,38.6]],[[-31.2,39.4],[-31.2,39.5],[-31.1,39.4],[-31.2,39.4]],[[-8.2,41.9],[-6.6,42],[-6.2,41.6],[-6.9,41],[-7,39.7],[-7.5,39.7],[-7,39],[-7.3,38.4],[-6.9,38.2],[-7.4,37.7],[-7.4,37.3],[-9,37],[-8.7,38.4],[-9.2,38.4],[-9,38.9],[-9.5,38.7],[-8.7,40.7],[-8.7,42],[-8.2,42.2],[-8.2,41.9]]]},"properties":{"iso2":"PT","name":"Portugal (Mainland)"}},{"type":"Feature","geometry":{"type":"Polygon","coordinates":[[[153.8,-11.6],[153.4,-11.6],[153.2,-11.3],[153.8,-11.6]],[[154.3,-11.4],[154,-11.4],[154.2,-11.3],[154.3,-11.4]],[[153.2,-11.3],[153.2,-11.3],[153.1,-11.2],[153.2,-11.3]],[[152.9,-10.7],[152.7,-10.7],[152.5,-10.6],[152.9,-10.7]],[[151.1,-10.6],[151,-10.7],[150.9,-10.7],[151.1,-10.6]],[[150.9,-10.7],[150.8,-10.5],[150.9,-10.6],[150.9,-10.7]],[[151.1,-10],[151.3,-9.9],[151.2,-10.2],[151,-10.1],[150.8,-9.7],[151.1,-10]],[[150.7,-9.4],[150.9,-9.7],[150.4,-9.4],[150.7,-9.4]],[[150.3,-9.5],[150.1,-9.4],[150.2,-9.2],[150.3,-9.5]],[[152.8,-9],[153,-9.2],[152.5,-9],[152.8,-9]],[[151.1,-8.4],[151.1,-8.8],[151,-8.5],[151.1,-8.4]],[[143.6,-8.7],[143.2,-8.4],[143.5,-8.5],[143.6,-8.7]],[[143.6,-8.5],[143.3,-8.4],[143.6,-8.4],[143.6,-8.5]],[[143.7,-8.4],[143.6,-8.3],[143.7,-8.4],[143.7,-8.4]],[[143.7,-8.2],[143.7,-8.2],[143.7,-8.2],[143.7,-8.2]],[[143.7,-8.2],[143.6,-8.1],[143.7,-8.1],[143.7,-8.2]],[[143.7,-8.1],[143.6,-8.1],[143.6,-8],[143.7,-8.1]],[[145.2,-7.9],[145.2,-7.9],[145.2,-7.8],[145.2,-7.9]],[[144,-7.8],[143.9,-7.7],[144,-7.7],[144,-7.8]],[[154.9,-5.5],[155.9,-6.8],[155.2,-6.6],[154.7,-5.9],[154.9,-5.5]],[[148.1,-5.8],[147.9,-5.7],[147.8,-5.5],[148.1,-5.8]],[[148.1,-5.5],[148.1,-5.4],[148.1,-5.4],[148.1,-5.5]],[[147.6,-5.4],[147.6,-5.3],[147.6,-5.3],[147.6,-5.4]],[[147.2,-5.4],[147,-5.4],[147.1,-5.2],[147.2,-5.4]],[[154.7,-5.4],[154.5,-5.1],[154.6,-5],[154.7,-5.4]],[[149.2,-4.9],[149.1,-4.9],[149.2,-4.9],[149.2,-4.9]],[[146.2,-4.9],[146.2,-4.8],[146.2,-4.8],[146.2,-4.9]],[[149.6,-4.7],[149.5,-4.7],[149.5,-4.7],[149.6,-4.7]],[[159.5,-4.6],[159.5,-4.6],[159.5,-4.5],[159.5,-4.6]],[[146,-4.8],[145.9,-4.7],[146,-4.5],[146,-4.8]],[[154.2,-4.4],[154.1,-4.4],[154.2,-4.4],[154.2,-4.4]],[[152.2,-4.2],[152.4,-4.7],[152,-5],[152.1,-5.5],[151.5,-5.5],[150.5,-6.3],[149.1,-6.2],[148.3,-5.7],[148.4,-5.5],[149.9,-5.5],[150.1,-5],[150.2,-5.6],[150.9,-5.5],[151.7,-4.9],[151.5,-4.2],[152.2,-4.2]],[[149.1,-6.1],[149.1,-6.1],[149,-6.1],[149.1,-6.1]],[[145.1,-4.1],[145.1,-4],[145.1,-4.1],[145.1,-4.1]],[[153.6,-4.1],[153.6,-4.1],[153.7,-4],[153.6,-4.1]],[[153.3,-3.5],[153.2,-3.5],[153.2,-3.4],[153.3,-3.5]],[[154.8,-3.5],[154.8,-3.5],[154.8,-3.4],[154.8,-3.5]],[[153.3,-3.4],[153.3,-3.4],[153.3,-3.4],[153.3,-3.4]],[[152.6,-3.2],[152.5,-3.1],[152.6,-3],[152.6,-3.2]],[[150.9,-2.9],[151,-3],[150.8,-3],[150.9,-2.9]],[[152.1,-3],[152,-2.8],[152.1,-2.9],[152.1,-3]],[[152,-2.8],[151.9,-2.8],[151.9,-2.7],[152,-2.8]],[[150.9,-2.6],[152.1,-3.2],[153,-4.1],[153,-4.8],[152.7,-4.7],[152.7,-4.2],[152.3,-3.6],[150.7,-2.7],[150.9,-2.6]],[[141.9,-3],[144.5,-3.8],[145.7,-4.8],[145.8,-5.5],[147.5,-6],[147.9,-6.7],[147,-6.7],[147.2,-7.5],[148.1,-8.1],[148.6,-9.1],[149.3,-9],[149.2,-9.5],[150,-9.6],[149.7,-9.8],[149.9,-10],[150.9,-10.2],[150.4,-10.3],[150.7,-10.6],[150.2,-10.7],[149.7,-10.3],[148,-10.1],[147.1,-9.5],[147,-9],[146.6,-9],[146.1,-8.1],[144.5,-7.5],[144.2,-7.8],[143.7,-7.5],[144,-8],[143.4,-7.9],[143.6,-8.2],[142.1,-8.2],[143.1,-8.5],[143.3,-9],[142.6,-9.3],[141,-9.1],[141,-2.6],[141.9,-3]],[[152,-2.7],[152,-2.7],[152,-2.6],[152,-2.7]],[[150.5,-2.7],[149.9,-2.5],[150.2,-2.4],[150.5,-2.7]],[[147.8,-2.3],[147.8,-2.2],[147.9,-2.3],[147.8,-2.3]],[[147.3,-2],[146.5,-2.2],[146.6,-2],[147.3,-2]],[[142.9,-1.7],[142.8,-1.7],[142.8,-1.7],[142.9,-1.7]],[[149.7,-1.4],[149.7,-1.6],[149.5,-1.5],[149.7,-1.4]],[[144.5,-1.4],[144.5,-1.4],[144.5,-1.4],[144.5,-1.4]],[[144.5,-1.1],[144.5,-1.1],[144.5,-1.1],[144.5,-1.1]]]},"properties":{"iso2":"PG","name":"Papua New Guinea"}},{"type":"Feature","geometry":{"type":"Polygon","coordinates":[[[-15.9,11.1],[-16,11],[-15.9,11.2],[-15.9,11.1]],[[-16,11.1],[-16.1,11.2],[-16,11.2],[-16,11.1]],[[-16.1,11],[-16.2,11.1],[-16.1,11.2],[-16.1,11]],[[-15.9,11.2],[-15.9,11.2],[-15.8,11.3],[-15.9,11.2]],[[-15.7,11.2],[-15.8,11.2],[-15.7,11.3],[-15.7,11.2]],[[-16.2,11.2],[-16.3,11.3],[-16.2,11.3],[-16.2,11.2]],[[-15.7,11.4],[-15.7,11.5],[-15.7,11.5],[-15.7,11.4]],[[-16.2,11.4],[-16.3,11.4],[-16.2,11.5],[-16.2,11.4]],[[-16.3,11.5],[-16.4,11.5],[-16.4,11.5],[-16.3,11.5]],[[-16,11.4],[-16.1,11.4],[-16,11.6],[-16,11.4]],[[-15.6,11.5],[-15.6,11.5],[-15.5,11.6],[-15.6,11.5]],[[-16,11.8],[-16.2,11.9],[-16,11.9],[-16,11.8]],[[-16.2,11.8],[-16.3,12],[-16.2,11.9],[-16.2,11.8]],[[-14.5,12.7],[-13.7,12.7],[-14,12.2],[-13.7,11.7],[-14.7,11.5],[-15,11],[-15,11.2],[-15.4,11.2],[-15.3,11.4],[-15.5,11.3],[-15,11.6],[-15.6,11.7],[-14.9,11.8],[-15,12],[-16,11.7],[-15.7,12],[-15.9,12],[-16.1,11.9],[-16.3,12],[-16.3,12.2],[-16.1,12.3],[-16.7,12.3],[-14.5,12.7]]]},"properties":{"iso2":"GW","name":"Guinea-Bissau"}},{"type":"Feature","geometry":{"type":"Polygon","coordinates":[[[51.5,25.4],[51.6,25],[51.2,24.6],[50.8,24.7],[51,26],[51.6,25.9],[51.5,25.4]]]},"properties":{"iso2":"QA","name":"Qatar"}},{"type":"Feature","geometry":{"type":"Polygon","coordinates":[[[55.7,-21],[55.7,-21.4],[55.2,-21],[55.7,-21]]]},"properties":{"iso2":"RE","name":"Reunion"}},{"type":"Feature","geometry":{"type":"Polygon","coordinates":[[[20.7,46.2],[21.2,46.3],[22,47.5],[22.9,48],[24.9,47.7],[26.6,48.3],[28.1,46.9],[28.2,45.4],[29.7,45.2],[29.5,44.8],[28.9,44.9],[28.6,43.7],[27,44.1],[25.4,43.6],[24.2,43.7],[22.9,43.8],[23,44.1],[22.7,44.2],[22.5,44.5],[22.8,44.6],[22.5,44.7],[22.1,44.5],[21.4,44.8],[21.5,45.2],[20.3,46.1],[20.7,46.2]]]},"properties":{"iso2":"RO","name":"Romania"}},{"type":"Feature","geometry":{"type":"Polygon","coordinates":[[[28.1,46.9],[26.6,48.3],[27.8,48.5],[29.1,48],[29.2,47.4],[29.9,46.8],[30.1,46.4],[29,46.5],[29,46],[28.2,45.4],[28.1,46.9]]]},"properties":{"iso2":"MD","name":"Moldova"}},{"type":"Feature","geometry":{"type":"Polygon","coordinates":[[[119.5,4.6],[119.5,4.9],[119.5,4.8],[119.5,4.6]],[[120,5],[120,5],[120,5],[120,5]],[[119.9,5.1],[119.9,5.1],[119.9,5.1],[119.9,5.1]],[[120.2,5.3],[120.2,5.3],[120.2,5.3],[120.2,5.3]],[[120.3,5.2],[119.8,5.1],[120.2,5.3],[120.3,5.2]],[[125.4,5.4],[125.3,5.4],[125.4,5.4],[125.4,5.4]],[[125.5,5.4],[125.5,5.4],[125.5,5.5],[125.5,5.4]],[[120.9,5.5],[120.8,5.6],[120.9,5.5],[120.9,5.5]],[[121.2,5.8],[121.1,5.8],[121.1,5.8],[121.2,5.8]],[[121.2,6],[121.4,6],[120.9,5.9],[121.2,6]],[[121.9,6],[121.8,6.1],[122,6.1],[121.9,6]],[[120.6,6.2],[120.5,6.3],[120.6,6.4],[120.6,6.2]],[[122.2,6.7],[122,6.4],[121.8,6.6],[122.2,6.7]],[[118.5,7],[118.5,7],[118.4,7],[118.5,7]],[[125.8,6.9],[125.7,7.1],[125.7,7.2],[125.8,6.9]],[[117,7.8],[116.9,8],[117.1,8.1],[117,7.8]],[[117.3,8.2],[117.3,8.3],[117.3,8.3],[117.3,8.2]],[[126.2,9],[126.2,9],[126.2,9],[126.2,9]],[[126.3,9],[126.2,9],[126.3,9],[126.3,9]],[[123.7,9.2],[123.6,9.1],[123.5,9.2],[123.7,9.2]],[[124.8,9.1],[124.6,9.2],[124.7,9.3],[124.8,9.1]],[[123.8,9.5],[123.7,9.6],[123.8,9.6],[123.8,9.5]],[[126,9.6],[125.9,9.6],[125.9,9.8],[126,9.6]],[[126,9.2],[126.6,7.3],[126.2,6.9],[126.2,6.3],[125.9,7.3],[125.7,7.2],[125.4,6.7],[125.7,6],[125.4,5.6],[125.3,6.1],[125,5.9],[124.2,6.2],[123.9,6.8],[124.3,7.4],[123.7,7.8],[123.5,7.4],[123.1,7.7],[122.8,7.3],[122.6,7.8],[122.1,6.9],[121.9,7],[122.2,8],[122.9,8.2],[123.4,8.7],[123.8,8.5],[123.7,8],[124.4,8.6],[124.7,8.5],[124.8,9],[125.5,9],[125.4,9.8],[126,9.2]],[[124.6,9.9],[124.6,9.8],[124.6,9.9],[124.6,9.9],[124.6,9.9]],[[123.4,9.9],[123.4,9.9],[123.4,9.9],[123.4,9.9]],[[126.1,9.7],[125.9,9.8],[126.1,10.1],[126.1,9.7]],[[124.5,10.1],[124.4,9.6],[123.8,9.7],[124.1,10.1],[124.5,10.1]],[[125.3,9.9],[125.1,10.2],[125.2,10.1],[125.3,9.9]],[[125.7,9.8],[125.5,10.1],[125.6,10.5],[125.7,9.8]],[[119.8,10.4],[119.8,10.6],[120,10.6],[119.8,10.4]],[[124.4,10.6],[124.3,10.6],[124.3,10.7],[124.4,10.6]],[[124.4,10.6],[124.5,10.7],[124.5,10.7],[124.4,10.6]],[[122.6,10.4],[122.5,10.5],[122.7,10.7],[122.6,10.4]],[[125.8,10.7],[125.7,10.8],[125.7,10.8],[125.8,10.7]],[[123.6,10.8],[123.1,9.8],[123.3,9.2],[123,9],[122.5,10],[122.9,10.1],[123,10.9],[123.6,10.8]],[[121,10.8],[121,10.8],[121.1,10.9],[121,10.8]],[[124,11.1],[124,10.4],[123.3,9.4],[124,11.1]],[[123.8,11.1],[123.7,11.2],[123.7,11.3],[123.8,11.1]],[[119.5,11.3],[119.7,10.5],[117.2,8.3],[119.3,10.6],[119.2,11],[119.5,10.7],[119.5,11.3]],[[119.5,11.4],[119.5,11.4],[119.5,11.4],[119.5,11.4]],[[119.8,11.4],[119.7,11.5],[119.9,11.5],[119.8,11.4]],[[124.6,11.3],[124.9,11.4],[125,11.2],[125.3,10.3],[125,10.4],[125,10],[124.3,11.5],[124.6,11.3]],[[124.6,11.5],[124.3,11.7],[124.5,11.7],[124.6,11.5]],[[124.8,11.5],[124.7,11.7],[124.8,11.6],[124.8,11.5]],[[122.2,11.8],[122.9,11.4],[123.2,11.6],[123.1,11.2],[121.9,10.4],[122.1,11.7],[121.8,11.8],[122.2,11.8]],[[120,11.7],[119.9,12],[120.1,11.9],[120,11.7]],[[120,11.8],[120,11.8],[120,11.8],[120,11.8]],[[120.3,11.8],[120.2,11.9],[120.3,12],[120.3,11.8]],[[120.1,12],[120.1,12],[120.1,12],[120.1,12]],[[120,12],[120,12],[120,12],[120,12]],[[121.1,12.2],[121,12.2],[121,12.3],[121.1,12.2]],[[120.2,12.1],[120.3,12],[119.9,12.3],[120.2,12.1]],[[122.7,12.3],[122.4,12.5],[122.7,12.5],[122.7,12.3]],[[124.5,12.5],[125.3,12.5],[125.8,11],[125.3,11.1],[125,11.4],[124.8,11.5],[125,11.7],[124.4,12.2],[124.3,12.6],[124.5,12.5]],[[125.7,11.1],[125.7,11.1],[125.7,11.1],[125.7,11.1]],[[123.7,12.3],[124.1,11.7],[123.5,12.2],[123.2,11.9],[123.2,12.6],[123.7,12.3]],[[122.3,12.5],[122.2,12.6],[122.3,12.6],[122.3,12.5]],[[123.8,12.3],[123.6,12.7],[123.7,12.6],[123.8,12.3]],[[122,12.2],[121.9,12.3],[122.1,12.7],[122,12.2]],[[123.4,12.7],[122.9,13.1],[123,13.1],[123.4,12.7]],[[124.2,13.2],[124.1,13.2],[124.2,13.2],[124.2,13.2]],[[124,13.2],[124,13.2],[123.9,13.3],[124.1,13.3],[124,13.2]],[[123.9,13.2],[123.9,13.2],[123.9,13.3],[123.9,13.4],[123.9,13.3],[123.9,13.3],[123.9,13.2]],[[122.2,13.4],[122.1,13.4],[122.1,13.4],[122.2,13.4]],[[122.1,13.4],[122,13.2],[121.8,13.4],[122.1,13.4]],[[120.7,13.5],[121.5,13.1],[121.6,12.6],[121.2,12.2],[120.3,13.4],[120.7,13.5]],[[120.3,13.8],[120.3,13.7],[120.1,13.8],[120.3,13.8]],[[124.3,13.9],[124.2,13.5],[124,13.7],[124.3,13.9]],[[124.3,14],[124.3,14],[124.3,14],[124.3,14]],[[124.3,13.9],[124.3,14],[124.3,14],[124.3,13.9]],[[122.2,14],[121.9,14.2],[122.1,14.1],[122.2,14]],[[122.3,14.7],[122.1,14.8],[122.2,14.8],[122.3,14.7]],[[122.1,15],[121.9,14.6],[121.8,15],[122.1,15]],[[120,16.2],[119.9,16.3],[120,16.3],[120,16.3],[120,16.2]],[[121.3,18.6],[121.9,18.3],[122.2,18.5],[122.2,17.6],[122.5,17.1],[121.4,15.3],[121.7,14.2],[122.2,13.9],[122.2,14.2],[122.7,14.3],[123.1,13.7],[123.3,14.1],[123.9,13.8],[123.5,13.6],[123.8,13.1],[124.2,13.1],[124.1,12.5],[123.8,12.7],[124,13],[123.3,13],[122.6,13.9],[122.6,13.2],[121.8,14],[121.3,13.6],[120.7,13.8],[120.6,14.2],[121,14.6],[120.6,14.8],[120.5,14.4],[120.1,14.8],[119.8,16.3],[119.9,16.4],[119.9,16.3],[119.9,16.2],[120.2,16],[120.4,16.2],[120.6,18.5],[121.3,18.6]],[[122.7,13.8],[122.7,13.8],[122.7,13.8],[122.7,13.8]],[[121.4,18.8],[121.3,18.9],[121.5,18.9],[121.4,18.8]],[[121.9,18.8],[121.8,18.9],[121.9,19],[121.9,18.8]],[[121.3,19],[121.2,19.1],[121.2,19.2],[121.3,19]],[[121.5,19.3],[121.4,19.4],[121.5,19.4],[121.5,19.3]],[[122,19.5],[121.9,19.6],[122,19.6],[122,19.5]],[[121.9,20.3],[121.8,20.3],[121.8,20.4],[121.9,20.3]],[[122,20.3],[121.9,20.4],[122,20.5],[122,20.3]],[[121.8,20.7],[121.9,20.8],[121.9,20.8],[121.8,20.7]],[[122,21.1],[121.9,21.1],[121.9,21.1],[122,21.1]]]},"properties":{"iso2":"PH","name":"Philippines"}},{"type":"Feature","geometry":{"type":"Polygon","coordinates":[[[-67.9,18],[-67.9,18.1],[-67.8,18.1],[-67.9,18]],[[-65.4,18.1],[-65.6,18.1],[-65.3,18.1],[-65.4,18.1]],[[-65.2,18.3],[-65.3,18.3],[-65.3,18.3],[-65.2,18.3]],[[-67,18.5],[-65.6,18.2],[-67.2,17.9],[-67.3,18.4],[-67,18.5]]]},"properties":{"iso2":"PR","name":"Puerto Rico"}},{"type":"Feature","geometry":{"type":"Polygon","coordinates":[[[28.7,60.3],[28.6,60.3],[28.7,60.3],[28.7,60.3]],[[137.2,55.1],[137,54.9],[136.7,54.9],[137.2,55.1]],[[164.7,59.1],[163.4,58.6],[163.7,59],[164.7,59.1]],[[150.6,59],[150.5,59],[150.7,59.1],[150.6,59]],[[149.1,59.2],[148.9,59.1],[149,59.2],[149.1,59.2]],[[155.6,59.3],[155.5,59.3],[155.6,59.4],[155.6,59.3]],[[36,64.3],[35.9,64.4],[36,64.4],[36,64.3]],[[40.4,64.7],[40.5,64.6],[40,64.7],[40.4,64.7]],[[-172.5,64.6],[-172.8,64.7],[-172.5,64.6],[-172.5,64.6]],[[-172.6,64.7],[-172.5,64.8],[-172.2,64.8],[-172.6,64.7]],[[35.8,65],[35.5,65.2],[35.8,65.2],[35.8,65]],[[36.1,65.2],[36.3,65.2],[35.9,65.2],[36.1,65.2]],[[-169.1,65.7],[-169.1,65.8],[-169,65.8],[-169.1,65.7]],[[69.3,66.8],[70.1,66.7],[70.1,66.5],[69.8,66.5],[69.4,66.8],[69.1,66.8],[69.3,66.8]],[[69.3,66.7],[69.2,66.7],[69.3,66.7],[69.3,66.7]],[[42.7,66.7],[42.4,66.8],[42.6,66.8],[42.7,66.7]],[[70,66.7],[69.8,66.8],[70,66.8],[70,66.7]],[[54.2,68.2],[54.3,68.3],[54.3,68.3],[54.2,68.2]],[[53.9,68.3],[53.9,68.3],[54,68.4],[53.9,68.3]],[[50.8,68.4],[51.2,68.5],[51.5,68.5],[50.8,68.4]],[[143.7,49.3],[143,49.1],[142.5,48],[143.1,46.8],[143.5,46.8],[143.5,46.1],[143.4,46.5],[142.7,46.7],[142.1,45.9],[141.8,46.6],[142.2,48],[141.9,48.8],[142.3,51.1],[141.6,52.3],[141.8,53.4],[142.8,53.7],[142.4,54.2],[142.7,54.4],[143.3,53.1],[143.2,51.5],[144.8,48.6],[143.7,49.3]],[[143.7,49.3],[143.2,49.4],[143.3,49.3],[143.7,49.3]],[[131.9,43],[131.8,43],[131.9,43],[131.9,43]],[[146.1,43.5],[146.1,43.5],[146.2,43.5],[146.1,43.5]],[[47.7,43.9],[47.6,44],[47.8,44],[47.7,43.9]],[[148.8,45.3],[146.8,44.4],[147.9,45.4],[148.8,45.3]],[[48,45.5],[48,45.7],[48,45.5],[48,45.5]],[[48.5,45.7],[48.3,45.8],[48.4,45.8],[48.5,45.7]],[[146.7,43.7],[146.6,43.8],[146.9,43.8],[146.7,43.7]],[[146.1,44.5],[146.6,44.4],[145.4,43.7],[146.1,44.5]],[[48.7,45.7],[48.6,45.7],[48.5,45.9],[48.7,45.7]],[[154.4,49.7],[154.4,49.8],[154.5,49.8],[154.4,49.7]],[[155.8,50.2],[155.2,50.1],[156.1,50.8],[155.8,50.2]],[[154,48.7],[154.1,48.9],[154.2,48.9],[154,48.7]],[[154,48.9],[153.9,49],[154,49],[154,48.9]],[[154.5,49.2],[154.6,49.1],[154.5,49.1],[154.5,49.2]],[[154.7,49.3],[154.6,49.4],[154.9,49.6],[154.7,49.3]],[[137.8,54.4],[137.7,54.4],[137.9,54.5],[137.8,54.4]],[[137.6,54.4],[137.5,54.5],[137.6,54.6],[137.6,54.4]],[[19.7,54.5],[19.7,54.5],[19.6,54.5],[19.9,54.6],[19.7,54.5]],[[167.9,54.7],[168.1,54.5],[167.4,54.9],[167.9,54.7]],[[156.4,50.7],[156.2,50.7],[156.5,50.9],[156.4,50.7]],[[155.6,50.8],[155.4,50.9],[155.6,50.9],[155.6,50.8]],[[150.1,45.8],[149.4,45.6],[150.5,46.2],[150.1,45.8]],[[150.9,46.4],[150.8,46.4],[150.8,46.5],[150.9,46.4]],[[150.8,46.7],[150.7,46.7],[150.8,46.7],[150.8,46.7]],[[152.2,47.2],[152,46.9],[151.7,46.8],[152.2,47.2]],[[152.5,47.3],[152.4,47.3],[152.5,47.4],[152.5,47.3]],[[153,47.7],[153.1,47.8],[153.1,47.7],[153,47.7]],[[153.3,48.1],[153.1,48.1],[153.2,48.1],[153.3,48.1]],[[21.4,55.3],[22.8,54.9],[22.8,54.4],[19.8,54.4],[20.4,54.7],[19.9,54.6],[20,55],[20.9,55.3],[21,55.3],[20.5,54.9],[21.2,54.9],[21.3,55.2],[21.4,55.3]],[[166.1,55.3],[166.7,54.7],[165.8,55.3],[166.1,55.3]],[[138,54.9],[137.7,54.6],[137.2,54.8],[137.6,55.2],[138.2,55],[138,54.9]],[[-179.6,68.9],[-175.5,67.7],[-175.2,67.5],[-175.4,67.3],[-174.8,67.4],[-174.7,66.8],[-175,66.7],[-174.5,66.3],[-173.8,66.4],[-174.3,66.6],[-174,66.7],[-174.1,67],[-174.7,67.1],[-173.7,67.1],[-173.2,67.1],[-173.4,66.8],[-171.7,67],[-170.6,66.2],[-169.7,66.1],[-170.6,65.9],[-170.6,65.6],[-171.5,65.8],[-171.1,65.5],[-172.8,65.7],[-172.2,65.4],[-172.7,65.2],[-172.1,65.1],[-173.2,64.8],[-172.4,64.5],[-173.2,64.3],[-173.4,64.6],[-173.7,64.3],[-175.4,64.8],[-176.1,65.5],[-178.6,65.5],[-178.5,65.7],[-178.9,66],[-178.5,66.4],[-179.7,66.2],[-179.8,65.9],[-179.3,65.5],[-180,65.1],[-180,69],[-179.6,68.9]],[[67.4,68.8],[67.1,68.8],[67.3,68.8],[67.4,68.8]],[[55.5,68.9],[55.2,68.9],[55.5,68.9],[55.5,68.9]],[[57.9,68.8],[57.9,68.8],[57.2,68.7],[57.9,68.8]],[[54.7,69],[54.6,69],[54.7,69],[54.7,69]],[[66.2,69.1],[66.5,68.9],[66,69.1],[66.2,69.1]],[[59.2,69.2],[58.8,69.3],[59.2,69.2],[59.2,69.2]],[[34.4,69.3],[34,69.4],[34.2,69.4],[34.4,69.3]],[[50.3,69.2],[48.9,68.7],[48.2,68.9],[48.3,69.3],[48.9,69.5],[50.3,69.2]],[[161.4,68.9],[161.5,69],[161.1,69.1],[161.1,69.5],[161.4,69.5],[161.4,69.5],[161.3,69.4],[161.4,69.4],[161.3,69.2],[161.4,69.1],[161.5,69],[161.5,68.9],[161.4,68.9]],[[67.1,69.4],[66.9,69.4],[67.2,69.4],[67.1,69.4]],[[169.4,69.8],[168.9,69.6],[167.8,69.8],[169.4,69.8]],[[170.2,69.7],[170,69.7],[170.2,69.8],[170.2,69.7]],[[83.1,70.1],[82.8,70.2],[82.9,70.3],[83.1,70.2],[83.1,70.2],[83.1,70.1]],[[59.5,70.3],[60.5,69.8],[59.6,69.7],[58.4,70.3],[59,70.5],[59.5,70.3]],[[83.6,70.5],[83.6,70.4],[83.5,70.4],[83.4,70.4],[83.4,70.4],[83.6,70.5],[83.6,70.5]],[[161.4,69.4],[161.4,69.6],[161.6,69.6],[161.4,69.4]],[[67.3,69.4],[67,69.5],[67.3,69.6],[67.3,69.4]],[[180,71.5],[180,71],[178.8,70.8],[178.6,71],[180,71.5]],[[160.6,70.8],[160.4,70.9],[160.7,70.8],[160.6,70.8]],[[-178.6,71.6],[-177.4,71.2],[-180,71],[-180,71.5],[-178.6,71.6]],[[-175.6,71.4],[-175.9,71.4],[-175.8,71.4],[-175.6,71.4]],[[138.5,71.9],[138.3,71.9],[138.4,71.9],[138.5,71.9]],[[53.6,71.1],[53.4,71.1],[53.5,71.2],[53.6,71.1]],[[52.9,71.4],[53.2,71.3],[53.1,71],[52.2,71.3],[52.9,71.4]],[[53.4,71.3],[53.2,71.3],[53.1,71.4],[53.4,71.3]],[[138,71.5],[137.7,71.4],[137,71.5],[138,71.5]],[[57.2,70.5],[57,70.5],[56.8,70.6],[57.2,70.5]],[[162.4,70.7],[162.5,70.7],[162.2,70.7],[162.4,70.7]],[[83.4,70.7],[83.1,70.4],[83.2,70.8],[83.4,70.7]],[[161.7,70.8],[161.5,70.8],[161.7,70.8],[161.7,70.8]],[[128.1,72.6],[129.6,72.2],[128.8,72.1],[127.5,72.4],[126.7,72.4],[128.1,72.6]],[[77.8,72.3],[76.9,72.3],[77.6,72.6],[78.4,72.5],[77.8,72.3]],[[128.8,72.6],[128.1,72.6],[129,72.6],[128.8,72.6]],[[129.2,72.8],[129.3,72.8],[128.3,72.9],[129.2,72.8]],[[73,72.6],[72.8,72.7],[73,72.7],[73,72.6]],[[129.4,72.7],[127.3,72.7],[128.3,72.8],[129.4,72.7]],[[74.9,73.1],[74.7,72.9],[74.1,73],[74.9,73.1]],[[123,72.9],[123.6,72.8],[122.3,72.9],[123,72.9]],[[79.6,72.7],[78.6,72.8],[79.2,73.1],[79.6,72.7]],[[120.2,73],[119.6,73.1],[120.1,73.2],[120.2,73]],[[76.5,73.2],[76.7,73.2],[76.1,73.2],[76.5,73.2]],[[106.8,78.3],[106,78.2],[106.5,78.3],[106.8,78.3]],[[107.6,78.2],[107.4,78],[106.5,78.1],[107.6,78.2]],[[93.8,78.2],[93.5,78.2],[93.6,78.2],[93.8,78.2]],[[76.2,79.6],[76,79.6],[77.6,79.5],[76.2,79.6]],[[91.5,79.5],[90.8,79.5],[91.2,79.5],[91.5,79.5]],[[100,79.6],[100.3,79.7],[99.9,79.6],[100,79.6]],[[92.7,79.1],[92.2,79.1],[92.7,79.1],[92.7,79.1]],[[92.8,79.4],[92.6,79.4],[93,79.4],[92.8,79.4]],[[92.5,79.4],[92.2,79.4],[91.8,79.4],[92.5,79.4]],[[103,79.3],[102.4,78.8],[103.9,79.1],[105.4,78.6],[99.3,78],[100.4,78.7],[101.2,78.8],[100.9,79],[101.6,79],[101,79.1],[101.6,79.3],[103,79.3]],[[99.9,79.4],[99.9,79.4],[100,79.4],[99.9,79.4]],[[58.9,80.6],[58.8,80.6],[58.5,80.6],[58.9,80.6]],[[58,80.6],[57.9,80.6],[57.2,80.6],[58,80.6]],[[55,80.6],[55.2,80.5],[54.6,80.5],[55,80.6]],[[47.9,80.8],[48.8,80.6],[47.8,80.8],[47.3,80.7],[47.4,80.6],[46.1,80.4],[46,80.6],[44.9,80.6],[47.9,80.8]],[[49.4,80],[49.2,80],[49.4,80],[49.4,80]],[[51.2,80],[51.5,79.9],[50,80],[51.2,80]],[[54.2,80.2],[54.2,80.3],[54.4,80.3],[54.2,80.2]],[[52.5,80.3],[52.2,80.4],[52.5,80.3],[52.5,80.3]],[[55.2,80.2],[54.9,80.3],[55.5,80.3],[55.2,80.2]],[[53.6,80.3],[53.9,80.3],[52.2,80.3],[53.6,80.3]],[[49.6,80.1],[49.7,80],[49.3,80.1],[49.6,80.1]],[[50.3,80.1],[50,80.1],[49.5,80.2],[50.3,80.1]],[[53.4,80.5],[53.1,80.6],[53.4,80.6],[53.4,80.5]],[[55.4,80.4],[55.2,80.4],[55,80.4],[55.4,80.4]],[[56.3,80.4],[55.8,80.4],[55.9,80.4],[56.3,80.4]],[[54.6,80.4],[54.4,80.4],[54.9,80.5],[54.6,80.4]],[[54.3,80.4],[53.8,80.5],[54.5,80.5],[54.3,80.4]],[[57.8,81.5],[58.6,81.4],[56.7,81.4],[57.8,81.5]],[[62.8,81.7],[63.8,81.7],[62.1,81.7],[62.8,81.7]],[[59.3,81.7],[57.9,81.7],[59.4,81.8],[59.3,81.7]],[[62.1,81.5],[61.7,81.6],[62.2,81.6],[62.1,81.5]],[[58.5,81.6],[58.2,81.6],[58.7,81.6],[58.5,81.6]],[[60.6,81.3],[60.4,81.2],[59.7,81.3],[60.6,81.3]],[[57.5,81.3],[57.9,81.3],[55.4,81.3],[57.5,81.3]],[[54.3,81.3],[54.4,81.3],[54.1,81.3],[54.3,81.3]],[[59.1,81.3],[58.5,81.3],[59.4,81.3],[59.1,81.3]],[[56.8,80.7],[56.9,80.7],[55.4,80.7],[56.8,80.7]],[[62.2,80.8],[61.1,80.4],[59.2,80.6],[62.2,80.8]],[[50.1,80.8],[51.7,80.7],[48.8,80.4],[48.6,80.3],[49.1,80.2],[48.4,80.1],[46.6,80.3],[48.2,80.3],[47.4,80.5],[49.2,80.5],[49.7,80.7],[49,80.7],[50.4,80.9],[50.1,80.8]],[[80,81],[80.4,80.9],[79,80.8],[80,81]],[[55.4,80.9],[56,80.8],[54,80.8],[55.4,80.9]],[[59,80.8],[57.8,80.8],[58.8,80.9],[59,80.8]],[[58.5,81],[57.8,81],[58.7,81],[58.5,81]],[[50.6,81],[50.3,81.1],[51,81.1],[50.6,81]],[[91.3,81.1],[89.9,81.2],[91.6,81.1],[91.3,81.1]],[[54.7,81.1],[57.7,80.8],[54.4,81],[54.7,81.1]],[[65.5,81],[64.3,80.7],[62.5,80.8],[64.5,81.2],[65.5,81]],[[56.2,81.1],[58.3,80.9],[56.1,81.1],[56.2,81.1]],[[61,80.9],[60,81],[61.7,81.1],[61,80.9]],[[58.8,81.1],[58.5,81.1],[58.8,81.1],[58.8,81.1]],[[59.8,81.2],[59,81.2],[59.8,81.2],[59.8,81.2]],[[58.4,81.1],[58.1,81.1],[58.6,81.1],[58.4,81.1]],[[57.6,81.1],[57,81.2],[58.1,81.2],[57.6,81.1]],[[97.6,80.2],[98,80.1],[97.2,79.7],[98.5,80.1],[100,79.8],[99.7,79.3],[99,79.3],[99.9,79],[97.3,78.8],[94.8,79.1],[94.3,79.5],[93.7,79.5],[93.9,79.6],[92.9,79.6],[94.6,79.8],[94.2,79.9],[94.9,80.1],[95.3,80],[95.6,80.1],[97.6,80.2]],[[91.7,79.7],[91.1,79.7],[91.9,79.7],[91.7,79.7]],[[58.7,79.9],[59,79.9],[58.3,79.9],[58.7,79.9]],[[94.3,80],[93.9,80],[94,80],[94.3,80]],[[91.2,80.1],[93.8,79.9],[91.9,79.7],[92.3,79.7],[90.9,80.1],[91.2,80.1]],[[60.3,80.2],[59.9,80.2],[60.3,80.2],[60.3,80.2]],[[57.1,80.3],[57.1,80.1],[55.7,80.1],[57.1,80.3]],[[58,80.5],[59.3,80.3],[57.7,80.1],[56.9,80.5],[58,80.5]],[[59.4,79.9],[58.8,80],[59.8,80.1],[59.4,79.9]],[[96,81.2],[98,80.7],[97.1,80.7],[97.4,80.3],[97.2,80.2],[94.8,80.1],[93.8,80],[92.1,80.2],[93.2,80.3],[91.4,80.3],[92.6,80.4],[91.9,80.5],[93.3,80.8],[92.5,80.8],[93.1,81],[96,81.2]],[[104.3,77.7],[106.3,77.4],[104.1,77.1],[107.5,76.9],[106.4,76.5],[111.1,76.8],[112.7,76.3],[112.6,76],[113.2,76.3],[113.9,75.8],[113.5,75.5],[112.3,75.8],[113.7,75.4],[108.2,73.7],[107.1,73.6],[105.2,72.8],[106.3,73.2],[110.9,73.7],[109.5,73.8],[110.2,74],[111.5,74],[111.2,74],[112.2,73.7],[112.9,74],[113.5,73.3],[113.5,73],[113.1,72.9],[113.2,72.7],[114,72.6],[113.2,72.8],[113.5,73],[113.5,73.2],[114,73.3],[113.5,73.5],[118.6,73.6],[119,73.5],[118.4,73.2],[119.8,72.9],[121.9,73],[124.7,72.6],[126.1,72.3],[126.4,72.4],[127.1,71.9],[127.2,71.4],[127.3,71.9],[126.7,72.4],[127.7,72.3],[128.7,71.8],[129.2,71.8],[129.1,72],[129.5,71.7],[128.8,71.6],[131.1,70.7],[132.2,71.2],[131.9,71.3],[132.7,71.9],[133.7,71.4],[135.9,71.6],[137.9,71.1],[138.2,71.3],[137.8,71.4],[138.1,71.6],[139.9,71.5],[139.3,71.9],[140.2,72.2],[139.1,72.2],[141,72.6],[140.7,72.9],[146.8,72.3],[144.1,72.3],[144.4,72.2],[145.1,72.3],[146.9,72.3],[146,71.8],[146,72],[146.3,72.1],[146,72.1],[145.9,72.2],[145.7,72.3],[145.6,72.2],[145.7,72.2],[145.6,72.1],[145.8,71.9],[145,72],[145.2,71.8],[144.9,71.7],[145.3,71.7],[146.1,71.8],[147.1,72.3],[149.2,72.2],[150.1,71.9],[148.8,71.7],[150.7,71.5],[150,71.2],[151.5,71.3],[152.1,71],[151.7,71],[152.5,70.8],[155.9,71.1],[159.1,70.9],[160,70.4],[159.7,69.8],[161,69.6],[161,69.1],[161.4,69],[161.1,68.6],[160.8,68.5],[161.1,68.6],[161.3,68.8],[161.6,68.9],[161.4,69.4],[164,69.8],[166.9,69.5],[167.8,69.8],[168.3,69.2],[170.6,68.8],[171,69],[170.6,69.6],[170.1,69.6],[170.6,69.8],[170.5,70.1],[173.2,69.8],[176.1,69.9],[180,69],[180,65.1],[178.5,64.6],[178.8,64.7],[177.6,64.7],[176.9,65.1],[176.3,65],[177.3,64.8],[174.4,64.7],[177.5,64.8],[177.6,64.3],[178.4,64.3],[178.8,63.6],[178.3,63.6],[178.7,63.4],[178.8,63.6],[179.4,63.1],[179.2,63],[179.6,62.6],[179.1,62.3],[177,62.9],[177.3,62.6],[172.7,61.4],[173,61.3],[170.6,60.4],[170.2,59.9],[169.2,60.6],[167.1,60.3],[166.1,59.8],[166.3,60.5],[165,60.1],[165.2,60],[164.8,59.8],[164.5,60.1],[164.2,59.9],[163.6,60],[163.2,59.6],[163.2,59.1],[162.9,59.1],[163,59],[161.9,58.1],[162.3,57.7],[162.6,58],[163.2,57.8],[162.7,57.4],[162.8,56.8],[163.2,56.7],[163.4,56.2],[162.6,56.2],[163.1,56.5],[162.4,56.4],[162.6,56.3],[162,56.1],[161.7,55.5],[162.1,54.8],[160,54.1],[159.8,53.5],[160.1,53.1],[158.4,53],[158.6,52.9],[158.3,51.9],[156.7,50.9],[155.5,55.3],[155.9,56.7],[157,57.4],[156.7,57.7],[158.2,58],[161.9,60.4],[163.7,60.9],[164.1,62.3],[165.6,62.5],[164.4,62.7],[163.3,62.5],[163,61.8],[163.3,61.7],[162.4,61.7],[160.1,60.6],[160.4,61],[159.8,60.9],[159.8,61.3],[160.4,61.9],[159.5,61.7],[159.2,61.9],[157.5,61.8],[154.2,59.9],[154.1,59.5],[155.2,59.4],[154.7,59.1],[153.4,59.2],[152.9,58.9],[151.3,58.8],[151.1,59.1],[152.3,59.2],[149.6,59.8],[148.7,59.5],[148.9,59.2],[143.9,59.4],[142.2,59.1],[140.7,58.2],[140.5,57.8],[135.2,54.9],[135.7,54.6],[136.8,54.7],[136.8,53.8],[137.2,53.8],[137.3,54],[137.1,54.1],[137.2,54.2],[137.7,54.3],[137.3,54.1],[137.9,54],[137.3,53.5],[138.6,54],[138.2,53.6],[138.4,53.5],[138.6,54.3],[139.7,54.3],[141.4,53.3],[141.2,53],[140.7,53.1],[141.5,52.2],[140.5,50.7],[140.7,50.1],[140.4,49.9],[140.2,48.4],[135.1,43.5],[133.2,42.7],[132.3,42.8],[132.4,43.3],[131.9,43.1],[132.1,43.3],[131.8,43.3],[131.2,42.6],[130.7,42.7],[130.7,42.3],[130.6,42.4],[130.6,42.4],[130.4,42.7],[131.1,42.9],[131.3,43.4],[130.9,44.8],[131.9,45.3],[133.1,45.1],[133.9,46.3],[134.2,47.3],[134.8,47.7],[134.7,48.3],[133.1,48.1],[132.5,47.7],[131,47.7],[130.5,48.6],[130.7,48.9],[127.5,49.8],[127.6,50.2],[126.1,52.8],[123.4,53.5],[120.9,53.3],[120,52.8],[120.7,52.5],[120.8,52.1],[119.1,50.4],[119.4,50.3],[119.2,50],[117.9,49.5],[116.7,49.8],[114.3,50.3],[113.1,49.6],[110.8,49.1],[108.6,49.3],[107.9,49.7],[108,49.9],[106.7,50.3],[102.9,50.3],[102.3,50.6],[102.2,51.3],[98.9,52.1],[97.8,51],[98.3,50.3],[97.3,49.7],[94.6,50],[94.3,50.6],[92.3,50.8],[87.8,49.2],[87.3,49.1],[86.6,49.6],[86.8,49.8],[86.2,49.5],[85.3,49.6],[85,50.1],[84.4,50.2],[83.5,51],[81.5,50.7],[80.7,51.3],[80.1,50.8],[77.9,53.3],[76.5,54],[76.8,54.4],[74.4,53.5],[73.4,53.4],[73.2,53.6],[73.8,54.1],[72.6,54.1],[72.5,53.9],[72.1,54.4],[72.2,54.1],[71.2,54.1],[71,54.3],[71.3,54.7],[70.8,55.3],[69.2,55.3],[65.5,54.6],[65.2,54.3],[63.2,54.2],[62.5,53.9],[61,53.9],[61.2,53.8],[60.9,53.6],[61.6,53.5],[61.2,53.3],[62.1,53],[61.1,53],[60.7,52.7],[61.1,52.3],[60,52],[61.7,51.3],[61.4,50.8],[60,50.9],[59.5,50.5],[58.3,51.2],[57.5,50.9],[56.5,51.1],[55.7,50.5],[54.6,51],[54.5,50.5],[54.5,50.9],[53.4,51.5],[52.6,51.5],[52.3,51.8],[51.3,51.5],[50.8,51.8],[48.7,50.6],[48.8,49.9],[48.3,49.9],[47.5,50.4],[46.9,49.9],[46.8,49.3],[47.1,49.1],[46.5,48.4],[47.1,48.3],[47.4,47.7],[48.2,47.7],[49,46.8],[48.6,46.6],[49.2,46.3],[48.6,46.1],[48.7,45.8],[48.6,46],[47.8,45.7],[47.6,45.8],[47.6,45.6],[47.4,45.7],[47.6,45.6],[46.7,44.5],[47.4,44],[47.4,43.5],[47.7,43.9],[47.5,43],[48.6,41.8],[47.8,41.2],[46.6,41.9],[46.5,41.9],[44.9,42.8],[43.9,42.6],[42.8,43.2],[40.3,43.6],[40,43.4],[38.8,44.3],[36.6,45.2],[37,45.3],[36.8,45.4],[37.7,45.3],[37.6,45.6],[37.9,46],[38.6,46.1],[37.7,46.7],[38.6,46.7],[38.4,46.8],[39.3,47.1],[38.2,47.1],[38.3,47.6],[38.9,47.9],[39.8,47.9],[40,48.3],[39.7,48.6],[40.1,48.9],[39.7,49],[40.2,49.2],[40.1,49.6],[38.3,50.1],[38,49.9],[37.5,50.4],[35.6,50.4],[35.4,51],[34.4,51.3],[34.1,51.7],[34.4,51.8],[33.8,52.4],[33.4,52.4],[31.8,52.1],[31.3,53],[32.7,53.5],[31.8,53.8],[31.8,54.1],[30.8,54.8],[31,55],[30.9,55.6],[28.2,56.2],[27.7,56.9],[27.9,57.3],[27.4,57.5],[27.8,57.9],[27.4,58.8],[28.2,59.3],[28,59.5],[28.1,59.8],[30.2,60],[28.6,60.4],[28.7,60.7],[27.8,60.5],[31.6,62.9],[30,63.7],[30.6,64.2],[29.6,64.9],[29.8,65.7],[30.1,65.7],[29.1,66.9],[30,67.7],[28.7,68.2],[28.5,68.5],[28.8,68.8],[28.4,68.9],[29,69.1],[30.1,69.7],[30.9,69.5],[30.9,69.8],[33.1,69.7],[32,69.6],[33,69.5],[32.8,69.3],[33.5,69.4],[33,69],[33.7,69.3],[36,69.2],[41,67.7],[41.4,67.1],[41.2,66.8],[40.1,66.3],[38.6,66.1],[31.9,67.2],[33.7,66.4],[33.3,66.3],[34.8,65.9],[35,65.7],[34.7,65.8],[34.7,65.5],[34.4,65.4],[34.9,64.8],[34.8,64.5],[37.4,63.8],[38.1,64],[38,64.3],[37.1,64.4],[36.4,64.9],[37,65.2],[38.4,64.9],[38,64.6],[40.5,64.5],[39.8,65.6],[42.2,66.5],[43.3,66.4],[43.7,66.2],[43.4,66],[43.9,66.2],[44.2,65.9],[44.5,66.9],[43.8,67.3],[44.2,68.3],[43.3,68.7],[45.9,68.5],[46.5,68.1],[46.7,67.8],[45.4,67.7],[44.9,67.4],[46.6,66.9],[46.4,66.7],[47.7,67],[48,67.7],[49.1,67.6],[48.6,67.9],[52.1,68.5],[52.3,68.3],[52.7,68.5],[52.3,68.6],[53.8,69],[54.6,69],[53.6,68.9],[54,68.9],[53.7,68.7],[53.9,68.4],[53.2,68.3],[54.8,68.2],[55.3,68.6],[57.3,68.6],[58.9,69],[59.4,68.7],[59.1,68.4],[59.8,68.4],[59.8,68.7],[60.9,68.9],[60.1,69.6],[60.9,69.9],[64.2,69.5],[65,69.3],[64.8,69.1],[67.1,68.8],[67,68.8],[67.2,68.7],[68.2,68.4],[68.3,68.2],[68.4,68.2],[69.2,69],[68.5,69],[68.1,69.5],[67,69.7],[67,69.5],[66.8,69.6],[66.9,70],[67.3,70.1],[67.1,70.2],[67.3,70.8],[66.7,70.8],[66.9,71.1],[66.6,71.1],[68.5,71.8],[69.3,72.9],[71.6,72.9],[72.8,72.7],[72.9,72.3],[71.8,71.5],[72.8,70.9],[72.8,70.4],[72.4,70.3],[72.7,69.8],[72.6,69],[73.6,68.5],[73.1,68.2],[73,67.7],[72,67.3],[72.2,67.2],[71.4,67],[71.6,66.6],[70.7,66.5],[70.3,66.6],[70.7,66.8],[69,66.8],[69.4,66.5],[72,66.2],[73.8,67],[73.9,67.3],[74.7,67.7],[74.7,68.1],[74.3,68.4],[74.6,68.8],[76.6,69],[77.3,68.5],[77.1,67.8],[79,67.6],[77.5,67.8],[77.6,68.1],[78.2,68.3],[77.6,68.9],[76,69.2],[73.7,69.2],[73.9,69.4],[73.5,69.8],[74.3,70.7],[73,71.4],[73.5,71.8],[75,72.1],[74.8,72.8],[75.7,72.6],[75.2,71.4],[76.9,71.1],[79.1,71],[76.3,71.6],[76.1,71.9],[78.1,71.9],[77.4,72.1],[78.5,72.4],[81.7,71.7],[83.3,71.7],[82.3,71.3],[82.4,70.8],[82.1,70.6],[82.3,70.2],[82.2,70.6],[83.1,70.9],[82.6,70.2],[83.1,70.1],[83.2,70.1],[83.1,70.2],[83,70.3],[83.5,70.3],[83.7,70.5],[83.1,71.2],[83.6,71.6],[82.2,72.3],[80.7,72.5],[80.8,73],[80.2,73.2],[80.6,73.2],[80.2,73.3],[80.5,73.6],[87.1,73.9],[85.8,73.5],[86.8,73],[85.8,73.5],[87.7,73.9],[86,74.3],[87.1,74.4],[85.8,74.6],[86,74.8],[86.9,74.6],[87.4,74.9],[87.2,75],[87.8,75],[87,75.2],[94.2,75.9],[92.9,75.9],[93.2,76.1],[96.2,76.1],[95.7,75.9],[99.3,76.2],[99.8,76],[99.1,75.6],[100.2,75.2],[99.2,75.6],[99.9,76.1],[98.8,76.5],[102.2,76.4],[100.9,76.6],[101.2,76.8],[100.8,76.9],[103.1,77.6],[104.3,77.7]],[[86.9,73.7],[86.4,73.6],[86.7,73.6],[86.9,73.7]],[[40.3,64.9],[40.3,64.9],[40.2,65],[40.3,64.9]],[[55.3,73.3],[56.6,73.1],[55.6,73],[56.3,73],[55.4,72.8],[55.9,72.7],[55.1,72.4],[55.6,72.2],[55.2,71.9],[56.2,71.2],[57.6,70.7],[55.2,70.6],[53.5,70.8],[53.7,70.9],[53.5,71.1],[54.2,71.1],[53.5,71.3],[53.9,71.5],[53.5,71.3],[53.4,71.6],[51.8,71.5],[51.4,71.7],[51.6,72.1],[52.4,72.1],[53.1,72.6],[52.7,72.6],[53.2,72.6],[52.4,72.7],[53.4,72.9],[53.2,73.2],[54.9,73.4],[55.3,73.3]],[[124.5,73.9],[124.3,73.9],[124.7,73.9],[124.5,73.9]],[[86.5,73.9],[86.2,74],[86.3,74],[86.5,73.9]],[[116.1,74.3],[115.9,74.3],[116.1,74.4],[116.1,74.3]],[[59,74.3],[58.9,74.4],[59.1,74.4],[59,74.3]],[[82.6,74],[82.3,74.1],[82.7,74.1],[82.6,74]],[[83.6,74.1],[82.8,74.1],[83.2,74.1],[83.6,74.1]],[[135.6,74.2],[136.3,73.9],[135.4,74.3],[135.6,74.2]],[[84.4,74],[84.4,74],[83.9,74],[84.4,74]],[[141,74],[140.1,74.1],[140.9,74.3],[141,74]],[[85.5,74.1],[85.4,74.2],[85.7,74.2],[85.5,74.1]],[[112.7,74.5],[113.4,74.4],[112.8,74.1],[111.5,74.3],[112.7,74.5]],[[128.1,73.5],[127.4,73.5],[127.7,73.5],[128.1,73.5]],[[76.4,73.5],[76.8,73.4],[76.1,73.5],[76.4,73.5]],[[80.4,73.5],[80.1,73.6],[80.4,73.5],[80.4,73.5]],[[142.2,73.9],[143.4,73.5],[143.5,73.2],[139.7,73.4],[142.2,73.9]],[[71,73.5],[71.3,73.4],[71,73.3],[71.7,73.2],[69.9,73],[70,73.4],[71,73.5]],[[71.3,73.3],[71.1,73.3],[71.3,73.4],[71.3,73.3]],[[127.3,73.5],[129.1,73.1],[126.6,72.5],[126.5,72.4],[126.3,72.5],[126.4,72.8],[126.3,72.9],[126.8,73.1],[126.7,73.4],[127.3,73.5]],[[124.6,73.7],[125.6,73.4],[126.3,73.5],[126.2,73.4],[126.7,73.1],[126.3,72.9],[126.4,72.8],[126.2,72.5],[126.3,72.4],[126.1,72.3],[124.8,72.7],[122.4,73],[123.7,73.2],[123.2,73.4],[123.4,73.7],[124.6,73.7]],[[76.1,73.6],[75.3,73.4],[75.6,73.5],[76.1,73.6]],[[86.2,74.5],[85.7,74.5],[85.8,74.6],[86.2,74.5]],[[79.4,74.6],[79.6,74.6],[79.1,74.6],[79.4,74.6]],[[84.9,74.5],[84.7,74.4],[84.4,74.4],[84.9,74.5]],[[85.4,74.5],[85.1,74.5],[85.7,74.5],[85.4,74.5]],[[147,75.3],[151,75.1],[148.7,74.8],[146.1,75.2],[146.4,75.6],[147,75.3]],[[135.7,75.4],[135.4,75.4],[135.7,75.8],[136.2,75.6],[135.7,75.4]],[[140.7,75.7],[140.5,75.7],[140.8,75.7],[140.7,75.7]],[[85.7,74.8],[85.7,74.7],[85.1,74.7],[85.7,74.8]],[[87,75],[86.8,74.8],[86.2,74.9],[87,75]],[[82.2,75.1],[82,75.1],[82.1,75.2],[82.2,75.1]],[[82.1,75.4],[82.3,75.3],[82,75.2],[81.5,75.4],[82.1,75.4]],[[59.2,75.9],[59,75.9],[59.3,75.9],[59.2,75.9]],[[58.8,75.9],[58.7,75.9],[59.3,76],[58.8,75.9]],[[81.6,75.9],[82.3,75.9],[81.6,75.9],[81.6,75.9]],[[152.7,76.1],[152.5,76.2],[152.8,76.2],[152.7,76.1]],[[139.2,76.1],[140.5,75.6],[141.1,75.6],[141,76],[141.6,76],[141.4,76.2],[145.4,75.5],[143.9,75],[142.9,75.1],[142.5,75.5],[143,75.7],[142.4,75.7],[142.2,75.4],[142.6,75.1],[143.7,74.9],[139.6,75],[139.1,74.6],[136.9,75.3],[137.4,75.4],[137,75.6],[137.7,75.7],[137.4,76],[139.2,76.1]],[[68.3,77],[68.9,76.8],[68.9,76.5],[61.3,75.3],[59.9,75],[60.7,74.9],[60.3,74.8],[59.5,74.8],[59.8,74.6],[59.2,74.7],[59.1,74.4],[58.2,74.6],[58.7,74.3],[58.1,74],[57.3,74.1],[57.9,73.9],[57.7,73.7],[56.6,73.9],[57.6,73.7],[56.7,73.7],[57.3,73.5],[56.8,73.2],[55.9,73.4],[56,73.3],[55,73.4],[54.2,73.3],[55.2,73.7],[53.6,73.8],[55.9,74.1],[55.1,74.3],[56.3,74.5],[55.6,74.7],[57,74.7],[55.8,74.8],[56.7,75],[55.8,75.1],[57.7,75.3],[57.5,75.5],[58.2,75.6],[58,75.7],[60.8,76],[61.1,76.3],[64.1,76.3],[68.3,77]],[[83,76],[83.3,75.9],[82.3,76],[83,76]],[[60.5,76.2],[59.9,76.1],[60,76.2],[60.5,76.2]],[[96.8,76],[96.7,76],[97.3,76.1],[96.8,76]],[[140.9,76.1],[140.8,76.1],[141.1,76.1],[140.9,76.1]],[[113.4,76.4],[113.1,76.4],[113.3,76.4],[113.4,76.4]],[[95,76.3],[94.8,76.2],[94.4,76.2],[95,76.3]],[[96.4,76.3],[96.6,76.2],[95.3,76.2],[96.4,76.3]],[[95.2,76.2],[95,76.2],[95.1,76.2],[95.2,76.2]],[[97,76.3],[96.7,76.2],[96.8,76.3],[97,76.3]],[[96.8,76.3],[96.7,76.3],[96.4,76.3],[96.8,76.3]],[[156.6,77.1],[156.4,77.1],[156.7,77.1],[156.6,77.1]],[[106.4,77.3],[106.3,77.3],[106.5,77.3],[106.4,77.3]],[[106.6,77.4],[106.5,77.4],[106.9,77.5],[106.6,77.4]],[[82.6,77.5],[82.1,77.5],[82.4,77.5],[82.6,77.5]],[[89.7,77.3],[89.5,77.2],[89.1,77.2],[89.7,77.3]],[[105.9,77.3],[105.8,77.3],[106,77.3],[105.9,77.3]],[[107.6,77.3],[107.2,77.2],[107.7,77.3],[107.6,77.3]],[[96.6,77.1],[96.2,77],[95.2,77],[96.6,77.1]],[[88.7,77.1],[89,77.1],[88.8,77],[88.7,77.1]],[[90.2,77.1],[90,77.1],[89.8,77.1],[90.2,77.1]],[[92,77.6],[91.7,77.6],[92,77.6],[92,77.6]],[[112.5,76.6],[112.7,76.5],[112,76.6],[112.5,76.6]],[[94.4,76.6],[93.9,76.6],[94,76.6],[94.4,76.6]],[[149.3,76.8],[149.2,76.7],[148.4,76.6],[149.3,76.8]],[[97.9,76.8],[97.7,76.8],[97.9,76.8],[97.9,76.8]],[[97.5,76.6],[97.3,76.6],[97.4,76.7],[97.5,76.6]],[[96.5,76.7],[96.2,76.6],[95.9,76.6],[96.5,76.7]],[[95.1,76.7],[95.3,76.7],[94.8,76.6],[95.1,76.7]],[[95.6,76.7],[95.4,76.7],[95.8,76.7],[95.6,76.7]]]},"properties":{"iso2":"RU","name":"Russia"}},{"type":"Feature","geometry":{"type":"Polygon","coordinates":[[[30,-2.3],[29.9,-2.8],[29,-2.7],[28.9,-2.4],[29.6,-1.4],[30,-1.5],[30.5,-1.1],[30.9,-2.1],[30.6,-2.4],[30,-2.3]]]},"properties":{"iso2":"RW","name":"Rwanda"}},{"type":"Feature","geometry":{"type":"Polygon","coordinates":[[[42,16.7],[41.8,16.9],[42.2,16.6],[42,16.7]],[[42,16.8],[41.8,16.9],[41.8,17],[42,16.8]],[[37.1,25],[37,25],[37,25],[37.1,25]],[[35.8,27.1],[35.8,27.1],[35.7,27.1],[35.8,27.1]],[[49.5,27.4],[49.6,27.3],[49.5,27.3],[49.5,27.4]],[[34.6,27.9],[34.5,28],[34.5,28],[34.6,27.9]],[[44.7,29.2],[46.5,29.1],[47.5,29],[47.7,28.5],[48.4,28.5],[48.8,27.6],[50.2,26.7],[50,26],[50.8,24.7],[51.2,24.6],[51.6,24.3],[52.6,22.9],[55.2,22.7],[55.7,22],[55,20],[52,19],[48.8,18.3],[46.3,15.6],[46.3,16.7],[44.5,17.4],[43.3,17.5],[43.2,16.7],[42.8,16.4],[40.8,19.8],[39.2,21.1],[39.1,22.6],[38.5,23.8],[37.4,24.4],[37.2,25.2],[35.2,28.1],[34.6,28.1],[35,29.4],[36.1,29.2],[36.7,29.9],[37.5,30],[38,30.5],[37,31.5],[39.2,32.2],[40.4,31.9],[42.1,31.1],[44.7,29.2]]]},"properties":{"iso2":"SA","name":"Saudi Arabia"}},{"type":"Feature","geometry":{"type":"Polygon","coordinates":[[[-62.6,17.1],[-62.6,17.1],[-62.6,17.2],[-62.6,17.1]],[[-62.7,17.3],[-62.6,17.2],[-62.9,17.4],[-62.7,17.3]]]},"properties":{"iso2":"KN","name":"Saint Kitts and Nevis"}},{"type":"Feature","geometry":{"type":"Polygon","coordinates":[[[46.5,-9.8],[46.5,-9.7],[46.5,-9.7],[46.5,-9.8]],[[46.5,-9.4],[46.3,-9.5],[46.2,-9.4],[46.5,-9.4]],[[46.4,-9.4],[46.3,-9.3],[46.4,-9.3],[46.4,-9.4]],[[56.3,-7.1],[56.2,-7.2],[56.3,-7.1],[56.3,-7.1]],[[55.5,-4.8],[55.4,-4.6],[55.5,-4.6],[55.5,-4.8]],[[55.2,-4.5],[55.2,-4.4],[55.3,-4.5],[55.2,-4.5]],[[55.8,-4.3],[55.7,-4.3],[55.8,-4.3],[55.8,-4.3]]]},"properties":{"iso2":"SC","name":"Seychelles"}},{"type":"Feature","geometry":{"type":"Polygon","coordinates":[[[37.9,-47],[37.6,-46.9],[37.8,-46.8],[37.9,-47]],[[38,-46.7],[37.9,-46.6],[37.9,-46.6],[38,-46.7]],[[29.9,-22.2],[31.3,-22.4],[32,-24.5],[32,-26],[31.3,-25.8],[30.9,-26.3],[30.8,-26.8],[31.2,-27.2],[32,-27.3],[32.1,-26.8],[32.9,-26.8],[32.4,-28.5],[31.3,-29.4],[30,-31.3],[27.9,-33],[26.5,-33.8],[25.7,-33.8],[25.7,-34],[22.5,-34],[20,-34.8],[18.8,-34.4],[18.8,-34.1],[18.4,-34.3],[18.4,-33.7],[17.8,-32.8],[18.3,-32.6],[18.3,-31.9],[16.5,-28.6],[17.1,-28],[17.4,-28.7],[18.2,-28.9],[19.1,-29],[20,-28.4],[20,-24.8],[20.8,-25.9],[20.6,-26.8],[21.7,-26.9],[22.6,-26.1],[23,-25.3],[24.7,-25.8],[25.5,-25.7],[25.9,-24.7],[26.8,-24.3],[27,-23.8],[28.3,-22.6],[29.4,-22.2],[29.9,-22.2]],[[28.6,-28.6],[27,-29.6],[27.6,-30.4],[28.1,-30.7],[28.4,-30.2],[29.2,-29.9],[29.4,-29.3],[28.6,-28.6]]]},"properties":{"iso2":"ZA","name":"South Africa"}},{"type":"Feature","geometry":{"type":"Polygon","coordinates":[[[27.6,-30.4],[27,-29.6],[28.6,-28.6],[29.4,-29.3],[29.2,-29.9],[28.4,-30.2],[28.1,-30.7],[27.6,-30.4]]]},"properties":{"iso2":"LS","name":"Lesotho"}},{"type":"Feature","geometry":{"type":"Polygon","coordinates":[[[27,-23.8],[26.8,-24.3],[25.9,-24.7],[25.5,-25.7],[24.7,-25.8],[23,-25.3],[22.6,-26.1],[21.7,-26.9],[20.6,-26.8],[20.8,-25.9],[20,-24.8],[20,-22],[21,-22],[21,-18.3],[23.3,-18],[23.6,-18.5],[24.4,-17.9],[25.3,-17.8],[26.2,-19.5],[27.2,-20.1],[27.3,-20.5],[27.7,-20.5],[28,-21.6],[29.1,-21.8],[29.4,-22.2],[28.3,-22.6],[27,-23.8]]]},"properties":{"iso2":"BW","name":"Botswana"}},{"type":"Feature","geometry":{"type":"Polygon","coordinates":[[[-17.1,14.6],[-17.5,14.8],[-16.9,15.2],[-16.5,16.1],[-16.3,16.5],[-14.3,16.6],[-12.2,14.8],[-12.1,13.7],[-11.4,13],[-11.4,12.4],[-12.3,12.3],[-13.7,12.7],[-14.5,12.7],[-16.7,12.3],[-16.6,12.6],[-15.6,12.5],[-15.4,12.8],[-15.7,12.6],[-16.6,12.8],[-16.8,12.6],[-16.8,13.1],[-15.8,13.2],[-15.8,13.3],[-15.3,13.4],[-15.1,13.6],[-14.4,13.2],[-13.8,13.4],[-15.1,13.8],[-16.6,13.6],[-16.5,14],[-16.7,14],[-16.4,14.2],[-16.8,14],[-17.1,14.6]]]},"properties":{"iso2":"SN","name":"Senegal"}},{"type":"Feature","geometry":{"type":"Polygon","coordinates":[[[13.7,46.5],[14.5,46.4],[16.1,46.9],[16.6,46.5],[16.6,46.5],[15.7,46.2],[15.7,45.8],[15.2,45.4],[14.6,45.7],[13.6,45.5],[13.7,45.6],[13.9,45.6],[13.5,46],[13.7,46.2],[13.4,46.3],[13.7,46.5]]]},"properties":{"iso2":"SI","name":"Slovenia"}},{"type":"Feature","geometry":{"type":"Polygon","coordinates":[[[-12.5,7.4],[-13,7.6],[-12.6,7.6],[-12.5,7.4]],[[-11.2,10],[-10.6,9.1],[-10.7,8.3],[-10.3,8.5],[-11.5,6.9],[-13,7.9],[-13.3,8.5],[-13.1,8.4],[-13.1,8.5],[-12.9,8.6],[-13.2,8.5],[-13.2,8.8],[-13.1,8.9],[-13.3,9],[-12.5,9.9],[-11.2,10]]]},"properties":{"iso2":"SL","name":"Sierra Leone"}},{"type":"Feature","geometry":{"type":"Polygon","coordinates":[[[104,1.4],[103.6,1.3],[103.7,1.4],[104,1.4]]]},"properties":{"iso2":"SG","name":"Singapore"}},{"type":"Feature","geometry":{"type":"Polygon","coordinates":[[[42.9,11],[43.2,11.5],[44.3,10.4],[44.9,10.4],[45.8,10.9],[46.4,10.7],[47.4,11.2],[50.1,11.5],[50.8,12],[51.3,11.8],[51,10.4],[51.4,10.5],[50.9,10.3],[50.8,9.4],[48,4.5],[46,2.4],[43.5,0.6],[41.6,-1.7],[41,-0.9],[41,2.8],[41.9,4],[43.7,4.9],[45,4.9],[48,8],[47,8],[44,9],[42.8,10.2],[42.7,10.6],[42.9,11]]]},"properties":{"iso2":"SO","name":"Somalia"}},{"type":"Feature","geometry":{"type":"Polygon","coordinates":[[[-17.9,27.8],[-18,27.6],[-18.2,27.7],[-17.9,27.8]],[[-15.6,27.8],[-15.7,28.2],[-15.4,28],[-15.6,27.8]],[[-17.2,28],[-17.3,28.2],[-17.1,28.1],[-17.2,28]],[[-16.3,28.4],[-16.7,28],[-16.9,28.3],[-16.2,28.6],[-16.3,28.4]],[[-14.3,28],[-13.9,28.8],[-13.9,28.2],[-14.3,28]],[[-17.8,28.5],[-17.9,28.8],[-17.7,28.7],[-17.8,28.5]],[[-13.6,28.9],[-13.9,28.9],[-13.4,29.2],[-13.6,28.9]],[[-2.9,35.3],[-2.9,35.3],[-2.9,35.3],[-2.9,35.3]],[[-5.3,35.9],[-5.3,35.8],[-5.4,35.9],[-5.3,35.9]],[[-3,35.9],[-3.1,35.9],[-3,35.9],[-3,35.9]],[[1.6,38.7],[1.4,38.6],[1.4,38.7],[1.6,38.7]],[[1.5,39],[1.2,38.9],[1.5,39.1],[1.5,39]],[[3.2,39.7],[3.5,39.7],[3.1,39.3],[2.4,39.6],[3,39.9],[3.2,39.7]],[[4.3,40],[4.3,39.8],[3.8,40],[4.3,40]],[[-7.9,43.8],[-7,43.5],[-1.8,43.4],[-0.6,42.8],[1.4,42.6],[1.7,42.5],[3.2,42.4],[3.2,41.9],[1,41],[0,40],[-0.3,39.4],[0.2,38.7],[-0.5,38.3],[-0.7,37.6],[-1.6,37.4],[-2.1,36.7],[-4.4,36.7],[-5.3,36.2],[-5.4,36.2],[-6,36.2],[-6.4,36.9],[-7.4,37.3],[-7.4,37.7],[-6.9,38.2],[-7.3,38.4],[-7,39],[-7.5,39.7],[-7,39.7],[-6.9,41],[-6.2,41.6],[-6.6,42],[-8.2,41.9],[-8.2,42.2],[-8.7,42],[-8.9,42.1],[-8.6,42.4],[-8.9,42.3],[-8.7,42.7],[-9,42.5],[-9.2,43.2],[-7.9,43.8]],[[-6.9,37.2],[-7,37.2],[-7,37.2],[-6.9,37.2]]]},"properties":{"iso2":"ES","name":"Spain (Mainland)"}},{"type":"Feature","geometry":{"type":"Polygon","coordinates":[[[-61,13.7],[-61.1,13.9],[-60.9,14.1],[-61,13.7]]]},"properties":{"iso2":"LC","name":"St. Lucia"}},{"type":"Feature","geometry":{"type":"Polygon","coordinates":[[[16.8,56.8],[16.4,56.2],[17.1,57.3],[16.8,56.8]],[[18.2,56.9],[18.1,57.5],[19,57.9],[18.2,56.9]],[[19.3,58],[19.1,57.8],[19,57.9],[19.3,58]],[[11.6,57.9],[11.5,58],[11.7,58],[11.6,57.9]],[[16.8,58.1],[16.8,58.1],[16.8,58.1],[16.8,58.1]],[[11.8,58.1],[11.4,58.1],[11.7,58.3],[11.8,58.1]],[[19.2,58.3],[19.2,58.4],[19.3,58.4],[19.2,58.3]],[[17.7,58.9],[17.6,59],[17.7,59.1],[17.7,58.9]],[[18.4,59],[18.4,59],[18.5,59.1],[18.4,59]],[[18.5,59.2],[18.4,59.3],[18.6,59.3],[18.5,59.2]],[[17.8,59.3],[17.6,59.4],[17.8,59.4],[17.8,59.3]],[[17.7,59.3],[17.8,59.3],[17.6,59.3],[17.5,59.4],[17.7,59.3]],[[17.3,59.4],[17.1,59.5],[17.3,59.4],[17.3,59.4]],[[18.6,59.4],[18.6,59.5],[18.7,59.5],[18.6,59.4]],[[18.6,60.3],[18.4,60.4],[18.4,60.5],[18.6,60.3]],[[17.5,62.4],[17.4,62.5],[17.5,62.5],[17.5,62.4]],[[18.1,62.7],[18,62.7],[18.2,62.7],[18.1,62.7]],[[20.9,63.8],[20.8,63.8],[20.9,63.8],[20.9,63.8]],[[21.8,68.6],[23.7,67.9],[23.4,67.5],[23.8,67.4],[23.6,67.2],[24,66.8],[23.7,66.3],[24.2,65.8],[22.6,65.9],[22.3,65.8],[22.4,65.5],[21.8,65.7],[22.2,65.5],[21.3,65.3],[21.6,65.1],[21,64.8],[21.6,64.4],[20.8,63.9],[19.4,63.5],[18.2,62.8],[17.7,63],[18,62.6],[17.3,62.5],[17.7,62.2],[17.3,61.9],[17.5,61.6],[17.1,61.7],[17.2,60.9],[19.1,59.8],[17.9,59.3],[17.8,59.4],[17.8,59.5],[17.7,59.7],[17.6,59.7],[17.6,59.7],[17.7,59.7],[17.6,59.8],[17.4,59.7],[17.5,59.6],[17.5,59.7],[17.6,59.7],[17.6,59.7],[17.8,59.5],[17.7,59.4],[17.4,59.7],[16,59.5],[16.9,59.4],[16.7,59.5],[16.8,59.5],[17.4,59.2],[17.4,59.3],[17.8,59.3],[18.3,59.4],[18.5,59.3],[18.4,59.4],[18.6,59.3],[18.3,59.3],[18.3,59.1],[17.9,58.9],[17.7,59.2],[17.3,58.8],[16.2,58.6],[16.9,58.5],[16.4,58.5],[16.8,58.2],[16.6,58],[16.8,57.9],[16.5,58],[16.7,57.7],[16.4,57.9],[16.7,57.5],[15.9,56.1],[14.7,56.2],[14.2,55.8],[14.2,55.4],[13,55.4],[13.1,55.7],[12.5,56.3],[12.8,56.2],[12.6,56.4],[12.9,56.6],[11.7,57.7],[11.9,58.2],[11.8,58.3],[11.2,58.4],[11.1,59],[11.4,59],[11.8,59.1],[11.8,59.8],[12.5,60.1],[12.6,60.5],[12.2,61],[12.9,61.4],[12.1,61.7],[12.3,62.3],[11.9,63.3],[12.1,63.6],[12.9,64.1],[14,64],[14.1,64.5],[13.7,64.6],[14.5,65.3],[14.5,66.1],[15.5,66.3],[15.4,66.5],[16.4,67],[16.1,67.4],[16.7,67.9],[17.9,67.9],[18.1,68.5],[19.9,68.3],[20.4,68.8],[20.1,69],[20.6,69.1],[21.8,68.6]]]},"properties":{"iso2":"SE","name":"Sweden"}},{"type":"Feature","geometry":{"type":"Polygon","coordinates":[[[42.4,37.1],[41.3,36.4],[41,34.4],[38.8,33.4],[36.8,32.3],[35.6,32.7],[35.6,33.2],[36.6,34.2],[36.5,34.6],[36,34.6],[35.7,35.6],[35.9,35.9],[36.7,36.2],[36.7,36.8],[39.2,36.7],[40.8,37.1],[42.4,37.1]]]},"properties":{"iso2":"SY","name":"Syria"}},{"type":"Feature","geometry":{"type":"Polygon","coordinates":[[[7.7,47.5],[8.6,47.6],[8.6,47.8],[9.6,47.5],[9.5,47.3],[9.5,47.1],[9.6,47.1],[10.5,46.9],[10.5,46.5],[10.1,46.5],[10.1,46.2],[9.3,46.5],[9,45.8],[8.4,46.5],[7.9,45.9],[7,45.9],[6.8,46.4],[6,46.2],[7,47.5],[7.6,47.6],[7.7,47.5]],[[8.7,47.7],[8.7,47.7],[8.7,47.7],[8.7,47.7]]]},"properties":{"iso2":"CH","name":"Switzerland"}},{"type":"Feature","geometry":{"type":"Polygon","coordinates":[[[-60.9,10.8],[-61,10.1],[-61.9,10],[-61.5,10.3],[-61.7,10.7],[-60.9,10.8]],[[-60.6,11.2],[-60.8,11.2],[-60.5,11.3],[-60.6,11.2]]]},"properties":{"iso2":"TT","name":"Trinidad and Tobago"}},{"type":"Feature","geometry":{"type":"Polygon","coordinates":[[[99.2,6.5],[99.2,6.5],[99.3,6.6],[99.2,6.5]],[[99.7,6.5],[99.6,6.6],[99.7,6.7],[99.7,6.5]],[[100.5,7.2],[100.5,7.2],[100.5,7.2],[100.5,7.2]],[[99.4,7.2],[99.4,7.3],[99.4,7.2],[99.4,7.2]],[[99.1,7.5],[99,7.5],[99,7.6],[99.1,7.5]],[[99.1,7.6],[99,7.7],[99.1,7.7],[99.1,7.6]],[[98.4,7.9],[98.4,7.9],[98.4,7.9],[98.4,7.9]],[[98.6,7.9],[98.5,8.1],[98.6,8],[98.6,7.9]],[[98.4,7.9],[98.3,7.8],[98.3,8.2],[98.4,7.9]],[[98.6,8.1],[98.6,8.1],[98.6,8.2],[98.6,8.1]],[[98.3,9],[98.3,9.2],[98.3,9.1],[98.3,9]],[[97.9,9.4],[97.8,9.4],[97.8,9.4],[97.9,9.4]],[[97.9,9.4],[97.8,9.5],[97.9,9.5],[97.9,9.4]],[[99.7,9.5],[99.7,9.5],[99.7,9.5],[99.7,9.5]],[[98.5,9.6],[98.5,9.6],[98.5,9.6],[98.5,9.6]],[[100,9.4],[99.9,9.5],[100.1,9.6],[100,9.4]],[[99.7,9.6],[99.7,9.6],[99.7,9.6],[99.7,9.6]],[[98.4,9.7],[98.4,9.7],[98.4,9.8],[98.4,9.7]],[[100.1,9.7],[100,9.7],[100,9.8],[100.1,9.7]],[[102.6,11.6],[102.5,11.6],[102.6,11.8],[102.6,11.6]],[[102.4,12],[102.3,12],[102.3,12.2],[102.4,12]],[[102.2,12.3],[102.2,12.3],[102.2,12.3],[102.2,12.3]],[[100.7,12.9],[100.7,12.9],[100.7,13],[100.7,12.9]],[[100.8,13.1],[100.8,13.2],[100.8,13.2],[100.8,13.1]],[[100.1,20.3],[100.1,20.3],[100.6,20.2],[100.5,19.5],[101.3,19.6],[100.9,17.6],[101.2,17.5],[102.1,18.2],[102.7,17.8],[103.4,18.4],[104,18.3],[104.7,17.5],[104.7,16.5],[105.6,15.7],[105.5,14.6],[105.2,14.3],[103.2,14.3],[102.4,13.6],[102.9,11.6],[102.1,12.6],[100.9,12.7],[101,13.5],[100.1,13.4],[100,12.2],[99.1,10.4],[99.2,9.3],[99.8,9.3],[100.4,7.2],[101.5,6.9],[102.1,6.2],[101.8,5.7],[101.6,5.9],[101.1,5.6],[101.1,6.2],[100.7,6.4],[100.2,6.7],[100.1,6.4],[98.7,8.4],[98.3,8.3],[98.7,10.3],[99.7,11.8],[99.1,13.1],[99.2,13.7],[98.2,15.1],[98.9,16.4],[98.7,16.3],[97.3,18.6],[97.8,18.6],[98,19.8],[99,19.8],[99.5,20.4],[100.1,20.3]]]},"properties":{"iso2":"TH","name":"Thailand"}},{"type":"Feature","geometry":{"type":"Polygon","coordinates":[[[74.9,37.2],[73.3,37.5],[71.7,36.7],[71.4,37.1],[71.6,37.9],[71.3,37.9],[71.4,38.2],[71,38.5],[70.2,37.9],[70.2,37.5],[69.5,37.6],[69.3,37.1],[68.9,37.3],[68.1,36.9],[67.8,37.2],[68.4,38.2],[68.1,39],[67.4,39.2],[67.4,39.5],[68.5,39.6],[69,40.1],[68.6,40.2],[69.3,40.2],[69.4,40.8],[69.7,40.6],[70.4,41],[70.8,40.7],[70.4,40.4],[71,40.2],[70.5,39.9],[69.5,40.1],[69.3,39.5],[71,39.4],[71.5,39.6],[72.2,39.2],[73.7,39.5],[73.8,38.6],[74.9,38.5],[74.9,37.6],[75.2,37.4],[74.9,37.2]]]},"properties":{"iso2":"TJ","name":"Tajikistan"}},{"type":"Feature","geometry":{"type":"Polygon","coordinates":[[[-171.2,-9.4],[-171.2,-9.4],[-171.2,-9.3],[-171.2,-9.4]],[[-171.8,-9.2],[-171.9,-9.2],[-171.9,-9.2],[-171.8,-9.2]],[[-172.5,-8.6],[-172.5,-8.6],[-172.5,-8.6],[-172.5,-8.6]]]},"properties":{"iso2":"TK","name":"Tokelau"}},{"type":"Feature","geometry":{"type":"Polygon","coordinates":[[[-174.9,-21.4],[-175,-21.4],[-174.9,-21.3],[-174.9,-21.4]],[[-175.1,-21.2],[-175.4,-21.1],[-175,-21.1],[-175.1,-21.2]],[[-174.8,-20.3],[-174.8,-20.2],[-174.8,-20.2],[-174.8,-20.3]],[[-174.4,-19.9],[-174.4,-19.9],[-174.4,-19.9],[-174.4,-19.9]],[[-174.3,-19.8],[-174.4,-19.8],[-174.3,-19.8],[-174.3,-19.8]],[[-175.1,-19.8],[-175.1,-19.7],[-175.1,-19.7],[-175.1,-19.8]],[[-174.3,-19.8],[-174.3,-19.7],[-174.3,-19.7],[-174.3,-19.8]],[[-175,-19.7],[-175,-19.7],[-175,-19.7],[-175,-19.7]],[[-174.2,-19.7],[-174.3,-19.6],[-174.3,-19.6],[-174.2,-19.7]],[[-174.6,-18.8],[-174.7,-18.8],[-174.6,-18.8],[-174.6,-18.8],[-174.6,-18.8]],[[-174.1,-18.7],[-174.1,-18.7],[-174.1,-18.7],[-174.1,-18.7]],[[-174,-18.7],[-174,-18.7],[-174,-18.7],[-174,-18.7]],[[-174.1,-18.7],[-174.1,-18.7],[-174.1,-18.7],[-174.1,-18.7]],[[-173.9,-18.6],[-174.1,-18.6],[-173.9,-18.6],[-173.9,-18.6]],[[-175.6,-15.6],[-175.7,-15.6],[-175.6,-15.6],[-175.6,-15.6]]]},"properties":{"iso2":"TO","name":"Tonga"}},{"type":"Feature","geometry":{"type":"Polygon","coordinates":[[[1.4,9.4],[1.6,6.2],[1.2,6.1],[0.5,6.9],[0.7,8.3],[0.4,8.8],[0.6,9.4],[0.2,9.5],[0.4,10.3],[-0.1,11.1],[0.9,11],[0.8,10.4],[1.4,10],[1.4,9.4]]]},"properties":{"iso2":"TG","name":"Togo"}},{"type":"Feature","geometry":{"type":"Polygon","coordinates":[[[6.5,0],[6.5,0.3],[6.7,0.4],[6.5,0]],[[7.4,1.6],[7.3,1.6],[7.4,1.7],[7.4,1.6]]]},"properties":{"iso2":"ST","name":"Sao Tome and Principe"}},{"type":"Feature","geometry":{"type":"Polygon","coordinates":[[[11,33.7],[10.9,33.6],[10.7,33.9],[11,33.7]],[[11.1,34.6],[11,34.6],[11,34.7],[11.1,34.6]],[[11.1,34.7],[11.2,34.8],[11.3,34.8],[11.1,34.7]],[[10.8,37.1],[10.8,37.1],[10.8,37.1],[10.8,37.1]],[[9.8,37.1],[10.3,37.2],[10.4,36.7],[11.1,37.1],[10.5,36.1],[11.1,35.2],[10,34.2],[10.3,33.7],[11,33.6],[11.2,33.2],[11.5,33.2],[11.6,32.4],[10.3,31.7],[10.2,30.7],[9.5,30.2],[9.1,32.1],[8.3,32.5],[7.5,33.9],[8.3,34.6],[8.2,36.5],[8.6,36.9],[9.7,37.3],[9.8,37.1]],[[8.9,37.5],[8.9,37.5],[8.9,37.5],[8.9,37.5]]]},"properties":{"iso2":"TN","name":"Tunisia"}},{"type":"Feature","geometry":{"type":"Polygon","coordinates":[[[26.1,39.8],[26,39.8],[26.1,39.8],[26.1,39.8]],[[25.8,40.1],[25.7,40.1],[26,40.2],[25.8,40.1]],[[27.6,40.6],[27.5,40.6],[27.7,40.6],[27.6,40.6]],[[35.1,42],[35.5,41.6],[36.1,41.7],[36.4,41.2],[38.4,40.9],[40.1,40.9],[41.5,41.5],[42.8,41.6],[43.5,41.1],[43.8,40.7],[43.7,40.1],[44.3,40],[44.8,39.7],[44.8,39.6],[44.6,39.8],[44.4,39.4],[44,39.4],[44.5,38.3],[44.2,37.9],[44.6,37.7],[44.8,37.1],[44.3,37],[44.1,37.3],[42.8,37.4],[42.4,37.1],[40.8,37.1],[39.2,36.7],[36.7,36.8],[36.7,36.2],[35.9,35.9],[35.8,36.3],[36.2,36.7],[36,36.9],[35.3,36.5],[34.7,36.8],[34,36.3],[32.8,36],[31,36.8],[30.6,36.9],[30.4,36.2],[29.7,36.1],[28.5,36.9],[28,36.6],[28.1,36.8],[27.4,36.7],[28.3,37],[27.3,37],[27.6,37.2],[27.2,37.4],[27.3,38],[26.3,38.3],[26.4,38.7],[26.7,38.3],[27.2,38.4],[26.7,38.6],[27.1,38.9],[26.6,39.3],[27,39.6],[26.1,39.5],[26.7,40.4],[29,40.4],[28.8,40.6],[29.9,40.7],[29.1,40.9],[29.2,41.2],[31.2,41.1],[33.3,42],[35.1,42]],[[27.4,42],[28,42],[28.1,41.6],[29,41.1],[27.5,41],[26.2,40],[26.8,40.6],[26,40.7],[26.6,41.4],[26.4,41.7],[27.4,42]]]},"properties":{"iso2":"TR","name":"Türkiye"}},{"type":"Feature","geometry":{"type":"Polygon","coordinates":[[[179.2,-8.6],[179.2,-8.5],[179.2,-8.5],[179.2,-8.6]],[[178.4,-8.1],[178.4,-8.1],[178.4,-8],[178.4,-8.1]],[[178.4,-8],[178.4,-8],[178.4,-8],[178.4,-8]],[[178.7,-7.5],[178.7,-7.5],[178.7,-7.5],[178.7,-7.5]],[[177.2,-7.2],[177.1,-7.2],[177.1,-7.2],[177.2,-7.2]],[[176.3,-6.3],[176.3,-6.3],[176.3,-6.3],[176.3,-6.3]],[[177.3,-6.1],[177.3,-6.1],[177.3,-6.1],[177.3,-6.1]],[[176.1,-5.7],[176.1,-5.7],[176.1,-5.7],[176.1,-5.7]],[[176.1,-5.7],[176.1,-5.7],[176.1,-5.7],[176.1,-5.7]]]},"properties":{"iso2":"TV","name":"Tuvalu"}},{"type":"Feature","geometry":{"type":"Polygon","coordinates":[[[53.1,38.9],[53.1,39.1],[53.1,38.8],[53.1,38.9]],[[58.8,42.7],[60,42.2],[60.1,41.4],[61.9,41.1],[62.6,39.9],[64.4,39],[66.6,38],[66.5,37.4],[65.7,37.5],[64.8,37.1],[64.5,36.3],[63.1,35.9],[63.1,35.5],[62.7,35.3],[62.3,35.1],[61.3,35.6],[61.2,36.6],[60.3,36.7],[59.3,37.5],[57.5,37.9],[57.2,38.3],[55.4,38.1],[54.7,37.4],[53.9,37.4],[54,38.9],[53.5,39.3],[53.2,39.2],[53.3,39.7],[53.7,39.5],[53.4,39.7],[53.6,40],[52.9,40],[53,39.8],[52.7,40.4],[52.9,41.1],[53.7,40.6],[54.4,40.7],[54.2,40.9],[54.7,41.1],[54.1,41.5],[53.8,42.1],[52.9,42],[52.8,41.7],[52.9,41],[52.4,41.7],[53,42.1],[54.2,42.3],[55.5,41.3],[56,41.3],[57,41.3],[57,41.9],[58,42.5],[58.5,42.3],[58.2,42.7],[58.8,42.7]]]},"properties":{"iso2":"TM","name":"Turkmenistan"}},{"type":"Feature","geometry":{"type":"Polygon","coordinates":[[[39.7,-8],[39.6,-7.9],[39.9,-7.6],[39.7,-8]],[[39.4,-6.2],[39.5,-6.5],[39.2,-6.2],[39.3,-5.7],[39.4,-6.2]],[[39.7,-5.5],[39.7,-4.9],[39.9,-4.9],[39.7,-5.5]],[[31.7,-1],[33.9,-1],[37.6,-3],[37.6,-3.5],[39.2,-4.7],[38.8,-6],[39.5,-7],[39.3,-7.6],[39.4,-8.9],[39.8,-10],[40.4,-10.5],[39.3,-11.2],[37.9,-11.3],[37.5,-11.7],[36.2,-11.7],[35.8,-11.4],[35,-11.6],[34.3,-9.7],[33.1,-9.5],[32.9,-9.4],[31,-8.6],[30.8,-8.2],[29.6,-6.3],[29.4,-4.4],[30,-4.3],[30.8,-3.3],[30.8,-3],[30.4,-2.9],[30.6,-2.4],[30.9,-2.1],[30.5,-1.1],[31.7,-1]]]},"properties":{"iso2":"TZ","name":"Tanzania, United Republic of"}},{"type":"Feature","geometry":{"type":"Polygon","coordinates":[[[34,4.2],[34.5,3.7],[35,1.9],[33.9,0.1],[33.9,-1],[31.7,-1],[30.5,-1.1],[30,-1.5],[29.6,-1.4],[30,0.8],[31.3,2.1],[30.7,2.4],[30.9,3.5],[31.2,3.8],[32.2,3.5],[33,3.9],[33.5,3.8],[34,4.2]]]},"properties":{"iso2":"UG","name":"Uganda"}},{"type":"Feature","geometry":{"type":"Polygon","coordinates":[[[-6.3,49.9],[-6.3,49.9],[-6.3,49.9],[-6.3,49.9]],[[-1.1,50.7],[-1.6,50.7],[-1.3,50.8],[-1.1,50.7]],[[-0.9,50.8],[-1,50.8],[-1,50.8],[-0.9,50.8]],[[-4.7,51.2],[-4.7,51.2],[-4.7,51.2],[-4.7,51.2]],[[-4.6,53.2],[-4.7,53.3],[-4.6,53.3],[-4.6,53.2]],[[-4.2,53.2],[-4.4,53.1],[-4.6,53.4],[-4.2,53.2]],[[-6.4,55.2],[-5.7,54.8],[-5.9,54.6],[-5.4,54.5],[-6.3,54.1],[-7,54.4],[-7.6,54.1],[-8.2,54.4],[-7.4,55],[-7.3,55.1],[-6.4,55.2]],[[-6.2,55.3],[-6.2,55.3],[-6.3,55.3],[-6.2,55.3]],[[-5.1,55.4],[-5.4,55.7],[-5.2,55.7],[-5.1,55.4]],[[-6.1,55.9],[-6.1,55.6],[-6.5,55.7],[-6.1,55.9]],[[-5,55.7],[-5.2,55.9],[-5,55.8],[-5,55.7]],[[-6.2,56],[-6.3,56],[-6.1,56.1],[-6.2,56]],[[-5.9,55.8],[-6.1,55.9],[-5.7,56.1],[-5.9,55.8]],[[-5.7,56.2],[-5.7,56.2],[-5.7,56.2],[-5.7,56.2]],[[-5.6,56.2],[-5.6,56.3],[-5.6,56.3],[-5.6,56.2]],[[-5.6,56.3],[-5.6,56.3],[-5.6,56.3],[-5.6,56.3]],[[-6.4,56.3],[-6.4,56.3],[-6.4,56.3],[-6.4,56.3]],[[-5.5,56.4],[-5.6,56.4],[-5.5,56.4],[-5.5,56.4]],[[-6.2,56.5],[-6.3,56.5],[-6.2,56.5],[-6.2,56.5]],[[-6.7,56.5],[-6.9,56.4],[-7,56.5],[-6.7,56.5]],[[-5.8,56.5],[-5.6,56.4],[-5.8,56.3],[-6.4,56.3],[-6,56.4],[-6.2,56.4],[-6,56.5],[-6.3,56.6],[-5.8,56.5]],[[-6.6,56.6],[-6.7,56.6],[-6.5,56.7],[-6.6,56.6]],[[-6.1,56.9],[-6.2,56.9],[-6.1,56.9],[-6.1,56.9]],[[-6.3,56.9],[-6.5,57],[-6.3,57],[-6.3,56.9]],[[-7.5,56.9],[-7.6,57],[-7.4,57.1],[-7.5,56.9]],[[-6.5,57.1],[-6.6,57],[-6.5,57.1],[-6.5,57.1]],[[-5.9,57.3],[-6,57.3],[-5.9,57.3],[-5.9,57.3]],[[-7.2,57.3],[-7.4,57.1],[-7.4,57.4],[-7.2,57.3]],[[-7.3,57.4],[-7.4,57.5],[-7.2,57.5],[-7.3,57.4]],[[-6,57.3],[-6.1,57.4],[-6,57.5],[-6,57.3]],[[-6.1,57.6],[-6.1,57.3],[-5.7,57.2],[-6,57],[-6.8,57.4],[-6.1,57.6]],[[-6,57.5],[-6,57.5],[-6,57.6],[-6,57.5]],[[-7.2,57.7],[-7.2,57.5],[-7.5,57.6],[-7.2,57.7]],[[-7.2,57.7],[-7.2,57.7],[-7.1,57.7],[-7.2,57.7]],[[-8.6,57.8],[-8.6,57.8],[-8.6,57.8],[-8.6,57.8]],[[-7,57.9],[-7.1,57.9],[-7,57.9],[-7,57.9]],[[-6.2,58.4],[-6.5,57.9],[-7.1,57.8],[-6.8,57.9],[-7,58.2],[-6.2,58.4]],[[-6.8,58.2],[-6.9,58.3],[-6.9,58.2],[-6.8,58.2]],[[-4.2,53.2],[-2.7,53.3],[-3.1,53.6],[-2.8,54.2],[-3.2,54.1],[-3.6,54.5],[-3,55],[-4.4,54.9],[-4.4,54.7],[-4.9,54.9],[-4.9,54.6],[-5.2,55],[-4.6,55.5],[-4.9,55.9],[-4.5,55.9],[-4.8,56.1],[-5.3,55.9],[-5,56.2],[-5.8,55.3],[-5.6,56.3],[-5.1,56.5],[-5.4,56.5],[-5.1,56.8],[-5.7,56.5],[-6,56.6],[-5.5,56.7],[-6.2,56.7],[-5.4,57.1],[-5.6,57.2],[-5.5,57.4],[-5.8,57.4],[-5.5,57.5],[-5.8,57.8],[-5.1,57.9],[-5.5,58.1],[-5,58.6],[-3,58.6],[-3.2,58.3],[-4.4,57.9],[-3.8,57.9],[-4.4,57.6],[-2.1,57.7],[-1.8,57.5],[-2.5,56.6],[-3.3,56.4],[-2.6,56.3],[-3.7,56],[-2.6,56.1],[-1.6,55.6],[-1.3,54.8],[-0.1,54.1],[0.1,53.6],[-0.7,53.7],[0.2,53.4],[0.3,53.1],[0,52.9],[1.3,52.9],[1.7,52.5],[1.2,51.8],[0.7,51.7],[1,51.6],[0.4,51.5],[1.4,51.4],[1,50.9],[0.2,50.7],[-0.3,50.8],[-0.8,50.7],[-0.9,50.8],[-1.2,50.8],[-2.4,50.5],[-2.9,50.7],[-3.7,50.2],[-4.4,50.4],[-5.2,50],[-5.7,50.1],[-4.2,51.2],[-3,51.2],[-2.4,51.8],[-3.3,51.4],[-5.2,51.7],[-4.1,52.3],[-4.1,52.9],[-4.8,52.8],[-4.2,53.2]],[[0.9,51.4],[0.9,51.4],[0.7,51.4],[0.9,51.4]],[[-2.9,58.7],[-3,58.8],[-2.9,58.8],[-2.9,58.7]],[[-3.2,58.8],[-3.4,58.9],[-3.1,58.8],[-3.2,58.8]],[[-2.8,59],[-3.2,58.9],[-3.4,59.1],[-2.8,59]],[[-2.7,59.2],[-2.6,59.3],[-2.4,59.3],[-2.7,59.2]],[[-2.9,59.3],[-2.9,59.2],[-3.1,59.3],[-2.9,59.3]],[[-1.3,60.5],[-1,60.4],[-1.3,59.9],[-1.3,60.2],[-1.7,60.3],[-1.3,60.5]],[[-1,60.5],[-1.2,60.5],[-1.1,60.7],[-1,60.5]],[[-0.8,60.7],[-1,60.7],[-0.9,60.8],[-0.8,60.8],[-0.8,60.7]]]},"properties":{"iso2":"GB","name":"United Kingdom"}},{"type":"Feature","geometry":{"type":"Polygon","coordinates":[[[33,46],[32.8,46],[33,46],[33,46]],[[34.2,46.1],[34.2,46.1],[34.2,46.2],[34.2,46.1]],[[32.2,46.1],[31.6,46.3],[31.5,46.4],[32.2,46.1]],[[33.4,52.4],[33.8,52.4],[34.4,51.8],[34.1,51.7],[34.4,51.3],[35.4,51],[35.6,50.4],[37.5,50.4],[38,49.9],[38.3,50.1],[40.1,49.6],[40.2,49.2],[39.7,49],[40.1,48.9],[39.7,48.6],[40,48.3],[39.8,47.9],[38.9,47.9],[38.3,47.6],[38.2,47.1],[35.9,46.7],[35,46.1],[35.2,46.4],[35.1,46.3],[34.7,46.2],[34.6,46],[34.4,46],[34.5,46.2],[33.7,46.2],[34.6,45.9],[34.5,45.8],[35.1,45.3],[35.3,45.3],[35.1,45.6],[34.8,46],[34.7,46.1],[34.8,46.1],[35.1,45.7],[35.3,45.4],[35.5,45.3],[36.6,45.4],[36.4,45.1],[35.5,45.1],[34,44.4],[33.4,44.6],[33.5,45.1],[32.5,45.4],[33.8,45.9],[33.6,46.1],[31.8,46.3],[32.1,46.4],[31.5,46.6],[32.6,46.6],[32,46.6],[31.7,47.3],[31.9,46.6],[30.8,46.5],[30.3,45.9],[29.7,45.6],[29.6,45.8],[29.7,45.2],[28.2,45.4],[29,46],[29,46.5],[30.1,46.4],[29.9,46.8],[29.2,47.4],[29.1,48],[27.8,48.5],[26.6,48.3],[24.9,47.7],[22.9,48],[22.2,48.4],[22.6,49.1],[22.9,49],[22.7,49.6],[24.1,50.6],[23.6,51.5],[24.4,51.9],[25.8,51.9],[30.6,51.3],[30.9,52.1],[31.8,52.1],[33.4,52.4]]]},"properties":{"iso2":"UA","name":"Ukraine"}},{"type":"Feature","geometry":{"type":"Polygon","coordinates":[[[-75.2,19.9],[-75.2,19.9],[-75.2,20],[-75.2,19.9]],[[-75.1,19.9],[-75.1,20],[-75.1,19.9],[-75.1,19.9]],[[-155,19.3],[-155.9,19],[-155.9,20.3],[-155.2,20],[-154.8,19.5],[-155,19.3]],[[-156.5,20.5],[-156.7,20.5],[-156.6,20.6],[-156.5,20.5]],[[-156.9,20.7],[-157,20.9],[-156.8,20.8],[-156.9,20.7]],[[-156.5,20.9],[-156,20.7],[-156.4,20.6],[-156.7,20.9],[-156.5,20.9]],[[-156.9,21.2],[-156.7,21.2],[-157.3,21.1],[-156.9,21.2]],[[-160.5,21.6],[-160.5,21.6],[-160.5,21.6],[-160.5,21.6]],[[-157.7,21.4],[-158.1,21.3],[-158.3,21.6],[-158,21.7],[-157.7,21.4]],[[-160.1,21.9],[-160.2,21.8],[-160.1,22],[-160.1,21.9]],[[-159.4,21.9],[-159.8,22.1],[-159.4,22.2],[-159.4,21.9]],[[-161.9,23],[-161.9,23],[-161.9,23],[-161.9,23]],[[-164.7,23.6],[-164.7,23.6],[-164.7,23.6],[-164.7,23.6]],[[-81.8,24.5],[-81.8,24.5],[-81.7,24.6],[-81.8,24.5]],[[-82.1,24.5],[-82.1,24.6],[-82.1,24.6],[-82.1,24.5]],[[-81.7,24.6],[-81.7,24.6],[-81.6,24.6],[-81.7,24.6]],[[-81.5,24.6],[-81.5,24.7],[-81.5,24.7],[-81.5,24.6]],[[-81.6,24.6],[-81.6,24.7],[-81.5,24.6],[-81.6,24.6]],[[-81.1,24.7],[-81.1,24.7],[-81.1,24.7],[-81.1,24.7]],[[-81.3,24.6],[-81.4,24.7],[-81.4,24.7],[-81.3,24.6]],[[-81,24.7],[-81,24.7],[-80.9,24.8],[-81,24.7]],[[-80.8,24.8],[-80.8,24.8],[-80.8,24.8],[-80.8,24.8]],[[-80.7,24.9],[-80.7,24.8],[-80.7,24.9],[-80.7,24.9]],[[-80.6,24.9],[-80.7,24.9],[-80.6,24.9],[-80.6,24.9]],[[-168,25],[-168,25],[-168,25],[-168,25]],[[-80.6,24.9],[-80.3,25.3],[-80.4,25.1],[-80.6,24.9]],[[-80.2,25.4],[-80.2,25.4],[-80.2,25.5],[-80.2,25.4]],[[-80.2,25.7],[-80.2,25.7],[-80.2,25.7],[-80.2,25.7]],[[-171.7,25.8],[-171.7,25.8],[-171.7,25.8],[-171.7,25.8]],[[-81.7,25.8],[-81.7,25.9],[-81.7,25.9],[-81.7,25.8]],[[-173.9,26.1],[-174,26.1],[-173.9,26.1],[-173.9,26.1]],[[-82.1,26.4],[-82.2,26.5],[-82,26.4],[-82.1,26.4]],[[-82.2,26.6],[-82.2,26.6],[-82.3,26.7],[-82.2,26.6]],[[-82.1,26.5],[-82.2,26.7],[-82.1,26.7],[-82.1,26.5]],[[-82.3,26.7],[-82.3,26.8],[-82.3,26.8],[-82.3,26.7]],[[-97.2,26.1],[-97.4,26.8],[-97.4,27.2],[-97.2,26.1]],[[-82.6,27.3],[-82.7,27.4],[-82.7,27.4],[-82.6,27.3]],[[-97.4,27.2],[-97.3,27.5],[-97,27.8],[-97.4,27.2]],[[-96.9,28],[-97,27.9],[-96.9,28.1],[-96.9,28]],[[-96.6,28.3],[-96.8,28.1],[-96.4,28.4],[-96.6,28.3]],[[-96.4,28.4],[-96.3,28.5],[-96.2,28.5],[-96.4,28.4]],[[-80.7,28.3],[-80.7,28.5],[-80.6,28.6],[-80.7,28.3]],[[-90.9,29],[-91,29.1],[-90.9,29.1],[-90.9,29]],[[-90.7,29],[-90.8,29],[-90.6,29.1],[-90.7,29]],[[-90.3,29.1],[-90.3,29.1],[-90.3,29.1],[-90.3,29.1]],[[-90,29.2],[-90,29.2],[-90,29.3],[-90,29.2]],[[-89.9,29.3],[-89.9,29.3],[-89.9,29.3],[-89.9,29.3]],[[-89.9,29.3],[-89.9,29.3],[-89.9,29.3],[-89.9,29.3]],[[-95.1,29.1],[-94.8,29.3],[-94.8,29.3],[-95.1,29.1]],[[-89.2,29.5],[-89.2,29.5],[-89.2,29.5],[-89.2,29.5]],[[-89.6,29.5],[-89.6,29.5],[-89.6,29.6],[-89.6,29.6],[-89.6,29.5],[-89.6,29.5]],[[-89.1,29.5],[-89.1,29.5],[-89,29.6],[-89.1,29.5]],[[-91.8,29.5],[-92,29.6],[-91.9,29.6],[-91.8,29.5]],[[-85.1,29.6],[-85.2,29.7],[-85.1,29.7],[-85.1,29.6]],[[-89.4,29.7],[-89.5,29.7],[-89.4,29.7],[-89.4,29.7]],[[-85,29.6],[-85.1,29.6],[-84.7,29.8],[-85,29.6]],[[-89.4,29.7],[-89.5,29.7],[-89.5,29.8],[-89.4,29.7]],[[-89.3,29.8],[-89.3,29.8],[-89.3,29.8],[-89.3,29.8]],[[-84.6,29.8],[-84.7,29.8],[-84.6,29.8],[-84.6,29.8]],[[-88.8,29.8],[-88.9,30.1],[-88.8,29.9],[-88.8,29.8]],[[-89.3,30],[-89.3,30.1],[-89.2,30.2],[-89.3,30]],[[-88.4,30.2],[-88.5,30.2],[-88.4,30.2],[-88.4,30.2]],[[-88.6,30.2],[-88.8,30.2],[-88.5,30.2],[-88.6,30.2]],[[-89.1,30.2],[-89.1,30.2],[-89.1,30.2],[-89.1,30.2]],[[-88.1,30.2],[-88.3,30.2],[-88.1,30.3],[-88.1,30.2]],[[-86.5,30.4],[-87.3,30.3],[-86.8,30.4],[-86.5,30.4]],[[-118.4,32.8],[-118.6,33],[-118.4,32.9],[-118.4,32.8]],[[-79.4,33],[-79.4,33],[-79.3,33.1],[-79.4,33]],[[-119.4,33.2],[-119.6,33.3],[-119.5,33.3],[-119.4,33.2]],[[-118.3,33.3],[-118.4,33.3],[-118.6,33.5],[-118.3,33.3]],[[-78,33.9],[-78,33.9],[-77.9,33.9],[-78,33.9]],[[-120,34],[-120.1,33.9],[-120.2,34],[-120,34]],[[-120.3,34],[-120.4,34],[-120.4,34.1],[-120.3,34]],[[-119.9,34.1],[-119.5,34],[-119.8,34],[-119.9,34.1]],[[-76.5,34.6],[-76.7,34.7],[-76.6,34.7],[-76.5,34.6]],[[-76.7,34.7],[-77.1,34.7],[-76.9,34.7],[-76.7,34.7]],[[-76.5,34.6],[-76.4,34.8],[-76.2,34.9],[-76.5,34.6]],[[-76.1,35],[-76.1,35],[-76,35.1],[-76.1,35]],[[-76,35.1],[-76,35.1],[-75.8,35.2],[-76,35.1]],[[-75.5,35.2],[-75.7,35.2],[-75.5,35.8],[-75.5,35.2]],[[-75.6,35.8],[-75.7,35.9],[-75.7,35.9],[-75.6,35.8]],[[-75.9,37.1],[-75.9,37.1],[-75.9,37.1],[-75.9,37.1]],[[-75.8,37.2],[-75.8,37.2],[-75.8,37.3],[-75.8,37.2]],[[-75.7,37.4],[-75.7,37.4],[-75.7,37.5],[-75.7,37.4]],[[-121.8,38.1],[-121.8,38.1],[-121.8,38.1],[-121.8,38.1]],[[-75.4,37.9],[-75.4,37.9],[-75.1,38.3],[-75.4,37.9]],[[-74.3,39.4],[-74.4,39.4],[-74.4,39.4],[-74.4,39.4],[-74.3,39.5],[-74.3,39.4]],[[-74.2,39.5],[-74.1,39.8],[-74.1,39.7],[-74.2,39.5]],[[-74.2,40.5],[-74.2,40.6],[-74.1,40.6],[-74.2,40.5]],[[-73.2,40.6],[-73.3,40.6],[-72.8,40.8],[-73.2,40.6]],[[-72.3,41.1],[-72.6,40.9],[-71.9,41.1],[-73.6,40.6],[-74,40.6],[-72.3,41.1]],[[-70,41.3],[-70,41.3],[-70.2,41.3],[-70,41.3]],[[-70.5,41.4],[-70.8,41.4],[-70.6,41.5],[-70.5,41.4]],[[-71.3,41.5],[-71.4,41.5],[-71.2,41.7],[-71.3,41.5]],[[-68.8,44],[-68.9,44.1],[-68.8,44.1],[-68.8,44]],[[-68.7,44.2],[-68.7,44.2],[-68.7,44.3],[-68.7,44.2]],[[-68.3,44.2],[-68.4,44.3],[-68.3,44.5],[-68.2,44.3],[-68.3,44.2]],[[-123.9,46.4],[-123.9,46.4],[-124,46.5],[-124,46.5],[-123.9,46.4]],[[-122.8,47.2],[-122.9,47.3],[-122.8,47.3],[-122.8,47.2]],[[-122.5,47.3],[-122.5,47.5],[-122.4,47.4],[-122.5,47.3]],[[-122.5,48.3],[-122.4,47.9],[-122.8,48.2],[-122.5,48.3]],[[-122.8,48.4],[-122.9,48.5],[-122.9,48.6],[-122.8,48.4]],[[-123,48.4],[-123.2,48.6],[-123,48.5],[-123,48.4]],[[-122.9,48.7],[-122.7,48.7],[-123,48.6],[-122.9,48.7]],[[-123.1,49],[-123.1,49],[-123,49],[-123.1,49]],[[-95.1,49.4],[-94.6,48.7],[-93,48.6],[-91.4,48],[-90.9,48.2],[-89.4,48],[-88.4,48.3],[-84.9,46.9],[-84.6,46.5],[-84.1,46.5],[-84,46.1],[-83.6,46.1],[-83.6,45.8],[-82.5,45.4],[-82.1,43.6],[-82.5,42.6],[-83.2,42],[-82.7,41.7],[-79,42.8],[-79.2,43.5],[-78.7,43.6],[-76.8,43.6],[-75,45],[-70.9,45.2],[-69.2,47.5],[-67.8,47.1],[-67.8,45.7],[-67.2,45.2],[-67,44.8],[-67.2,44.7],[-67.6,44.7],[-67.6,44.6],[-67.8,44.5],[-68,44.3],[-68.1,44.5],[-68.3,44.5],[-68.6,44.4],[-68.5,44.3],[-68.6,44.3],[-68.8,44.6],[-69.1,44.1],[-69.7,43.8],[-69.8,44.1],[-69.8,43.7],[-70.2,43.8],[-70.7,43.1],[-70.6,42.7],[-71,42.3],[-70.3,41.7],[-70,41.8],[-70.1,42.1],[-69.9,41.7],[-71.2,41.5],[-71.1,41.8],[-71.4,41.8],[-71.5,41.4],[-72.9,41.3],[-74,40.7],[-74,41.3],[-74.3,40.5],[-74,40.3],[-74.1,39.8],[-74.1,40.1],[-74.2,39.7],[-74.4,39.5],[-74.5,39.4],[-74.4,39.4],[-75,38.9],[-74.9,39.2],[-75.6,39.6],[-75,40],[-75.6,39.6],[-75,38.4],[-76,37.2],[-75.6,38],[-75.9,37.9],[-75.8,38.4],[-76.2,38.4],[-76,38.6],[-76.4,38.9],[-75.8,39.6],[-76.6,39.3],[-76.4,38.4],[-76.7,38.5],[-76.3,38],[-77.2,38.4],[-77.1,38.9],[-77.3,38.3],[-76.2,37.9],[-76.4,37.6],[-77.1,38.2],[-76.3,37.6],[-76.4,37.3],[-76.7,37.4],[-76.3,37.1],[-77.2,37.3],[-76,36.9],[-75.5,35.8],[-75.9,36.7],[-75.8,36.1],[-76.2,36.3],[-76.1,36.2],[-76.7,36],[-76.7,36.3],[-76.7,35.9],[-76.1,36],[-76,35.6],[-75.9,36],[-75.7,35.8],[-76.1,35.3],[-77.1,35.5],[-76.5,35.3],[-76.8,35],[-77.1,35.2],[-76.9,35],[-76.3,34.9],[-77.4,34.7],[-77.9,33.9],[-78,34.2],[-78,33.9],[-78.8,33.7],[-79.2,33.3],[-79.2,33.4],[-79.3,33.4],[-79.2,33.2],[-79.4,33.1],[-79.4,33],[-80.7,32.5],[-80.5,32.3],[-80.8,32.5],[-80.7,32.2],[-81.5,31.1],[-81.3,29.8],[-80.6,28.5],[-80.4,27.9],[-80.6,28.6],[-80.8,28.8],[-80.8,28.4],[-80,26.8],[-80.4,25.2],[-81.1,25.1],[-80.9,25.3],[-81.3,25.8],[-81.7,26],[-82,26.5],[-81.8,26.7],[-82.1,26.5],[-82,27],[-82.3,26.8],[-82.7,27.5],[-82.4,27.9],[-82.7,28],[-82.7,27.7],[-82.9,27.9],[-82.6,28.9],[-83.7,29.9],[-84.2,30.1],[-85.4,29.7],[-85.6,30.1],[-85.4,30],[-86.3,30.5],[-88,30.2],[-87.8,30.3],[-88,30.7],[-88.1,30.3],[-90.4,30.2],[-89.7,30.2],[-89.7,29.9],[-89.4,30.1],[-89.8,29.6],[-89.7,29.5],[-89.2,29.3],[-89,29.2],[-89.4,28.9],[-89.3,29.2],[-90.2,29.6],[-90.2,29.1],[-91.2,29.2],[-91.8,29.8],[-92.3,29.5],[-93.8,29.7],[-93.8,30],[-93.9,29.7],[-94.8,29.4],[-94.5,29.6],[-95.1,29.7],[-94.9,29.4],[-94.9,29.3],[-95.1,29.2],[-95.1,29.1],[-96.2,28.5],[-96,28.6],[-96.6,28.7],[-96.4,28.4],[-96.8,28.5],[-97.2,27.8],[-97.5,27.9],[-97.4,27.3],[-97.8,27.5],[-97.4,27.3],[-97.6,26.8],[-97.1,26],[-99.1,26.4],[-99.5,27.6],[-101.4,29.8],[-102.3,29.9],[-103.4,29],[-104.5,29.7],[-104.9,30.6],[-106.4,31.8],[-108.2,31.8],[-108.2,31.3],[-111,31.3],[-113.1,32],[-114.8,32.5],[-114.7,32.7],[-117.1,32.5],[-117.5,33.3],[-118.5,34.1],[-120.6,34.6],[-120.6,35.1],[-121.9,36.3],[-121.8,36.9],[-122.5,37.5],[-122.4,37.8],[-122,37.5],[-122.4,38],[-122.2,38.1],[-121.4,38],[-121.6,38.1],[-121.7,38],[-122,38.1],[-122.1,38.1],[-122.4,38.2],[-122.5,37.8],[-123,38],[-123,38.2],[-122.8,38.1],[-123.1,38.5],[-123.7,38.9],[-123.8,39.7],[-124.3,40.3],[-124,41.4],[-124.5,42.9],[-124.1,43.4],[-124,46.2],[-123.2,46.2],[-124,46.3],[-124,46.7],[-124,46.7],[-124,46.4],[-123.9,46.4],[-123.8,46.7],[-124.1,46.9],[-123.8,47],[-124.2,46.9],[-124.7,48.4],[-122.8,48.2],[-122.6,47.9],[-123.1,47.4],[-122.8,47.4],[-123.1,47.4],[-122.6,47.9],[-122.5,47.8],[-122.5,47.3],[-122.6,47.4],[-122.8,47.2],[-122.8,47.4],[-123.1,47.2],[-122.9,47.1],[-122.3,47.4],[-122.4,48.3],[-122.7,48.5],[-122.4,48.6],[-122.8,49],[-95.2,49],[-95.1,49.4]],[[-122.5,47.6],[-122.5,47.7],[-122.6,47.7],[-122.5,47.6]],[[-123.9,45.5],[-123.9,45.6],[-123.9,45.6],[-123.9,45.5]],[[-77.9,34.1],[-77.8,34.2],[-77.9,34.1],[-77.9,34.1]],[[-179.1,51.2],[-179.1,51.3],[-179.1,51.3],[-179.1,51.2]],[[-179,51.3],[-178.9,51.4],[-178.9,51.4],[-179,51.3]],[[179,51.6],[179.5,51.4],[178.6,51.6],[179,51.6]],[[-178.8,51.7],[-178.8,51.8],[-178.7,51.8],[-178.8,51.7]],[[178.4,51.8],[178.2,51.8],[178.3,51.8],[178.4,51.8]],[[-176,51.8],[-176.1,51.8],[-176.2,51.8],[-176,51.8]],[[-176.3,51.7],[-176.4,51.9],[-176.3,51.9],[-176.3,51.7]],[[-177.8,51.7],[-177.9,51.6],[-178.2,51.9],[-177.8,51.7]],[[-176.6,51.9],[-176.4,51.7],[-177,51.6],[-176.6,51.9]],[[-176,51.9],[-176.1,51.9],[-176,51.9],[-176,51.9]],[[-177.1,51.8],[-177.7,51.7],[-177.2,51.9],[-177.1,51.8]],[[-175.7,51.9],[-175.7,52],[-175.7,52],[-175.7,51.9]],[[-175.9,52],[-175.9,52],[-175.8,52],[-175.9,52]],[[178.5,51.9],[178.5,52],[178.6,51.9],[178.5,51.9]],[[179.7,51.9],[179.5,52],[179.7,52],[179.7,51.9]],[[177.7,52.1],[177.6,51.9],[177.2,51.9],[177.7,52.1]],[[-176,52],[-176.2,52.1],[-176,52.1],[-176,52]],[[-173.5,52.1],[-173,52.1],[-174.1,52.1],[-173.5,52.1]],[[176,52.3],[175.9,52.4],[176,52.4],[176,52.3]],[[-172.4,52.3],[-172.6,52.3],[-172.4,52.4],[-172.4,52.3]],[[-174,52.3],[-175.3,52],[-174.2,52.4],[-174,52.3]],[[173.8,52.5],[173.7,52.4],[173.4,52.4],[173.8,52.5]],[[-171.2,52.5],[-171.3,52.5],[-171.2,52.5],[-171.2,52.5]],[[-170.6,52.6],[-170.8,52.6],[-170.7,52.7],[-170.6,52.6]],[[174.2,52.7],[174.1,52.7],[174.1,52.7],[174.2,52.7]],[[-170.1,52.7],[-170.2,52.8],[-170.1,52.8],[-170.1,52.7]],[[-169.7,52.8],[-170,52.8],[-169.8,52.9],[-169.7,52.8]],[[-170,52.9],[-170.1,52.9],[-170,52.9],[-170,52.9]],[[173.3,52.9],[172.9,52.7],[172.5,52.9],[173.3,52.9]],[[-169.7,52.9],[-169.8,53],[-169.7,53],[-169.7,52.9]],[[-168.2,53.3],[-169.1,52.8],[-168.4,53.5],[-167.8,53.5],[-168.2,53.3]],[[-166.2,53.7],[-166.3,53.8],[-166.1,53.8],[-166.2,53.7]],[[-166.6,53.8],[-166.2,53.9],[-166.8,53.4],[-167.8,53.3],[-166.8,53.6],[-167,54],[-166.6,53.8]],[[-165.3,54.1],[-165.3,54],[-165.5,54.1],[-165.3,54.1]],[[-164.9,54.1],[-165,54.1],[-165.2,54.1],[-164.9,54.1]],[[-165.7,54.1],[-166.1,54.1],[-165.9,54.2],[-165.7,54.1]],[[-165.6,54.1],[-165.7,54.2],[-165.5,54.3],[-165.6,54.1]],[[-162.4,54.4],[-162.5,54.4],[-162.4,54.4],[-162.4,54.4]],[[-162.5,54.4],[-162.8,54.4],[-162.8,54.5],[-162.5,54.4]],[[-132.6,54.8],[-132.8,54.9],[-132.6,54.9],[-132.6,54.8]],[[-159.3,54.9],[-159.3,54.9],[-159.2,54.9],[-159.3,54.9]],[[-163.4,54.9],[-163.4,54.8],[-163.1,54.8],[-163,54.7],[-165,54.6],[-164.4,54.9],[-163.4,54.9]],[[-162.3,54.8],[-162.4,54.9],[-162.2,55],[-162.3,54.8]],[[-131.3,54.9],[-131.5,54.9],[-131.2,55],[-131.3,54.9]],[[-159.4,54.9],[-159.5,55],[-159.3,55],[-159.4,54.9]],[[-161.7,55.1],[-161.9,55.2],[-161.6,55.1],[-161.7,55.1]],[[-132.7,55],[-132.9,55],[-132.9,55.2],[-132.7,55]],[[-131.4,55.2],[-131.4,55],[-131.6,55],[-131.4,55.2]],[[-132.8,54.9],[-132.7,54.7],[-133.2,55.2],[-132.8,54.9]],[[-159.5,55.1],[-159.7,55.1],[-159.5,55.2],[-159.5,55.1]],[[-161.6,55.2],[-161.7,55.2],[-161.5,55.3],[-161.6,55.2]],[[-159.8,55.1],[-160.2,54.9],[-159.9,55.3],[-159.8,55.1]],[[-133.2,55.2],[-133.4,55.3],[-133.3,55.3],[-133.2,55.2]],[[-160.3,55.2],[-160.5,55.3],[-160.3,55.4],[-160.3,55.2]],[[-160.7,55.4],[-160.5,55.2],[-160.8,55.1],[-160.7,55.4]],[[-133.6,55.2],[-133.7,55.4],[-133.4,55.4],[-133.6,55.2]],[[-131.7,55.1],[-131.8,55.4],[-131.6,55.3],[-131.7,55.1]],[[-163.1,55.4],[-163.2,55.4],[-163.1,55.4],[-163.1,55.4]],[[-160.2,55.4],[-160.3,55.4],[-160.2,55.5],[-160.2,55.4]],[[-133.5,55.4],[-133.6,55.4],[-133.4,55.5],[-133.5,55.4]],[[-133.6,55.5],[-133.8,55.5],[-133.7,55.6],[-133.6,55.5]],[[-133.3,55.5],[-133.4,55.5],[-133.3,55.6],[-133.3,55.5]],[[-133.5,55.7],[-133.7,55.8],[-133.3,55.8],[-133.5,55.7]],[[-133.2,55.8],[-133.3,55.9],[-133.2,55.9],[-133.2,55.8]],[[-158.9,55.8],[-158.8,55.9],[-158.7,55.8],[-158.9,55.8]],[[-134.2,55.8],[-134.3,55.9],[-134.1,55.9],[-134.2,55.8]],[[-155.6,55.8],[-155.7,55.8],[-155.6,55.9],[-155.6,55.8]],[[-133.8,55.8],[-133.9,55.9],[-133.8,55.9],[-133.8,55.8]],[[-131.1,55.8],[-131.1,55.2],[-131.5,55.3],[-131.3,55.6],[-131.5,55.3],[-131.8,55.5],[-131.7,55.8],[-131.3,56],[-131.1,55.8]],[[-131.5,55.9],[-131.6,55.9],[-131.4,56],[-131.5,55.9]],[[-133.7,55.9],[-133.7,56.1],[-133.3,56.1],[-133.7,55.9]],[[-133.9,56.3],[-133.9,56.3],[-133.9,56.3],[-133.9,56.3]],[[-133.5,56.3],[-132.1,55.5],[-132.6,55.6],[-132,55.3],[-132.2,55],[-132,55],[-132,54.7],[-132.6,55.3],[-133.2,55.3],[-132.9,55.4],[-133.1,55.5],[-132.9,55.6],[-133.4,55.6],[-133.1,55.9],[-133.3,56.2],[-133.6,56.2],[-133.5,56.3]],[[-132.1,56.1],[-132.3,55.9],[-132.7,56.2],[-132.4,56.4],[-132.1,56.1]],[[-132.8,56.2],[-133.1,56.3],[-132.6,56.4],[-132.8,56.2]],[[-132.5,56.4],[-132.5,56.4],[-132.4,56.4],[-132.5,56.4]],[[-132.1,56.3],[-132.1,56.1],[-132.4,56.5],[-132.1,56.3]],[[-154,56.5],[-154.1,56.5],[-153.9,56.6],[-154,56.5]],[[-157,56.6],[-157.3,56.5],[-157.3,56.6],[-157,56.6]],[[-132.4,56.6],[-132.4,56.6],[-132.4,56.6],[-132.4,56.6]],[[-154.5,56.6],[-154.4,56.5],[-154.8,56.4],[-154.5,56.6]],[[-154.2,56.5],[-154.4,56.5],[-154.1,56.6],[-154.2,56.5]],[[-169.7,56.6],[-169.5,56.6],[-169.8,56.6],[-169.7,56.6]],[[-132.8,56.5],[-132.9,56.8],[-132.5,56.6],[-132.8,56.5]],[[-134,56.9],[-133.9,56.8],[-134,56.6],[-133.8,56.8],[-133.7,56.6],[-133.9,56.6],[-133.8,56.3],[-134,56.4],[-134,56.1],[-134.1,56.3],[-134.1,56],[-134.1,56.6],[-134.4,56.8],[-134,56.9]],[[-133.3,57],[-132.9,56.6],[-133.4,56.8],[-133.1,56.5],[-133.6,56.4],[-133.7,56.8],[-133.9,56.9],[-133.7,56.9],[-134,57],[-133.3,57]],[[-153.3,57],[-153.4,57.1],[-153.2,57.2],[-152.9,57.2],[-153.3,57]],[[-170.2,57.2],[-170.4,57.2],[-170.2,57.2],[-170.2,57.2]],[[-135.8,57],[-135.7,57.3],[-135.5,57.1],[-135.8,57]],[[-134.9,57.4],[-134.7,56.2],[-135.7,57.4],[-134.9,57.4]],[[-134.8,57.3],[-135,57.4],[-134.8,57.4],[-134.8,57.3]],[[-153.2,57.8],[-153.5,57.9],[-153.4,57.9],[-153.3,57.9],[-153.2,57.8]],[[-152.4,57.9],[-152.5,57.9],[-152.4,58],[-152.4,57.9]],[[-153.1,57.9],[-152.2,57.6],[-153,57.5],[-152.6,57.4],[-153.2,57.3],[-153,57.3],[-153.3,57.2],[-153.5,57.1],[-153.7,57.1],[-153.5,57],[-154,56.7],[-153.7,57.1],[-154.5,57.1],[-154.1,57.1],[-154.3,56.8],[-154.8,57.3],[-154.2,57.7],[-153.6,57.3],[-153.9,57.6],[-153.6,57.6],[-153.9,57.8],[-153.5,57.6],[-153.3,57.7],[-153.5,57.8],[-153.2,57.8],[-153.2,57.9],[-153,57.8],[-153.3,58],[-153.1,57.9]],[[-153.2,58.1],[-152.9,58],[-153.4,58.1],[-153.2,58.1]],[[-136.4,57.8],[-136.5,58.1],[-136.3,58],[-136.4,57.8]],[[-135.7,58.3],[-135.5,58.2],[-135.7,58],[-134.9,58],[-135.2,57.9],[-135,57.8],[-135.9,58],[-135.3,57.7],[-134.9,57.8],[-134.8,57.5],[-135.8,57.8],[-135.5,57.5],[-135.8,57.4],[-136.4,57.8],[-136,57.8],[-136.4,58.2],[-135.7,58.3]],[[-151.8,58.2],[-151.9,58.2],[-151.8,58.3],[-151.8,58.2]],[[-134.5,58.3],[-134.3,58.2],[-134.7,58.3],[-134.6,58.3],[-134.5,58.3]],[[-152.4,58.4],[-152,58.2],[-153.2,58.2],[-152.4,58.4]],[[-134.7,58.2],[-134.2,58.2],[-133.9,57.7],[-134.3,58.1],[-133.9,57.4],[-134.5,57],[-134.6,57.2],[-134.3,57.3],[-134.6,57.5],[-134.3,57.5],[-134.7,57.6],[-135,58.4],[-134.7,58.2]],[[-152.5,58.5],[-152.7,58.5],[-152.3,58.6],[-152.5,58.5]],[[-161,58.6],[-161.1,58.7],[-160.7,58.8],[-161,58.6]],[[-152.3,58.9],[-152.4,58.9],[-152.2,58.9],[-152.3,58.9]],[[-150.7,59.3],[-150.8,59.3],[-150.6,59.4],[-150.7,59.3]],[[-153.4,59.3],[-153.6,59.4],[-153.4,59.4],[-153.4,59.3]],[[-150.3,59.4],[-150.4,59.4],[-150.3,59.5],[-150.3,59.4]],[[-144.6,59.8],[-144.5,59.9],[-144.2,60],[-144.6,59.8]],[[-148.2,59.9],[-148.2,59.9],[-148,60],[-148.2,59.9]],[[-148,59.9],[-147.9,60.1],[-147.8,60.1],[-148,59.9]],[[-148.1,60],[-148,60.2],[-147.9,60.1],[-148.1,60]],[[-148,60.2],[-148.2,60],[-148.3,60],[-148,60.2]],[[-147.8,59.8],[-147.2,60.4],[-146.9,60.3],[-147.8,59.8]],[[-147.7,60.4],[-147.8,60.2],[-147.9,60.2],[-147.7,60.4]],[[-148.1,60.3],[-148.1,60.3],[-148,60.4],[-148.1,60.3]],[[-166.1,60.4],[-165.7,60.3],[-165.6,59.9],[-166.2,59.8],[-167.4,60.2],[-166.1,60.4]],[[-146.4,60.4],[-146.1,60.4],[-146.7,60.4],[-146.4,60.4]],[[-145.1,60.3],[-145.3,60.3],[-145.1,60.4],[-145.1,60.3]],[[-172.5,60.4],[-172.2,60.3],[-173.1,60.5],[-172.5,60.4]],[[-152,60.4],[-152,60.5],[-151.9,60.5],[-152,60.4]],[[-146.2,60.5],[-146.3,60.5],[-145.7,60.6],[-146.2,60.5]],[[-147.4,60.7],[-147.5,60.7],[-147.3,60.7],[-147.4,60.7]],[[-147.9,60.7],[-148,60.7],[-147.8,60.7],[-147.9,60.7]],[[-148.1,60.6],[-148.2,60.8],[-148.1,60.7],[-148.1,60.6]],[[-165,60.8],[-165,60.9],[-164.9,60.9],[-165,60.8]],[[-146.8,60.8],[-146.8,60.8],[-146.7,60.9],[-146.8,60.8]],[[-147.2,60.9],[-147.3,60.9],[-147.1,60.9],[-147.2,60.9]],[[-147.9,60.8],[-148.1,60.8],[-148.1,60.9],[-147.9,60.8]],[[-170.3,63.3],[-170.3,63.3],[-170.3,63.2],[-170.3,63.3]],[[-170.3,63.3],[-170.4,63.3],[-170.3,63.3],[-170.3,63.3]],[[-170.5,63.3],[-170.4,63.3],[-170.5,63.3],[-170.5,63.3]],[[-170.5,63.4],[-170.5,63.3],[-170.6,63.4],[-170.5,63.4]],[[-170.6,63.4],[-170.6,63.4],[-170.9,63.4],[-170.6,63.4]],[[-162.4,63.5],[-162.7,63.6],[-162.4,63.6],[-162.4,63.5]],[[-171.5,63.6],[-170.3,63.7],[-168.7,63.3],[-169.7,62.9],[-170.5,63.4],[-170.9,63.5],[-171.5,63.3],[-171.9,63.5],[-171.7,63.8],[-171.5,63.6]],[[-166.7,66.1],[-166.4,66.2],[-166.2,66.2],[-166.7,66.1]],[[-165.4,66.4],[-165.5,66.4],[-164.8,66.5],[-165.4,66.4]],[[-156.4,71.3],[-155.6,71.2],[-156.2,70.9],[-156,70.8],[-155.1,71.2],[-154.2,70.8],[-152.3,70.8],[-152.5,70.6],[-152.1,70.6],[-152.6,70.6],[-151.7,70.6],[-152,70.4],[-149.2,70.5],[-145,70],[-143.3,70.1],[-141,69.6],[-141,60.3],[-139.1,60.4],[-139.2,60.1],[-137.6,59.2],[-137.5,58.9],[-135.5,59.8],[-133.4,58.5],[-131.8,56.6],[-130,55.9],[-130.2,55.8],[-130,55.3],[-130.7,54.8],[-131,55],[-130.5,55.3],[-131.1,55.1],[-130.6,55.3],[-130.9,55.3],[-131,56.1],[-131.9,55.9],[-131.8,55.8],[-132,55.5],[-132.2,55.6],[-131.8,56.2],[-132.8,57.1],[-133.5,57.2],[-133.1,57.3],[-133.6,57.7],[-133,57.5],[-133.6,57.9],[-133.1,57.9],[-134.1,58.1],[-133.8,58.5],[-134.2,58.2],[-134.5,58.4],[-134.8,58.4],[-135.3,59.5],[-135.3,59.1],[-135.6,59.2],[-135.1,58.2],[-135.9,58.4],[-136.1,58.8],[-135.8,58.9],[-136.2,59],[-136.2,58.8],[-137.1,59.1],[-137.1,58.8],[-136.6,58.8],[-136,58.4],[-136.7,58.2],[-138.4,59.2],[-139.7,59.5],[-139.5,60],[-139.3,59.6],[-138.9,59.8],[-139.5,60],[-140.4,59.7],[-141.4,59.9],[-141.4,60.1],[-143.9,60],[-144.9,60.3],[-144.6,60.7],[-145.3,60.4],[-145.9,60.5],[-145.6,60.7],[-146.3,60.6],[-146,60.8],[-146.7,60.7],[-146.1,60.8],[-146.8,61],[-146.3,61.1],[-147.4,60.9],[-147.5,61.2],[-147.9,60.8],[-148.1,60.9],[-147.7,61.3],[-148.7,60.8],[-148.2,60.6],[-148.7,60.4],[-147.9,60.5],[-148.4,60.2],[-148.1,60.2],[-148.3,60.2],[-148.4,59.9],[-149.3,59.9],[-149.4,60.1],[-149.5,59.7],[-149.7,60],[-149.7,59.7],[-150,59.8],[-149.9,59.7],[-150,59.6],[-150.3,59.5],[-150.2,59.7],[-150.5,59.5],[-150.5,59.6],[-150.9,59.2],[-152,59.3],[-151,59.8],[-151.9,59.8],[-151.3,60.4],[-151.4,60.7],[-150.4,61],[-149,60.8],[-150.1,61.2],[-149.4,61.5],[-151.6,61],[-152.4,60.3],[-153.1,60.3],[-152.6,60.1],[-154.3,59.1],[-153.3,58.8],[-154.1,58.5],[-154.2,58.1],[-156.5,57.3],[-156.5,57],[-158.4,56.4],[-158.6,56.3],[-158.1,56.2],[-158.5,56],[-158.6,56.2],[-159.7,55.6],[-159.8,55.9],[-161.3,55.3],[-161.5,55.5],[-161.1,55.5],[-161.6,55.6],[-162,55.1],[-162.5,55],[-162.6,55.3],[-162.6,55],[-163.2,55.1],[-163,54.9],[-163.4,54.8],[-163.3,55],[-163.3,55.1],[-161.8,55.9],[-160.2,55.8],[-160.6,56],[-160.3,56.3],[-158.6,56.8],[-158.6,57.1],[-157.9,57.5],[-157.4,57.5],[-157.7,57.6],[-157.6,58.1],[-157.1,58.2],[-157.6,58.4],[-156.8,59.2],[-158.2,58.6],[-158.5,59],[-158,58.9],[-158.5,59.2],[-158.9,58.4],[-160.3,59.1],[-162.2,58.6],[-161.6,59.1],[-162,59.1],[-161.7,59.5],[-162.2,60.2],[-162.4,60.2],[-161.9,60.7],[-162.6,60.3],[-162.5,60],[-164.1,59.8],[-165.4,60.6],[-164.7,60.9],[-164.3,60.8],[-164.4,60.6],[-164,60.8],[-163.7,60.6],[-163.4,60.8],[-163.9,60.9],[-163.6,60.9],[-165.2,60.9],[-164.8,61.1],[-165.1,61.1],[-165.1,61.3],[-165.2,61.2],[-165.4,61.2],[-165.2,61.4],[-165.1,61.4],[-165,61.5],[-164.8,61.5],[-164.7,61.6],[-165,61.5],[-165.1,61.4],[-165.2,61.4],[-165.3,61.3],[-165.4,61.2],[-165.3,61.2],[-165.4,61.1],[-166.2,61.6],[-165.2,62.4],[-164.6,62.4],[-164.9,62.6],[-164.5,62.7],[-164.9,62.8],[-164.3,63],[-164.4,63.2],[-163.1,63.1],[-162.3,63.5],[-161.2,63.5],[-160.8,63.9],[-161.5,64.4],[-160.8,64.7],[-161.2,64.9],[-162.8,64.3],[-163.2,64.7],[-163.2,64.4],[-166.1,64.6],[-167,65.2],[-166.1,65.3],[-168.1,65.7],[-164.4,66.6],[-163.6,66.6],[-164.2,66.2],[-163.7,66.1],[-161,66.2],[-161.9,66.3],[-161.9,66.5],[-162.6,66.9],[-162.3,67],[-161.6,66.4],[-160.2,66.4],[-160.3,66.6],[-161.5,66.5],[-161.9,66.7],[-161.5,67],[-162.5,67],[-162.4,67.2],[-163.7,67.1],[-164.1,67.6],[-166.8,68.4],[-166.4,68.4],[-166.2,68.9],[-163.6,69.1],[-161.9,70.3],[-162.1,70.2],[-159.9,70.6],[-160.2,70.5],[-159.8,70.3],[-159.3,70.5],[-160.1,70.6],[-159.7,70.8],[-158,70.8],[-156.4,71.3]],[[-135.6,58.3],[-135.6,58.4],[-135.7,58.4],[-135.6,58.3]]]},"properties":{"iso2":"US","name":"United States of America"}},{"type":"Feature","geometry":{"type":"Polygon","coordinates":[[[-2.8,11],[-2.7,9.5],[-3.6,10],[-4.7,9.7],[-5.5,10.4],[-5.3,11.8],[-4.4,12.3],[-4.3,13.1],[-4,13.5],[-3.4,13.2],[-3.3,13.7],[-2.9,13.7],[-2.5,14.3],[-2,14.2],[-2,14.5],[-0.7,15.1],[0.2,14.9],[0.6,13.7],[1.3,13.3],[1,13.4],[1,13],[1.6,12.6],[2.1,12.7],[2.4,11.9],[2,11.4],[1.4,11.5],[0.9,11],[-0.1,11.1],[-0.6,10.9],[-2.8,11]]]},"properties":{"iso2":"BF","name":"Burkina Faso"}},{"type":"Feature","geometry":{"type":"Polygon","coordinates":[[[-57.8,-30.7],[-57.6,-30.2],[-56.8,-30.1],[-56,-31.1],[-55.6,-30.8],[-53.9,-32],[-53.1,-32.7],[-53.5,-33.1],[-53.4,-33.7],[-54.1,-34.7],[-56.3,-34.9],[-57.1,-34.5],[-57.8,-34.5],[-58.4,-33.9],[-58.4,-33.1],[-58.1,-33.1],[-58,-32.9],[-58.2,-32.5],[-57.8,-30.7]]]},"properties":{"iso2":"UY","name":"Uruguay"}},{"type":"Feature","geometry":{"type":"Polygon","coordinates":[[[64.4,39],[62.6,39.9],[61.9,41.1],[60.1,41.4],[60,42.2],[58.8,42.7],[58.2,42.7],[58.5,42.3],[58,42.5],[57,41.9],[57,41.3],[56,41.3],[56,45],[58.6,45.6],[62,43.5],[64.9,43.7],[65.8,42.9],[66.1,43],[66,42],[66.5,42],[66.7,41.2],[67.9,41.2],[68.5,40.6],[69.1,41.4],[71,42.3],[71.3,42.2],[70.2,41.5],[71.4,41.1],[71.7,41.6],[72.2,41],[73.2,40.8],[71.7,40.1],[71,40.2],[70.4,40.4],[70.8,40.7],[70.4,41],[69.7,40.6],[69.4,40.8],[69.3,40.2],[68.6,40.2],[69,40.1],[68.5,39.6],[67.4,39.5],[67.4,39.2],[68.1,39],[68.4,38.2],[67.8,37.2],[66.5,37.4],[66.6,38],[64.4,39]]]},"properties":{"iso2":"UZ","name":"Uzbekistan"}},{"type":"Feature","geometry":{"type":"Polygon","coordinates":[[[-61.4,12.6],[-61.5,12.6],[-61.4,12.6],[-61.4,12.6]],[[-61.3,12.7],[-61.3,12.7],[-61.3,12.7],[-61.3,12.7]],[[-61.2,13],[-61.3,13],[-61.2,13],[-61.2,13]],[[-61.2,13.1],[-61.3,13.2],[-61.2,13.4],[-61.2,13.1]]]},"properties":{"iso2":"VC","name":"Saint Vincent and the Grenadines"}},{"type":"Feature","geometry":{"type":"Polygon","coordinates":[[[-61,8.5],[-61.3,8.5],[-61.1,8.6],[-61,8.5]],[[-61,8.6],[-61.2,8.6],[-61.2,8.7],[-61,8.6]],[[-61,8.6],[-61.1,8.7],[-61.2,8.7],[-60.9,8.7],[-61,8.6]],[[-60.8,8.6],[-61,8.6],[-60.8,8.7],[-60.8,8.6]],[[-61,8.7],[-61.2,8.7],[-61,8.8],[-60.9,8.9],[-61,8.7]],[[-61.1,8.9],[-61.1,8.9],[-61.1,9],[-60.8,9.1],[-61.1,8.9]],[[-60.9,9.1],[-61,9.1],[-60.9,9.2],[-60.9,9.1]],[[-60.7,9.2],[-60.8,9.1],[-60.8,9.2],[-60.7,9.2]],[[-62.3,9.8],[-62.3,9.9],[-62.2,9.9],[-62.3,9.8]],[[-62.6,10.3],[-62.8,10.4],[-62.8,10.5],[-62.6,10.3]],[[-63.9,10.7],[-64,10.8],[-63.9,10.8],[-63.9,10.7]],[[-65.3,10.9],[-65.4,10.9],[-65.2,11],[-65.3,10.9]],[[-63.8,11],[-64.4,11],[-63.9,11.2],[-63.8,11]],[[-66.6,11.8],[-66.6,11.8],[-66.6,11.8],[-66.6,11.8]],[[-66.1,11.8],[-66.2,11.8],[-66.1,11.8],[-66.1,11.8]],[[-64.6,11.8],[-64.6,11.8],[-64.6,11.9],[-64.6,11.8]],[[-69.8,11.7],[-68.4,11.2],[-68.2,10.5],[-66.2,10.6],[-65.1,10.1],[-63.7,10.5],[-64.3,10.7],[-61.9,10.7],[-62.9,10.5],[-63,10.3],[-62.8,10.4],[-62.6,10.1],[-63,10.1],[-62.8,10],[-62.6,10.1],[-62.6,10.2],[-62.5,10.2],[-62.3,9.7],[-62.2,9.9],[-62.2,9.6],[-62.2,10],[-61.7,9.6],[-61.6,9.9],[-60.9,9.4],[-60.8,9.3],[-61.1,9.1],[-60.9,9.2],[-61.1,9],[-61.2,8.6],[-61.6,8.6],[-61.1,8.4],[-60.9,8.6],[-60,8.5],[-59.8,8.2],[-60.7,7.5],[-60.3,7.1],[-61.1,6.7],[-61.4,5.9],[-60.7,5.2],[-60.6,4.9],[-61,4.5],[-62.7,4],[-62.9,3.6],[-63.3,4],[-64,3.9],[-64.8,4.3],[-64.2,3.6],[-64,2.5],[-63.4,2.4],[-63.4,2.2],[-65.5,0.6],[-65.6,1],[-66.3,0.8],[-66.9,1.2],[-67.2,2.4],[-67.8,2.8],[-67.3,3.4],[-67.9,4.6],[-67.5,6.2],[-69.2,6.1],[-70.1,7],[-72,7],[-72.5,7.5],[-72.3,8.1],[-72.8,9.1],[-73.4,9.2],[-72.5,11.1],[-72.2,11.3],[-72,11.7],[-71.3,11.9],[-72,11.6],[-71.6,10.7],[-72.1,9.8],[-71.6,9],[-71.1,9.3],[-71.5,11],[-69.8,11.4],[-69.8,11.7],[-70.2,11.6],[-70,12.2],[-69.8,11.7]],[[-61.2,9.6],[-61.4,9.7],[-61.3,9.6],[-61.2,9.6]]]},"properties":{"iso2":"VE","name":"Venezuela"}},{"type":"Feature","geometry":{"type":"Polygon","coordinates":[[[-64.7,18.4],[-64.7,18.4],[-64.6,18.5],[-64.7,18.4]],[[-64.4,18.4],[-64.4,18.5],[-64.3,18.5],[-64.4,18.4]],[[-64.3,18.7],[-64.3,18.7],[-64.4,18.7],[-64.3,18.7]]]},"properties":{"iso2":"VG","name":"British Virgin Islands"}},{"type":"Feature","geometry":{"type":"Polygon","coordinates":[[[106.6,8.6],[106.6,8.7],[106.7,8.8],[106.6,8.6]],[[103.5,9.3],[103.5,9.3],[103.5,9.3],[103.5,9.3]],[[106.3,9.5],[106.1,9.8],[106.3,9.6],[106.3,9.5]],[[106.5,9.8],[106.4,9.9],[106.5,9.9],[106.5,9.8]],[[106.6,10.3],[106.7,10.2],[106.6,10.3],[106.6,10.3]],[[106.6,10.3],[106.8,10.2],[106.5,10.3],[106.6,10.3]],[[104.1,10.4],[104,10.1],[103.8,10.4],[104.1,10.4]],[[107.1,10.3],[107.1,10.4],[107.2,10.4],[107.1,10.3]],[[106.9,10.4],[106.9,10.5],[107,10.4],[106.9,10.4]],[[109,10.5],[108.9,10.5],[108.9,10.6],[109,10.5]],[[106.9,10.5],[106.9,10.5],[106.9,10.6],[106.9,10.6],[106.9,10.6],[106.9,10.6],[106.9,10.6],[106.9,10.5],[106.9,10.5]],[[106.9,10.4],[106.8,10.5],[106.7,10.6],[106.8,10.6],[106.8,10.7],[106.9,10.6],[106.8,10.6],[106.9,10.5],[106.9,10.4]],[[109.3,12.2],[109.2,12.2],[109.3,12.2],[109.3,12.2]],[[109.4,12.4],[109.4,12.3],[109.4,12.4],[109.4,12.4]],[[107.9,16.3],[107.9,16.4],[107.7,16.6],[107.9,16.3]],[[107.7,20.1],[107.7,20.1],[107.7,20.1],[107.7,20.1]],[[107.4,20.8],[107.3,20.8],[107.4,20.8],[107.4,20.8]],[[107.1,20.7],[106.9,20.8],[107,20.9],[107.1,20.7]],[[106.8,20.9],[106.7,20.9],[106.7,20.9],[106.8,20.9]],[[106.9,20.8],[106.8,20.9],[106.8,20.9],[106.9,20.8]],[[106.9,20.9],[106.9,20.9],[106.9,20.9],[106.9,20.9]],[[107.5,20.8],[107.5,20.8],[107.6,21],[107.5,20.8]],[[106.9,21],[106.9,21],[106.9,21],[106.9,21]],[[107.5,20.9],[107.5,20.9],[107.5,21],[107.5,21],[107.5,21],[107.5,21],[107.5,21],[107.5,20.9]],[[106.8,21],[106.7,21],[106.7,21],[106.8,21]],[[107.7,20.9],[107.7,21],[107.8,21],[107.7,20.9]],[[107.5,20.9],[107.4,20.9],[107.5,20.9],[107.5,21],[107.6,21],[107.5,20.9]],[[107.9,21],[107.8,21],[107.8,21],[107.9,21]],[[107.6,21],[107.6,21],[107.6,21.1],[107.6,21]],[[107.5,21.1],[107.5,21.1],[107.5,21.1],[107.5,21.1]],[[107.4,21],[107.5,21.3],[107.6,21.2],[107.4,21]],[[107.7,21.3],[107.7,21.3],[107.8,21.4],[107.7,21.3]],[[108,21.4],[107.9,21.4],[107.8,21.4],[108,21.4]],[[105.6,23.1],[106.7,22.9],[106.7,22],[108,21.5],[107.4,21.3],[107.4,21],[107.2,20.9],[106.6,21],[106.8,20.7],[106,19.9],[105.6,19],[106.7,17.4],[108.8,15.4],[109.5,12.9],[109.1,12.4],[109.3,11.9],[109.2,12.1],[109,11.4],[108,10.7],[107.3,10.4],[107,10.7],[107,10.5],[106.9,10.6],[106.9,10.6],[106.9,10.6],[106.7,10.7],[106.8,10.6],[106.7,10.6],[106.7,10.5],[106.6,10.4],[106.7,10.5],[106.8,10.4],[106.8,10.3],[106.4,10.3],[106.8,10.1],[106.3,10.3],[106.6,9.8],[106.1,10.2],[106.5,9.6],[105.8,10],[106.2,9.4],[105,8.6],[104.7,8.6],[105.1,9.9],[104.4,10.4],[105.1,11],[106.2,10.8],[105.9,11.7],[106.5,11.7],[106.4,12],[107.5,12.4],[107.5,14.4],[107.5,14.7],[107.7,15.3],[107.2,15.8],[107.5,16.1],[106.7,16.5],[106.6,17],[105.2,18.3],[105.2,18.6],[103.9,19.3],[104,19.7],[104.6,19.6],[105,20],[104.4,20.4],[104.6,20.7],[104.1,21],[103.7,20.7],[103.2,20.8],[103,21.7],[102.7,21.7],[102.1,22.4],[102.5,22.8],[103,22.4],[103.3,22.8],[104,22.5],[105.4,23.3],[105.6,23.1]]]},"properties":{"iso2":"VN","name":"Vietnam"}},{"type":"Feature","geometry":{"type":"Polygon","coordinates":[[[-64.8,17.8],[-64.6,17.7],[-64.9,17.7],[-64.8,17.8]],[[-64.7,18.3],[-64.8,18.3],[-64.7,18.4],[-64.7,18.3]],[[-64.8,18.3],[-65,18.4],[-64.9,18.4],[-64.8,18.3]]]},"properties":{"iso2":"VI","name":"Virgin Islands"}},{"type":"Feature","geometry":{"type":"Polygon","coordinates":[[[23.3,-17.7],[23.5,-17.6],[25,-17.6],[25.3,-17.8],[24.4,-17.9],[23.6,-18.5],[23.3,-18],[21,-18.3],[21,-22],[20,-22],[20,-24.8],[20,-28.4],[19.1,-29],[18.2,-28.9],[17.4,-28.7],[17.1,-28],[16.5,-28.6],[15.3,-27.3],[14.5,-24.1],[14.5,-22.6],[11.8,-18.1],[11.8,-17.3],[13.2,-17],[14,-17.4],[18.5,-17.4],[18.9,-17.8],[20.9,-18],[23.3,-17.7]]]},"properties":{"iso2":"NA","name":"Namibia"}},{"type":"Feature","geometry":{"type":"Polygon","coordinates":[[[-178,-14.3],[-178.1,-14.3],[-178.2,-14.2],[-178,-14.3]],[[-176.2,-13.4],[-176.2,-13.2],[-176.1,-13.3],[-176.2,-13.4]]]},"properties":{"iso2":"WF","name":"Wallis and Futuna"}},{"type":"Feature","geometry":{"type":"Polygon","coordinates":[[[-171.4,-14],[-172.1,-13.9],[-171.8,-13.8],[-171.4,-14]],[[-172.3,-13.5],[-172.2,-13.8],[-172.8,-13.5],[-172.3,-13.5]]]},"properties":{"iso2":"WS","name":"Samoa"}},{"type":"Feature","geometry":{"type":"Polygon","coordinates":[[[30.9,-26.3],[31.3,-25.8],[32,-26],[32.1,-26.8],[32,-27.3],[31.2,-27.2],[30.8,-26.8],[30.9,-26.3]]]},"properties":{"iso2":"SZ","name":"Swaziland"}},{"type":"Feature","geometry":{"type":"Polygon","coordinates":[[[53.3,12.1],[53.3,12.1],[53.3,12.1],[53.3,12.1]],[[53.1,12.1],[53,12.2],[53.1,12.2],[53.1,12.1]],[[52.2,12.2],[52.4,12.2],[52.1,12.2],[52.2,12.2]],[[43.4,12.6],[43.4,12.7],[43.4,12.7],[43.4,12.6]],[[53.8,12.6],[54.5,12.6],[53.8,12.3],[53.3,12.5],[53.8,12.6]],[[42.8,13.7],[42.7,13.7],[42.8,13.8],[42.8,13.7]],[[42.8,13.9],[42.7,14],[42.8,14.1],[42.8,13.9]],[[42.6,15.3],[42.6,15.4],[42.6,15.5],[42.6,15.3]],[[52.2,15.7],[49.1,14.5],[48.7,14],[45.7,13.3],[45.1,12.8],[44,12.6],[43.5,12.7],[43.2,13.2],[42.7,15.2],[42.8,16.4],[43.2,16.7],[43.3,17.5],[44.5,17.4],[46.3,16.7],[46.3,15.6],[48.8,18.3],[52,19],[53.1,16.6],[52.3,16.3],[52.2,15.7]]]},"properties":{"iso2":"YE","name":"Yemen"}},{"type":"Feature","geometry":{"type":"Polygon","coordinates":[[[25,-17.6],[23.5,-17.6],[22,-16.2],[22,-13],[24,-13],[24,-10.9],[24.4,-11.5],[25.3,-11.2],[25.4,-11.6],[26,-11.9],[26.9,-12],[27.2,-11.6],[27.7,-12.3],[28.4,-12.5],[29,-13.4],[29.6,-13.2],[29.8,-13.5],[29.8,-12.2],[29.5,-12.5],[29,-12.4],[28.4,-11.6],[28.7,-10.7],[28.4,-9.3],[28.9,-8.5],[30.8,-8.2],[31,-8.6],[32.9,-9.4],[33.7,-10.6],[33.3,-10.9],[33.3,-12.1],[33.5,-12.4],[33,-12.6],[32.7,-13.6],[33.2,-14],[30.2,-15],[30.4,-15.6],[28.9,-16],[28.8,-16.6],[27.8,-17],[27,-18],[25.3,-17.8],[25,-17.6]]]},"properties":{"iso2":"ZM","name":"Zambia"}},{"type":"Feature","geometry":{"type":"Polygon","coordinates":[[[33,-17.3],[33.1,-18.3],[32.7,-18.9],[33,-19.9],[32.5,-20.6],[32.5,-21.3],[31.3,-22.4],[29.9,-22.2],[29.4,-22.2],[29.1,-21.8],[28,-21.6],[27.7,-20.5],[27.3,-20.5],[27.2,-20.1],[26.2,-19.5],[25.3,-17.8],[27,-18],[27.8,-17],[28.8,-16.6],[28.9,-16],[30.4,-15.6],[30.4,-16],[31.3,-16],[33,-16.7],[33,-17.3]]]},"properties":{"iso2":"ZW","name":"Zimbabwe"}},{"type":"Feature","geometry":{"type":"Polygon","coordinates":[[[121.9,-10.6],[121.7,-10.6],[122,-10.4],[121.9,-10.6]],[[123.2,-10.8],[122.8,-10.8],[123.4,-10.4],[123.2,-10.8]],[[123.4,-10.3],[123.3,-10.3],[123.5,-10.1],[123.4,-10.3]],[[120,-9.4],[120.8,-10],[120.7,-10.2],[120.2,-10.2],[118.9,-9.6],[120,-9.4]],[[125.2,-9.1],[125.1,-9.4],[124.4,-10.2],[123.5,-10.3],[124,-9.3],[124.3,-9.5],[124.4,-9.2],[124.9,-9],[125.2,-9.1]],[[115.6,-8.8],[115.5,-8.7],[115.5,-8.7],[115.6,-8.8]],[[119.7,-8.8],[119.6,-8.8],[119.6,-8.6],[119.7,-8.8]],[[123,-8.6],[123,-8.5],[123.2,-8.4],[123,-8.6]],[[119.5,-8.4],[119.6,-8.6],[119.4,-8.8],[119.5,-8.4]],[[113.4,-8.5],[113.3,-8.5],[113.3,-8.4],[113.4,-8.5]],[[124.3,-8.3],[124.1,-8.6],[123.9,-8.5],[124.3,-8.3]],[[123.8,-8.3],[123.2,-8.5],[123.9,-8.2],[123.8,-8.3]],[[123.3,-8.4],[123,-8.4],[123.2,-8.2],[123.3,-8.4]],[[128.2,-8.2],[128.2,-8.3],[128.1,-8.3],[128.2,-8.2]],[[116.5,-8.8],[115.8,-8.8],[116.4,-8.2],[116.7,-8.4],[116.5,-8.8]],[[127.7,-8.2],[127.6,-8.2],[127.8,-8.2],[127.7,-8.2]],[[129,-8.3],[128.8,-8.2],[129,-8.2],[129,-8.3]],[[117.5,-8.4],[117.5,-8.2],[117.7,-8.2],[117.5,-8.4]],[[138.9,-8.4],[138.5,-8.3],[138.8,-8.2],[138.9,-8.4]],[[118.3,-8.4],[118.6,-8.3],[118.7,-8.6],[119,-8.3],[119.2,-8.7],[118.5,-8.9],[118.4,-8.6],[118.2,-8.9],[116.8,-9],[117.1,-8.4],[118,-8.7],[118.3,-8.6],[117.7,-8.2],[118.3,-8.4]],[[123,-8.1],[122.8,-8.6],[121.8,-8.9],[119.8,-8.7],[120.5,-8.3],[122.3,-8.6],[123,-8.1]],[[124.6,-8.1],[125.1,-8.3],[124.4,-8.5],[124.6,-8.1]],[[125.6,-8.3],[125.5,-8.3],[125.6,-8.1],[125.6,-8.3]],[[119.1,-8.3],[119.1,-8.1],[119.1,-8.2],[119.1,-8.3]],[[115.5,-8.2],[115.7,-8.4],[115.1,-8.9],[114.4,-8.1],[115.5,-8.2]],[[127.8,-8.1],[128.1,-8.2],[128,-8.3],[127.8,-8.1]],[[130.8,-8.4],[131,-8.1],[131.2,-8.1],[130.8,-8.4]],[[127.2,-8.1],[127.2,-8.1],[127.2,-8],[127.2,-8.1]],[[129.8,-8.1],[129.6,-7.8],[129.8,-7.8],[129.8,-8.1]],[[126.7,-7.7],[125.8,-8],[126,-7.7],[126.7,-7.7]],[[131,-7.7],[131,-7.7],[131.1,-7.6],[131,-7.7]],[[127.4,-7.7],[127.4,-7.5],[127.5,-7.5],[127.4,-7.7]],[[139,-7.6],[138.4,-8.4],[137.6,-8.4],[138.2,-7.5],[139,-7.6]],[[130.9,-7.5],[131,-7.5],[130.8,-7.5],[130.9,-7.5]],[[131.1,-7.5],[131,-7.4],[131.2,-7.4],[131.1,-7.5]],[[121.8,-7.4],[121.8,-7.4],[121.8,-7.3],[121.8,-7.4]],[[121.1,-7.4],[121.1,-7.3],[121.2,-7.4],[121.1,-7.4]],[[131.3,-7.4],[131.2,-7.4],[131.3,-7.3],[131.3,-7.4]],[[120.9,-7.3],[121.1,-7.3],[120.8,-7.3],[120.9,-7.3]],[[131.7,-7.2],[131.1,-8],[131.2,-7.5],[131.7,-7.2]],[[131.9,-7.1],[132,-7.3],[131.7,-7.2],[131.9,-7.1]],[[114.4,-7.2],[114.3,-7.1],[114.4,-7.1],[114.4,-7.2]],[[128.6,-7.2],[128.5,-7.1],[128.6,-7.1],[128.6,-7.2]],[[120.7,-7.1],[120.7,-7.1],[120.6,-7],[120.7,-7.1]],[[114,-6.9],[113.5,-7.2],[112.7,-7.1],[114,-6.9]],[[115.3,-6.8],[115.6,-6.9],[115.3,-7],[115.3,-6.8]],[[138.7,-6.8],[138.8,-6.8],[138.6,-6.7],[138.7,-6.8]],[[131.6,-6.7],[131.6,-6.7],[131.5,-6.8],[131.6,-6.7]],[[134.7,-6.8],[134.6,-6.7],[134.7,-6.6],[134.7,-6.8]],[[105.2,-6.7],[105.1,-6.6],[105.3,-6.5],[105.2,-6.7]],[[134.7,-6.6],[134.7,-6.5],[134.7,-6.5],[134.7,-6.6]],[[134.6,-6.4],[134.5,-6.5],[134.3,-6.4],[134.6,-6.4]],[[134.8,-6.5],[134.8,-6.4],[134.9,-6.3],[134.8,-6.5]],[[134.3,-6.8],[134.1,-6.8],[134.1,-6.2],[134.5,-6.6],[134.3,-6.8]],[[134.2,-6],[134.4,-6.3],[134.1,-6.2],[134.2,-6]],[[134.7,-6],[134.6,-6.4],[134.3,-6.1],[134.7,-6]],[[106.2,-6],[108.3,-6.3],[108.7,-6.8],[110.4,-7],[110.9,-6.4],[111.2,-6.7],[112.6,-6.9],[112.8,-7.6],[114.4,-7.8],[114.4,-8.5],[114.6,-8.7],[113.2,-8.3],[111.7,-8.4],[109.3,-7.7],[108.2,-7.8],[106.4,-7.4],[106.5,-7],[105.2,-6.8],[106.2,-6]],[[124.1,-6],[124,-5.9],[124,-5.9],[124.1,-6]],[[120.5,-6.5],[120.5,-5.8],[120.6,-6],[120.5,-6.5]],[[104.8,-5.8],[104.8,-5.7],[104.8,-5.8],[104.8,-5.8]],[[112.7,-5.9],[112.6,-5.8],[112.6,-5.7],[112.7,-5.9]],[[132.7,-6],[132.7,-5.6],[132.8,-5.8],[132.7,-6]],[[132.8,-5.7],[132.7,-5.6],[132.8,-5.5],[132.8,-5.7]],[[132.3,-5.6],[132.3,-5.5],[132.4,-5.5],[132.3,-5.6]],[[123.8,-5.6],[123.7,-5.5],[123.8,-5.5],[123.8,-5.6]],[[134.6,-5.4],[134.7,-6],[134.3,-6],[134.2,-5.7],[134.6,-5.4]],[[102.4,-5.5],[102.1,-5.3],[102.4,-5.4],[102.4,-5.5]],[[132.8,-6],[133.2,-5.3],[133.1,-5.6],[132.8,-6]],[[123.6,-5.4],[123.5,-5.3],[123.6,-5.3],[123.6,-5.4]],[[122,-5.5],[121.8,-5.3],[121.9,-5.1],[122,-5.5]],[[115.8,-4.8],[115.9,-4.7],[115.9,-4.8],[115.8,-4.8]],[[131.7,-4.8],[131.7,-4.7],[131.8,-4.7],[131.7,-4.8]],[[122.7,-4.7],[122.6,-5.4],[122.3,-5.4],[122.4,-4.8],[122.7,-4.7]],[[129.9,-4.6],[129.9,-4.6],[129.9,-4.5],[129.9,-4.6]],[[129.9,-4.5],[129.9,-4.5],[129.9,-4.5],[129.9,-4.5]],[[123.2,-4.7],[123,-5.1],[123.2,-5.3],[122.7,-5.7],[122.9,-4.5],[123.2,-4.7]],[[131.7,-4.5],[131.6,-4.4],[131.7,-4.5],[131.7,-4.5]],[[133.6,-4.3],[133.6,-4.3],[133.3,-4.1],[133.6,-4.3]],[[131.3,-4.1],[131.3,-4.1],[131.3,-4.1],[131.3,-4.1]],[[123.1,-4],[123.2,-4.2],[123,-4.1],[123.1,-4]],[[101,-4],[101,-4],[101,-4],[101,-4]],[[131.2,-4],[131.2,-4],[131.2,-4],[131.2,-4]],[[131.4,-4.1],[131.4,-4],[131.4,-4],[131.4,-4.1]],[[134.2,-3.9],[134.2,-4],[134.1,-3.9],[134.2,-3.9]],[[127.2,-3.9],[127.1,-3.8],[127.2,-3.8],[127.2,-3.9]],[[128.8,-3.7],[128.7,-3.6],[128.8,-3.6],[128.8,-3.7]],[[123.1,-3.6],[123.1,-3.6],[123.1,-3.5],[123.1,-3.6]],[[128.4,-3.6],[128.4,-3.5],[128.6,-3.6],[128.4,-3.6]],[[122.4,-3.6],[122.3,-3.6],[122.3,-3.5],[122.4,-3.6]],[[128.3,-3.6],[127.9,-3.7],[128.3,-3.5],[128.3,-3.6]],[[128.7,-3.5],[128.7,-3.6],[128.6,-3.5],[128.7,-3.5]],[[132.7,-3.5],[132.6,-3.4],[132.7,-3.4],[132.7,-3.5]],[[122.4,-3.5],[122.4,-3.4],[122.5,-3.5],[122.4,-3.5]],[[116.4,-3.6],[116.3,-3.5],[116.4,-3.4],[116.4,-3.6]],[[127.6,-3.4],[127.5,-3.3],[127.6,-3.3],[127.6,-3.4]],[[116.1,-4],[116,-3.6],[116.3,-3.2],[116.1,-4]],[[127.8,-3.3],[127.6,-3.2],[127.8,-3.2],[127.8,-3.3]],[[100.5,-3.2],[100.5,-3.2],[100.5,-3.1],[100.5,-3.2]],[[127,-3.1],[127.2,-3.6],[126.7,-3.8],[126,-3.4],[126.1,-3.1],[127,-3.1]],[[127.9,-3],[127.8,-3],[128,-2.9],[127.9,-3]],[[106.9,-3],[106.7,-3],[106.8,-2.9],[106.9,-3]],[[129.8,-2.9],[130.6,-3.1],[130.8,-3.9],[129.9,-3.3],[128.9,-3.2],[128.5,-3.5],[128.2,-3.1],[127.9,-3.5],[128.2,-2.9],[129.8,-2.9]],[[107.4,-2.9],[107.4,-2.9],[107.5,-2.8],[107.4,-2.9]],[[107.1,-2.9],[107,-2.9],[107.1,-2.8],[107.1,-2.9]],[[100.5,-3.1],[100.5,-3.3],[100.2,-2.8],[100.5,-3.1]],[[131.6,-2.7],[131.6,-2.7],[131.7,-2.6],[131.6,-2.7]],[[107.8,-2.5],[108.3,-2.8],[108.1,-3.2],[107.6,-3.2],[107.8,-2.5]],[[100,-2.8],[100,-2.5],[100.2,-2.7],[100,-2.8]],[[133.6,-2.5],[133.5,-2.4],[133.6,-2.5],[133.6,-2.5]],[[99.7,-2.4],[99.7,-2.3],[99.7,-2.4],[99.7,-2.4]],[[134.6,-2.5],[134.5,-2.4],[134.6,-2.3],[134.6,-2.5]],[[123.2,-2.2],[123.2,-2.2],[123.2,-2.2],[123.2,-2.2]],[[123.4,-2.1],[123.4,-2.1],[123.5,-2.1],[123.4,-2.1]],[[99.9,-2.4],[99.6,-2.2],[99.6,-2],[99.9,-2.4]],[[123.9,-2.1],[123.8,-2.1],[123.9,-2],[123.9,-2.1]],[[134.4,-2.2],[134.3,-2.1],[134.4,-2],[134.4,-2.2]],[[123.8,-2],[123.8,-2],[123.8,-2],[123.8,-2]],[[126.1,-2.5],[125.9,-2.2],[125.9,-2],[126.1,-2.5]],[[124.4,-2],[124.3,-2],[124.4,-2],[124.4,-2]],[[123.5,-1.9],[123.5,-1.9],[123.5,-1.9],[123.5,-1.9]],[[123.5,-1.9],[123.5,-1.9],[123.5,-1.9],[123.5,-1.9]],[[123.7,-2],[123.7,-2],[123.7,-1.9],[123.7,-2]],[[123.7,-2],[123.7,-1.9],[123.7,-1.9],[123.7,-2]],[[123.7,-1.9],[123.7,-1.9],[123.7,-1.9],[123.7,-1.9]],[[123.8,-2],[123.8,-1.9],[123.9,-2],[123.8,-2]],[[123.8,-1.9],[123.8,-1.9],[123.8,-1.9],[123.8,-1.9]],[[123.4,-1.9],[123.4,-1.9],[123.4,-1.9],[123.4,-1.9]],[[125.4,-1.8],[126.3,-1.8],[125.5,-1.9],[125.4,-1.8]],[[99.3,-1.8],[99.3,-1.8],[99.3,-1.8],[99.3,-1.8]],[[123.1,-1.9],[123.1,-1.8],[123.2,-1.8],[123.1,-1.9]],[[134.2,-1.9],[134.2,-1.8],[134.2,-1.7],[134.2,-1.9]],[[125,-1.7],[125.3,-1.9],[124.3,-1.9],[125,-1.7]],[[108.7,-1.7],[108.7,-1.7],[108.8,-1.7],[108.7,-1.7]],[[130.2,-2.1],[129.7,-1.9],[130.4,-1.7],[130.2,-2.1]],[[123.3,-1.8],[123.3,-1.8],[123.4,-1.7],[123.3,-1.8]],[[136.3,-1.7],[136.9,-1.8],[135.4,-1.6],[136.3,-1.7]],[[108.8,-1.7],[108.8,-1.6],[108.9,-1.5],[108.8,-1.7]],[[106.1,-1.8],[106.3,-2.4],[106.8,-2.6],[106.6,-2.9],[106.7,-3.1],[106,-2.8],[105.7,-2.1],[105.1,-2.1],[105.6,-1.5],[106.1,-1.8]],[[135.1,-1.5],[135.3,-1.5],[135.1,-1.5],[135.1,-1.5]],[[127.9,-1.4],[128.1,-1.7],[127.4,-1.6],[127.9,-1.4]],[[127.3,-1.4],[127.3,-1.4],[127.4,-1.4],[127.3,-1.4]],[[109.1,-1.3],[109.1,-1.3],[109.2,-1.3],[109.1,-1.3]],[[123.2,-1.3],[123.5,-1.4],[122.9,-1.6],[122.9,-1.2],[123.2,-1.3]],[[127.6,-1.3],[127.5,-1.2],[127.6,-1.2],[127.6,-1.3]],[[109.2,-1.2],[109.2,-1.2],[109.3,-1.2],[109.2,-1.2]],[[129.9,-1.2],[129.7,-1.2],[129.9,-1.1],[129.9,-1.2]],[[109.6,-1],[109.8,-1.1],[109.4,-1.3],[109.5,-1],[109.6,-1]],[[98.9,-1],[99.2,-1.8],[98.6,-1.2],[98.9,-1]],[[134.9,-1.1],[134.8,-0.9],[135,-1],[134.9,-1.1]],[[130.9,-0.9],[131,-1.4],[130.6,-1],[130.9,-0.9]],[[130.9,-0.8],[130.4,-0.9],[130.5,-0.8],[130.9,-0.8]],[[135.5,-0.7],[136.4,-1.1],[135.9,-1.2],[135.5,-0.7]],[[127.3,-0.8],[127.2,-0.8],[127.2,-0.6],[127.3,-0.8]],[[98.5,-0.6],[98.5,-0.6],[98.5,-0.6],[98.5,-0.6]],[[130.6,-0.5],[130.5,-0.5],[130.7,-0.4],[130.6,-0.5]],[[121.9,-0.5],[121.6,-0.5],[121.7,-0.4],[121.9,-0.5]],[[104.2,-0.4],[104.2,-0.4],[104.2,-0.4],[104.2,-0.4]],[[133.1,-0.5],[134.1,-0.8],[134.2,-2.3],[134.5,-2.9],[134.6,-2.5],[135,-3.3],[135.5,-3.4],[136.4,-2.3],[137.2,-2.1],[137.1,-1.8],[137.9,-1.5],[141,-2.6],[141,-9.1],[140,-8.2],[140.1,-7.9],[138.9,-8.3],[139.1,-7.6],[138.7,-7.2],[139.2,-7.2],[138.6,-6.9],[139.2,-7],[138.7,-6.7],[138.1,-5.4],[134.6,-4.1],[135,-3.9],[134.2,-4],[133.6,-3.5],[133.8,-3],[133.4,-3.9],[132.9,-4.1],[132.8,-3.3],[132,-2.8],[132.7,-2.8],[133.2,-2.4],[133.7,-2.7],[133.9,-2.1],[132.3,-2.3],[131.9,-1.6],[131,-1.4],[131.3,-0.8],[132.3,-0.4],[133.1,-0.5]],[[133.6,-3.4],[133.6,-3.4],[133.6,-3.4],[133.6,-3.4]],[[104.5,-0.6],[104.3,-0.4],[104.5,-0.4],[104.5,-0.6]],[[122,-0.4],[121.9,-0.4],[122,-0.3],[122,-0.4]],[[127.6,-0.3],[127.8,-0.9],[127.3,-0.5],[127.6,-0.3]],[[104.4,-0.3],[104.4,-0.3],[104.5,-0.3],[104.4,-0.3]],[[122.1,-0.4],[122.1,-0.3],[122.1,-0.4],[122.1,-0.4]],[[127.2,-0.5],[127.1,-0.3],[127.2,-0.3],[127.2,-0.5]],[[98.5,-0.5],[98.3,-0.5],[98.4,-0.2],[98.5,-0.5]],[[103.6,-0.4],[103.5,-0.4],[103.5,-0.2],[103.8,-0.3],[103.6,-0.4]],[[122.4,-0.3],[122.2,-0.2],[122.3,-0.2],[122.4,-0.3]],[[122.2,-0.3],[122.1,-0.2],[122.2,-0.2],[122.2,-0.3]],[[103.6,-0.2],[103.5,-0.2],[103.5,-0.2],[103.6,-0.2]],[[104.7,-0.1],[104.9,-0.3],[104.4,-0.2],[104.7,-0.1]],[[121.6,-0.2],[121.6,-0.2],[121.6,-0.1],[121.6,-0.2]],[[97.9,-0.1],[97.8,-0.1],[97.9,-0.1],[97.9,-0.1]],[[104.9,-0.1],[104.8,-0.1],[104.8,0],[104.9,-0.1]],[[130.9,0],[131.3,-0.4],[130.7,-0.1],[130.9,-0.4],[130.2,-0.2],[130.9,0]],[[130.7,-0.3],[130.7,-0.3],[130.7,-0.3],[130.7,-0.3]],[[98.5,-0.4],[98.3,0],[98.4,-0.1],[98.5,-0.4]],[[129.6,-0.2],[129.3,0],[129.5,-0.1],[129.6,-0.2]],[[127.5,0],[127.4,0],[127.4,0.1],[127.5,0]],[[98.8,0.1],[98.5,0.1],[98.8,0.2],[98.8,0.1]],[[104.5,0],[104.4,0.1],[104.4,0.2],[104.5,0]],[[104.7,0],[104.5,0.2],[104.5,0.2],[104.7,0]],[[104.4,0.3],[104.3,0.4],[104.4,0.3],[104.4,0.3]],[[127.4,0.3],[127.3,0.3],[127.4,0.4],[127.4,0.3]],[[103.1,0.6],[103,0.7],[103.1,0.6],[103.1,0.6]],[[104.3,0.6],[104.2,0.7],[104.3,0.7],[104.3,0.6]],[[103.5,0.6],[103.5,0.6],[103.5,0.7],[103.5,0.6]],[[103.2,0.5],[103.2,0.7],[103.3,0.6],[103.2,0.5]],[[127.4,0.6],[127.4,0.8],[127.4,0.7],[127.4,0.6]],[[104.3,0.7],[104.2,0.8],[104.3,0.8],[104.3,0.7]],[[104.6,0.8],[104.5,0.8],[104.6,0.8],[104.6,0.8]],[[103.1,0.7],[103.1,0.8],[103.1,0.8],[103.1,0.7]],[[103.7,0.8],[103.7,0.8],[103.7,0.8],[103.7,0.8]],[[127.3,0.8],[127.3,0.9],[127.4,0.8],[127.3,0.8]],[[103.5,0.8],[103.4,0.9],[103.5,0.8],[103.5,0.8]],[[103.9,0.8],[103.8,0.9],[103.9,0.9],[103.9,0.8]],[[103.8,0.8],[103.7,0.9],[103.8,0.8],[103.8,0.8]],[[103.4,0.6],[103.4,0.9],[103.5,0.7],[103.4,0.6]],[[103.5,0.9],[103.4,0.9],[103.5,0.9],[103.5,0.9]],[[104.2,0.8],[104.2,0.8],[104.1,0.9],[104.2,0.8]],[[102.6,1],[103,0.7],[102.4,0.9],[102.6,1]],[[103.9,0.9],[103.8,1],[103.9,1],[103.9,0.9]],[[104.8,1],[104.8,1],[104.8,1],[104.8,1]],[[107.6,1],[107.6,1],[107.6,1],[107.6,1]],[[103,1],[103.1,0.8],[102.7,1.1],[103,1]],[[120.7,1],[120.6,1.1],[120.6,1.1],[120.7,1]],[[120.4,1],[120.4,1],[120.4,1.1],[120.4,1]],[[104.7,1],[104.6,0.8],[104.2,1.1],[104.7,1]],[[103.4,1],[103.3,1],[103.3,1.1],[103.4,1]],[[104,1],[103.9,1.1],[104.1,1.2],[104,1]],[[102.4,0.9],[102.2,1.4],[102.5,1.2],[102.4,0.9]],[[97.5,1.4],[97.9,1],[97.8,0.5],[97.1,1.4],[97.5,1.4]],[[125.2,1.4],[125.2,1.4],[125.3,1.5],[125.2,1.4]],[[102.5,1.4],[102.5,1.3],[102,1.6],[102.5,1.4]],[[98.6,1.6],[98.4,1.7],[98.6,1.7],[98.6,1.6]],[[125.1,1.4],[124.2,0.4],[120.2,0.3],[120.1,-0.6],[120.7,-1.4],[121.1,-1.4],[121.6,-0.8],[121.9,-1],[123.1,-0.6],[123.4,-0.8],[123.3,-1.1],[122.8,-0.9],[121.7,-1.9],[121.3,-1.8],[122.5,-3.2],[122.2,-3.6],[122.9,-4.4],[122.1,-4.5],[122.1,-4.8],[121.6,-4.7],[121.6,-4.1],[120.9,-3.5],[121.1,-2.8],[120.8,-2.6],[120.2,-3],[120.5,-5.6],[119.5,-5.6],[119.5,-3.5],[118.9,-3.6],[118.8,-2.8],[119.4,-1.9],[119.5,-0.9],[119.7,-0.7],[119.9,-0.8],[119.6,0],[119.8,-0.1],[120,0.7],[120.3,1],[120.6,0.8],[121,1.3],[123.8,0.8],[125,1.7],[125.1,1.4]],[[97.1,2],[97.1,2.1],[97.1,2.1],[97.1,2]],[[101.6,1.7],[101.4,2],[101.6,2.1],[101.6,1.7]],[[96.6,2.1],[96.6,2.1],[96.7,2.1],[96.6,2.1]],[[96.6,2.2],[96.6,2.2],[96.6,2.2],[96.6,2.2]],[[127.9,1.8],[127.8,0.8],[128.2,1.4],[128.7,1.6],[128.7,1.1],[128.2,0.8],[128.9,0.2],[127.9,0.3],[128.4,-0.9],[127.7,-0.2],[127.4,1.1],[128.1,2.2],[127.9,1.8]],[[97.3,2],[97.1,2.2],[97.3,2.2],[97.3,2]],[[127.8,2.2],[127.8,2.3],[127.8,2.3],[127.8,2.2]],[[118.6,2.3],[118.6,2.2],[118.6,2.3],[118.6,2.3]],[[125.4,2.3],[125.4,2.4],[125.5,2.4],[125.4,2.3]],[[128.2,2.3],[128.1,2.3],[128.2,2.4],[128.2,2.3]],[[109.1,2.5],[109,2.5],[109.1,2.5],[109.1,2.5]],[[128.5,2.1],[128.2,2.3],[128.6,2.6],[128.5,2.1]],[[125.4,2.6],[125.4,2.7],[125.4,2.8],[125.4,2.6]],[[106.2,2.7],[106.2,2.8],[106.2,2.8],[106.2,2.7]],[[96.4,2.3],[95.7,2.8],[95.9,2.9],[96.4,2.3]],[[108.8,2.8],[108.8,2.9],[108.9,3],[108.8,2.8]],[[107.8,3],[107.8,3],[107.8,3],[107.8,3]],[[105.7,2.8],[105.7,3.1],[105.8,3],[105.7,2.8]],[[106.3,3.2],[106.2,3.1],[106.2,3.2],[106.3,3.2]],[[117.5,3.3],[117.4,3.3],[117.5,3.3],[117.5,3.3]],[[106.3,3.2],[106.2,3.3],[106.3,3.4],[106.3,3.2]],[[117.7,3.3],[117.5,3.4],[117.7,3.4],[117.7,3.3]],[[117.6,3.5],[117.4,3.6],[117.6,3.5],[117.6,3.5]],[[117.4,3.6],[117.5,3.5],[117.2,3.5],[117.4,3.6]],[[117.9,3.5],[117.8,3.6],[117.9,3.5],[117.9,3.5]],[[125.9,3.4],[125.7,3.7],[125.9,3.5],[125.9,3.4]],[[117.8,3.7],[117.8,3.8],[117.8,3.8],[117.8,3.7]],[[126.8,3.7],[126.8,3.7],[126.7,3.8],[126.8,3.7]],[[117.8,3.8],[117.7,3.9],[117.8,3.9],[117.8,3.8]],[[126.7,3.8],[126.6,4],[126.7,3.9],[126.7,3.8]],[[117.7,4],[117.6,4.1],[117.8,4.1],[117.7,4]],[[117.9,4],[117.7,4.2],[117.7,4.2],[117.9,4.2],[117.9,4]],[[108.2,3.6],[108.2,4.2],[108.4,3.9],[108.2,3.6]],[[116,4.3],[117.6,4.2],[117.4,4.1],[117.8,3.7],[117,3.6],[117.4,3.4],[117.3,3.2],[118.1,2.3],[117.9,1.9],[119,1],[118.3,0.8],[117.9,1.1],[118,0.8],[117.5,0.1],[117.6,-0.8],[116.9,-1.3],[116.7,-1],[116.8,-1.4],[116.2,-1.8],[116.6,-2.2],[116,-3.6],[114.7,-4.2],[114.5,-3.5],[113.7,-3.5],[113.1,-3],[111.9,-3.6],[111.7,-2.7],[111.6,-3],[110.2,-3],[109.9,-1.8],[110.1,-1.3],[109.7,-1],[109.3,-0.9],[109.5,-0.7],[109.1,-0.5],[108.8,0.8],[109.3,1.4],[109,1.2],[109.1,1.5],[109.6,2.1],[109.7,1.6],[110.6,0.9],[111.8,1],[112.5,1.6],[113.7,1.2],[114.6,1.4],[114.8,2.2],[115.2,2.5],[115.1,2.9],[115.5,3],[115.7,4.2],[116,4.3]],[[117.3,-0.9],[117.3,-0.8],[117.3,-0.9],[117.3,-0.9]],[[126.8,4],[126.7,4.5],[126.9,4.3],[126.8,4]],[[125.5,4.7],[125.5,4.7],[125.5,4.7],[125.5,4.7]],[[108,4.7],[107.9,4.7],[108,4.8],[108,4.7]],[[95.7,5.6],[96.3,5.2],[97.5,5.2],[98.3,4.1],[100,2.9],[100,2.6],[100.2,2.7],[100.9,1.8],[100.8,2.2],[101.1,2.3],[102.4,0.8],[102.9,0.7],[103.1,0.4],[102.5,0.2],[103.4,0.5],[103.7,0.3],[103.8,0],[103.3,-0.3],[103.5,-0.2],[103.3,-0.4],[103.6,-0.4],[103.4,-0.7],[104.4,-1],[104.5,-1.9],[104.9,-2.1],[104.5,-2.8],[104.9,-2.3],[105.6,-2.4],[106.1,-3],[105.7,-5.9],[105.3,-5.4],[105.1,-5.8],[104.5,-5.5],[104.6,-5.9],[101.6,-3.2],[100.3,-0.8],[99.6,0.1],[99.1,0.3],[98.8,1.7],[97.8,2.3],[96.9,3.7],[95.5,4.7],[95.2,5.6],[95.7,5.6]],[[104.2,-1],[104.2,-1],[104.2,-1],[104.2,-1]],[[102.9,0.3],[102.9,0.3],[102.8,0.3],[102.9,0.3]],[[95.2,5.6],[95.1,5.6],[95.1,5.7],[95.2,5.6]],[[95.1,5.7],[95,5.7],[95.1,5.7],[95.1,5.7]],[[95.3,5.8],[95.2,5.9],[95.4,5.8],[95.3,5.8]]]},"properties":{"iso2":"ID","name":"Indonesia"}},{"type":"Feature","geometry":{"type":"Polygon","coordinates":[[[-61.2,15.9],[-61.3,15.9],[-61.3,16],[-61.2,15.9]],[[-61,16.3],[-61.1,16.3],[-61,16.3],[-61,16.3]],[[-61.3,16.3],[-61.7,15.9],[-61.8,16.3],[-61.3,16.3]],[[-62.8,17.9],[-62.9,17.9],[-62.8,17.9],[-62.8,17.9]]]},"properties":{"iso2":"GP","name":"Guadeloupe"}},{"type":"Feature","geometry":{"type":"Polygon","coordinates":[[[-68.2,12.2],[-68.3,12],[-68.4,12.3],[-68.2,12.2]],[[-69,12.2],[-69.2,12.4],[-68.7,12],[-69,12.2]],[[-63,17.5],[-63,17.5],[-62.9,17.5],[-63,17.5]]]},"properties":{"iso2":"AN","name":"Netherlands Antilles"}},{"type":"Feature","geometry":{"type":"Polygon","coordinates":[[[54,24.2],[53.6,24.2],[53.9,24.3],[54,24.2]],[[53.3,24.3],[53.2,24.3],[53.3,24.3],[53.3,24.3]],[[53.1,24.3],[53.1,24.3],[53.1,24.4],[53.1,24.3]],[[54.3,24.3],[54.2,24.3],[54.2,24.4],[54.3,24.3]],[[52.6,24.3],[52.6,24.3],[52.6,24.4],[52.6,24.3]],[[53.4,24.3],[53.4,24.4],[53.4,24.4],[53.4,24.3]],[[54.5,24.4],[54.3,24.5],[54.4,24.5],[54.5,24.4]],[[54.5,24.5],[54.5,24.5],[54.5,24.5],[54.5,24.5]],[[54.4,24.5],[54.4,24.5],[54.5,24.6],[54.4,24.5]],[[55.6,25.6],[55.6,25.6],[55.6,25.6],[55.6,25.6]],[[56.2,25.7],[56.3,25.6],[56.4,25],[56.1,24.7],[56,24.9],[55.8,24.6],[56,24.1],[55.5,24],[55.2,22.7],[52.6,22.9],[51.6,24.3],[52.1,24],[54.1,24.1],[54.4,24.3],[54.7,24.7],[55.9,25.7],[56.1,26.1],[56.2,25.7]]]},"properties":{"iso2":"AE","name":"United Arab Emirates"}},{"type":"Feature","geometry":{"type":"Polygon","coordinates":[[[124.4,-9.2],[124.3,-9.5],[124,-9.3],[124.4,-9.2]],[[127.3,-8.5],[125.1,-9.4],[125.2,-9.1],[124.9,-9],[125.8,-8.5],[127.3,-8.5]]]},"properties":{"iso2":"TL","name":"Timor-Leste"}},{"type":"Feature","geometry":{"type":"Polygon","coordinates":[[[-130.1,-25.1],[-130.1,-25.1],[-130.1,-25.1],[-130.1,-25.1]],[[-124.8,-24.7],[-124.8,-24.7],[-124.8,-24.7],[-124.8,-24.7]],[[-128.3,-24.4],[-128.3,-24.3],[-128.3,-24.3],[-128.3,-24.4]]]},"properties":{"iso2":"PN","name":"Pitcairn Islands"}},{"type":"Feature","geometry":{"type":"Polygon","coordinates":[[[132.2,5.3],[132.2,5.3],[132.2,5.3],[132.2,5.3]],[[134.2,6.9],[134.1,6.9],[134.2,6.9],[134.2,6.9]],[[134.3,7],[134.2,7],[134.3,7.1],[134.3,7]],[[134.4,7.1],[134.4,7.2],[134.4,7.2],[134.4,7.1]],[[134.4,7.2],[134.3,7.3],[134.4,7.3],[134.4,7.2]],[[134.5,7.4],[134.5,7.3],[134.4,7.3],[134.5,7.4]],[[134.6,7.4],[134.5,7.4],[134.6,7.7],[134.6,7.4]]]},"properties":{"iso2":"PW","name":"Palau"}},{"type":"Feature","geometry":{"type":"Polygon","coordinates":[[[168.1,5.6],[168.1,5.6],[168.1,5.6],[168.1,5.6]],[[168.1,5.6],[168.1,5.6],[168.1,5.7],[168.1,5.6]],[[171.8,6.1],[171.7,6.1],[171.7,6.1],[171.8,6.1]],[[172.1,6.2],[172.1,6.2],[172.1,6.2],[172.1,6.2]],[[171.9,7.1],[171.9,7.1],[171.9,7.1],[171.9,7.1]],[[168.8,7.3],[168.8,7.3],[168.7,7.3],[168.8,7.3]],[[168.6,7.4],[168.6,7.4],[168.6,7.5],[168.6,7.4]],[[169,7.6],[168.9,7.6],[169,7.6],[169,7.6]],[[168.3,7.7],[168.2,7.7],[168.2,7.8],[168.3,7.7]],[[167.7,8.7],[167.7,8.7],[167.7,8.7],[167.7,8.7]],[[170.8,8.9],[170.8,8.9],[170.8,8.9],[170.8,8.9]],[[165.5,9.2],[165.5,9.2],[165.5,9.2],[165.5,9.2]],[[166.8,9.3],[166.8,9.3],[166.8,9.3],[166.8,9.3]],[[170.2,9.5],[170.2,9.5],[170.2,9.6],[170.2,9.5]],[[170.2,9.6],[170.1,9.6],[170.2,9.6],[170.2,9.6]],[[170,10.4],[170,10.4],[169.9,10.5],[170,10.4]],[[166.9,11.1],[166.8,11.2],[166.9,11.2],[166.9,11.1]],[[169.9,11.2],[169.9,11.2],[169.9,11.2],[169.9,11.2]],[[162.3,11.4],[162.3,11.4],[162.3,11.4],[162.3,11.4]],[[167.5,11.4],[167.5,11.4],[167.5,11.4],[167.5,11.4]],[[165.6,11.6],[165.5,11.6],[165.5,11.6],[165.6,11.6]],[[165.3,11.7],[165.3,11.7],[165.3,11.7],[165.3,11.7]],[[169,14.6],[169,14.6],[169,14.6],[169,14.6]]]},"properties":{"iso2":"MH","name":"Marshall Islands"}},{"type":"Feature","geometry":{"type":"Polygon","coordinates":[[[-56.2,46.8],[-56.2,46.8],[-56.2,46.8],[-56.2,46.8]],[[-56.3,47],[-56.4,46.8],[-56.4,47.1],[-56.3,47]]]},"properties":{"iso2":"PM","name":"St. Pierre and Miquelon"}},{"type":"Feature","geometry":{"type":"Polygon","coordinates":[[[-9.9,-40.4],[-10,-40.3],[-10,-40.3],[-9.9,-40.4]],[[-12.2,-37.1],[-12.3,-37.1],[-12.3,-37.1],[-12.2,-37.1]],[[-5.7,-16],[-5.8,-16],[-5.7,-15.9],[-5.7,-16]],[[-14.4,-8],[-14.4,-7.9],[-14.3,-7.9],[-14.4,-8]]]},"properties":{"iso2":"SH","name":"St. Helena"}},{"type":"Feature","geometry":{"type":"Polygon","coordinates":[[[12.4,44],[12.5,44],[12.5,43.9],[12.4,44]]]},"properties":{"iso2":"SM","name":"San Marino"}},{"type":"Feature","geometry":{"type":"Polygon","coordinates":[[[-71.1,21.4],[-71.2,21.5],[-71.1,21.5],[-71.1,21.4]],[[-72.5,21.6],[-72.5,21.7],[-72.4,21.7],[-72.5,21.6]],[[-71.5,21.7],[-71.5,21.7],[-71.5,21.7],[-71.5,21.7]],[[-71.7,21.8],[-71.7,21.7],[-71.9,21.8],[-71.7,21.8]],[[-72.3,21.8],[-72.3,21.9],[-72.2,21.8],[-72.3,21.8]],[[-71.9,21.8],[-72,21.9],[-71.9,21.9],[-71.9,21.8]]]},"properties":{"iso2":"TC","name":"Turks and Caicos Islands"}},{"type":"Feature","geometry":{"type":"Polygon","coordinates":[[[-15.7,21.3],[-17,21.3],[-17.1,20.8],[-16.9,21.9],[-16.7,22.3],[-16.5,22.3],[-16.1,23.3],[-15.8,23.8],[-15.8,23.9],[-16,23.7],[-15.8,23.9],[-14.9,24.7],[-14.5,26.2],[-13.6,26.7],[-13.2,27.7],[-8.7,27.7],[-8.7,27.3],[-8.7,26],[-12,26],[-12,23.5],[-13.1,22.9],[-13,21.3],[-15.7,21.3]]]},"properties":{"iso2":"EH","name":"Western Sahara"}},{"type":"Feature","geometry":{"type":"Polygon","coordinates":[[[20.1,42.6],[20.3,42.9],[19.2,43.5],[19.5,43.7],[19.2,44],[19.6,44],[19.1,44.4],[19.4,44.9],[19,44.9],[19.4,45.2],[19,45.4],[18.8,45.9],[20.3,46.1],[21.5,45.2],[21.4,44.8],[22.1,44.5],[22.5,44.7],[22.8,44.6],[22.5,44.5],[22.7,44.2],[22.4,43.8],[23,43.2],[22.4,42.8],[22.4,42.3],[20.6,41.9],[20.1,42.6]]]},"properties":{"iso2":"RS","name":"Serbia"}},{"type":"Feature","geometry":{"type":"Polygon","coordinates":[[[12.4,41.9],[12.5,41.9],[12.5,41.9],[12.4,41.9]]]},"properties":{"iso2":"VA","name":"Vatican City"}},{"type":"Feature","geometry":{"type":"Polygon","coordinates":[[[-8.3,71],[-9.1,70.9],[-7.9,71.2],[-8.3,71]],[[19.2,74.4],[18.8,74.5],[19.3,74.5],[19.2,74.4]],[[25,76.5],[24.9,76.4],[25.6,76.7],[25,76.5]],[[23.3,77.3],[23.1,77.2],[23,77.3],[23.3,77.3]],[[23.3,78.2],[23.1,78],[24.9,77.7],[22.6,77.3],[22.4,77.4],[22.8,77.5],[20.9,77.5],[21.6,77.9],[20.9,78.1],[23.3,78.2]],[[21.5,78.6],[22,78.6],[22.3,78.3],[20.7,78.2],[20.1,78.5],[21.5,78.6]],[[26.8,78.7],[26.4,78.8],[27,78.7],[26.8,78.7]],[[11.3,78.6],[12.2,78.2],[10.5,78.9],[11.3,78.6]],[[29,78.9],[29.7,78.9],[28,78.9],[29,78.9]],[[30.2,79],[30.1,79],[30.3,79],[30.2,79]],[[21.2,79],[21,79],[20.9,79],[21.2,79]],[[20.8,79.1],[20,79],[20.2,79.1],[20.8,79.1]],[[20,79.2],[20,79.2],[20.2,79.3],[20,79.2]],[[20.1,79.4],[20.2,79.3],[19.6,79.4],[20.1,79.4]],[[10.9,79.7],[10.7,79.7],[11.1,79.7],[10.9,79.7]],[[11,79.7],[10.6,79.8],[10.8,79.8],[11,79.7]],[[16.8,79.9],[18.1,79.7],[17.6,79.4],[18.4,79.6],[18.9,79.2],[21.5,78.8],[19,78.5],[19.1,78.1],[18.4,78],[18.3,77.5],[17.7,77.5],[16.9,76.8],[17.2,76.7],[16.6,76.6],[15.5,76.9],[16.5,77],[14.5,77.2],[13.9,77.5],[16.2,77.4],[14.7,77.7],[17,77.9],[13.9,77.7],[13.6,78],[17.3,78.4],[16.3,78.5],[16.8,78.7],[15.5,78.5],[15.2,78.6],[15.4,78.8],[14.4,78.5],[14.7,78.4],[13,78.2],[12.4,78.5],[13.2,78.5],[11.3,79],[12.5,78.9],[11.8,79.1],[12.1,79.3],[11.2,79.1],[10.7,79.5],[13.8,79.9],[12.4,79.6],[13.5,79.6],[13.3,79.5],[14.1,79.3],[13.9,79.5],[14.6,79.8],[16.4,78.9],[15.6,79.8],[16.3,80.1],[16.8,79.9]],[[27.8,80.1],[27.7,80.1],[28.1,80.1],[27.8,80.1]],[[36.8,80.1],[36.6,80.2],[36.8,80.2],[36.8,80.1]],[[32.4,80.1],[31.4,80.1],[33.6,80.2],[32.4,80.1]],[[18.6,80.2],[18.1,80.3],[18.8,80.3],[18.6,80.2]],[[24.3,80.4],[24.1,80.4],[24.2,80.5],[24.3,80.4]],[[19.9,80.5],[21.9,80.3],[21.6,80.1],[22.2,80],[22.6,80.3],[22.4,80.4],[22.9,80.5],[23.4,80.4],[23.1,80.1],[24.8,80.4],[27.2,79.9],[23.5,79.2],[19.6,79.6],[22.3,79.8],[18.8,79.7],[18.2,79.9],[18.8,80],[17.8,80.1],[19.3,80.1],[19.6,80.2],[19,80.3],[19.8,80.2],[19.5,80.5],[19.9,80.5]],[[24.3,80.5],[24,80.5],[24.2,80.5],[24.3,80.5]],[[19.9,80.5],[19.8,80.5],[20.1,80.5],[19.9,80.5]],[[20.8,80.6],[20.5,80.7],[20.8,80.6],[20.8,80.6]],[[21.3,80.7],[21.4,80.7],[21,80.7],[21.3,80.7]],[[20.8,80.7],[20.5,80.8],[21,80.7],[20.8,80.7]]]},"properties":{"iso2":"SJ","name":"Jan Mayen"}},{"type":"Feature","geometry":{"type":"Polygon","coordinates":[[[-63,18.1],[-63,18.1],[-63.1,18.1],[-63,18.1]]]},"properties":{"iso2":"MF","name":"Saint Martin (French part)"}},{"type":"Feature","geometry":{"type":"Polygon","coordinates":[[[-63,18],[-63.1,18.1],[-63,18.1],[-63,18]]]},"properties":{"iso2":"BL","name":"Saint Barthélemy"}},{"type":"Feature","geometry":{"type":"Polygon","coordinates":[[[-2.6,49.4],[-2.7,49.4],[-2.5,49.5],[-2.6,49.4]]]},"properties":{"iso2":"GG","name":"Guernsey"}},{"type":"Feature","geometry":{"type":"Polygon","coordinates":[[[-2,49.2],[-2.2,49.2],[-2.2,49.3],[-2,49.2]]]},"properties":{"iso2":"JE","name":"Jersey"}},{"type":"Feature","geometry":{"type":"Polygon","coordinates":[[[-27.3,-59.4],[-27.3,-59.5],[-27.4,-59.4],[-27.3,-59.4]],[[-26.6,-59.1],[-26.7,-59],[-26.5,-59],[-26.6,-59.1]],[[-26.2,-58.4],[-26.2,-58.5],[-26.5,-58.4],[-26.2,-58.4]],[[-26.4,-57.8],[-26.5,-57.8],[-26.4,-57.7],[-26.4,-57.8]],[[-26.7,-57.1],[-26.7,-57.1],[-26.7,-57.1],[-26.7,-57.1]],[[-27.1,-56.7],[-27.2,-56.7],[-27.1,-56.7],[-27.1,-56.7]],[[-27.6,-56.3],[-27.6,-56.3],[-27.5,-56.3],[-27.6,-56.3]],[[-37,-54.5],[-37.1,-54.5],[-37.1,-54.5],[-37,-54.5]],[[-37.5,-54],[-36.3,-54.3],[-35.8,-54.8],[-36.1,-54.9],[-37.4,-54.3],[-37.2,-54.1],[-38,-54],[-37.5,-54]]]},"properties":{"iso2":"GS","name":"South Georgia and the South Sandwich Island"}},{"type":"Feature","geometry":{"type":"Polygon","coordinates":[[[121.6,22],[121.5,22.1],[121.5,22.1],[121.6,22]],[[119.7,23.5],[119.5,23.5],[119.6,23.6],[119.7,23.5]],[[118.2,24.4],[118.2,24.4],[118.2,24.4],[118.2,24.4]],[[118.4,24.4],[118.3,24.4],[118.4,24.5],[118.4,24.4]],[[121.7,25.1],[122,25],[121.8,24.5],[120.7,21.9],[120.1,23],[120.1,23.6],[121,25],[121.7,25.1]],[[119.9,26.1],[119.9,26.2],[120,26.2],[119.9,26.1]],[[120,26.2],[120,26.2],[120,26.2],[120,26.2]]]},"properties":{"iso2":"TW","name":"Taiwan"}},{"type":"Feature","geometry":{"type":"Polygon","coordinates":[[[23.9,8.7],[24.3,9],[24.6,9.8],[25.1,10.4],[25.7,10.4],[26.3,9.7],[27.7,9.6],[28,9.4],[28.6,9.4],[29.5,9.8],[29.8,10.3],[30.3,10.2],[30.9,9.7],[31.4,9.7],[32.4,10.7],[32.4,11.9],[32.8,12],[33,12.2],[33.4,12],[33.3,11.6],[33.2,11.2],[33.4,10.6],[33.8,10.4],[34.2,9.9],[34.1,8.6],[33.3,8.5],[33,7.9],[33.7,7.7],[34.7,6.7],[35.3,5.4],[35.8,5.3],[35.9,4.6],[34.4,4.6],[34,4.2],[33.5,3.8],[33,3.9],[32.2,3.5],[31.2,3.8],[30.9,3.5],[29.6,4.6],[28.4,4.3],[27.5,5],[27.5,5],[27.1,5.8],[26.4,6.1],[26.4,6.6],[25.2,7.5],[25.3,7.9],[24.2,8.3],[24.2,8.7],[23.9,8.7]]]},"properties":{"iso2":"SS","name":"South Sudan"}},{"type":"Feature","geometry":{"type":"Polygon","coordinates":[[[34.2,9.9],[33.8,10.4],[33.4,10.6],[33.2,11.2],[33.3,11.6],[33.4,12],[33,12.2],[32.8,12],[32.4,11.9],[32.4,10.7],[31.4,9.7],[30.9,9.7],[30.3,10.2],[29.8,10.3],[29.5,9.8],[28.6,9.4],[28,9.4],[27.7,9.6],[26.3,9.7],[25.7,10.4],[25.1,10.4],[24.6,9.8],[24.3,9],[23.9,8.7],[23.5,8.7],[23.7,9.9],[22.9,10.9],[22.5,12.6],[21.8,12.8],[22.3,13.4],[22.1,13.8],[22.6,14.1],[22.4,14.6],[22.9,15.1],[22.9,15.6],[24,15.7],[24,19.5],[24,20],[25,20],[25,22],[31.3,22],[31.3,22],[31.5,22.2],[31.5,22],[36.9,22],[37.3,21.1],[37.1,21.2],[37.4,18.9],[38.6,18],[37.4,17],[37,17.1],[37,16.3],[36.4,15.1],[36.5,14.3],[36.1,12.7],[35.7,12.7],[35.1,11.8],[34.9,10.7],[34.6,10.9],[34.3,10.6],[34.2,9.9]]]},"properties":{"iso2":"SD","name":"Sudan"}}]}